Rk,Player,School,Conf,G,RushAtt,RushYds,RushAvg,RushTD,Rec,RecYds,RecAvg,RecTD,Plays,TotalYds,YardsPerPlay,TotalTDs
1,Levron Williams,Indiana,Big Ten,11,118,817,6.9,4,33,360,10.9,3,151,1177,7.8,7
2,Scott McKay,Air Force,MWC,11,98,652,6.7,3,15,209,13.9,1,113,861,7.6,4
3,Bo Carroll,Florida,SEC,12,86,577,6.7,3,10,103,10.3,0,96,680,7.1,3
4,LaDainian Tomlinson,TCU,WAC,12,304,1974,6.5,20,16,84,5.3,0,320,2058,6.4,20
5,Chester Taylor,Toledo,MAC,11,182,1176,6.5,12,8,47,5.9,0,190,1223,6.4,12
6,Dan Alexander,Nebraska,Big 12,12,134,865,6.5,8,4,56,14.0,0,138,921,6.7,8
7,Jamel Patterson,Ohio,MAC,8,90,581,6.5,7,2,34,17.0,0,92,615,6.7,7
8,Delvon Flowers,Arizona State,Pac-10,12,80,512,6.4,5,6,105,17.5,1,86,617,7.2,6
9,Trung Canidate,Arizona,Pac-10,12,253,1602,6.3,11,30,253,8.4,1,283,1855,6.6,12
10,Travis Henry,Tennessee,SEC,11,125,790,6.3,8,3,3,1.0,0,128,793,6.2,8
11,Derrick Ward,Fresno State,WAC,12,132,824,6.2,6,,,,,132,824,6.2,6
12,Andre Kendrick,Virginia Tech,Big East,12,115,714,6.2,9,3,33,11.0,0,118,747,6.3,9
13,Lamont Jordan,Maryland,ACC,11,266,1632,6.1,16,19,208,10.9,1,285,1840,6.5,17
14,Ron Dayne,Wisconsin,Big Ten,12,337,2034,6.0,20,1,9,9.0,0,338,2043,6.0,20
15,Correll Buckhalter,Nebraska,Big 12,11,111,662,6.0,6,3,21,7.0,0,114,683,6.0,6
16,Clinton Portis,Miami (FL),Big East,10,143,838,5.9,8,4,44,11.0,2,147,882,6.0,10
17,Mike Green,Houston,CUSA,10,142,838,5.9,8,6,46,7.7,0,148,884,6.0,8
18,Raheem Lambert,Navy,Ind,12,133,790,5.9,6,,,,,133,790,5.9,6
19,Shaud Williams,Texas Tech,Big 12,10,112,658,5.9,7,6,54,9.0,0,118,712,6.0,7
20,Bobby Ray Tell,Louisiana Tech,Ind,9,94,552,5.9,5,16,103,6.4,1,110,655,6.0,6
21,Cliff Brye,Wyoming,MWC,11,76,451,5.9,4,14,184,13.1,0,90,635,7.1,4
22,Antwon McCray,Toledo,MAC,10,72,424,5.9,4,6,32,5.3,0,78,456,5.8,4
23,Cedric Cobbs,Arkansas,SEC,11,116,668,5.8,3,11,60,5.5,1,127,728,5.7,4
24,Avion Weaver,Hawaii,WAC,12,114,645,5.7,4,19,151,7.9,0,133,796,6.0,4
25,Leroy Bradley,Rice,WAC,11,88,503,5.7,0,1,23,23.0,1,89,526,5.9,1
26,Brandan Rooney,Army,CUSA,11,83,472,5.7,1,6,101,16.8,1,89,573,6.4,2
27,Kevin McDougal,Colorado State,MWC,10,207,1164,5.6,8,8,58,7.3,0,215,1222,5.7,8
28,Deonce Whitaker,San Jose State,WAC,9,137,769,5.6,10,16,138,8.6,1,153,907,5.9,11
29,Percy Coleman,UAB,CUSA,11,122,689,5.6,3,22,124,5.6,1,144,813,5.6,4
30,Earnest Graham,Florida,SEC,9,117,654,5.6,5,6,37,6.2,0,123,691,5.6,5
31,Frank Murphy,Kansas State,Big 12,7,97,541,5.6,6,6,39,6.5,0,103,580,5.6,6
32,Raynald Ray,Ohio,MAC,11,85,477,5.6,4,22,466,21.2,4,107,943,8.8,8
33,Robert Gillespie,Florida,SEC,9,84,471,5.6,8,12,156,13.0,0,96,627,6.5,8
34,Kenton Keith,New Mexico State,Big West,7,75,422,5.6,1,4,27,6.8,0,79,449,5.7,1
35,Demario Brown,Utah State,Big West,11,279,1536,5.5,14,26,282,10.8,1,305,1818,6.0,15
36,Frank Moreau,Louisville,CUSA,10,233,1289,5.5,17,38,285,7.5,0,271,1574,5.8,17
37,Robert Cooper,Cincinnati,CUSA,10,228,1245,5.5,7,22,180,8.2,2,250,1425,5.7,9
38,Deuce McAllister,Ole Miss,SEC,11,168,930,5.5,13,23,256,11.1,1,191,1186,6.2,14
39,Larry Ned,San Diego State,MWC,11,162,894,5.5,11,13,161,12.4,0,175,1055,6.0,11
40,Michael Wallace,Army,CUSA,11,163,894,5.5,10,,,,,163,894,5.5,10
41,John Mosley,Tulsa,WAC,11,160,873,5.5,5,7,38,5.4,0,167,911,5.5,5
42,Jamie Wilson,East Carolina,CUSA,11,156,865,5.5,7,28,266,9.5,1,184,1131,6.1,8
43,Thomas Jones,Virginia,ACC,11,334,1798,5.4,16,22,239,10.9,1,356,2037,5.7,17
44,Ketric Sanford,Houston,CUSA,11,224,1199,5.4,12,16,113,7.1,0,240,1312,5.5,12
45,Rocky Harvey,Illinois,Big Ten,12,143,774,5.4,7,16,243,15.2,2,159,1017,6.4,9
46,Edward Mack,UCF,Ind,11,86,461,5.4,5,4,46,11.5,0,90,507,5.6,5
47,Carl Fair,UAB,CUSA,6,75,405,5.4,3,8,62,7.8,1,83,467,5.6,4
48,Keeon Johnson,New Mexico State,Big West,11,71,385,5.4,4,2,15,7.5,0,73,400,5.5,4
49,Brian Allen,Stanford,Pac-10,11,115,604,5.3,4,4,39,9.8,0,119,643,5.4,4
50,Jarrod Baxter,New Mexico,MWC,11,84,446,5.3,4,7,61,8.7,0,91,507,5.6,4
51,Hodges Mitchell,Texas,Big 12,13,256,1343,5.2,9,32,343,10.7,1,288,1686,5.9,10
52,Joe Gunn,Ole Miss,SEC,12,187,978,5.2,5,9,164,18.2,2,196,1142,5.8,7
53,Michael Wiley,Ohio State,Big Ten,12,183,952,5.2,10,14,153,10.9,1,197,1105,5.6,11
54,Mike Thiessen,Air Force,MWC,9,160,827,5.2,8,,,,,160,827,5.2,8
55,Jonas Lewis,San Diego State,MWC,11,157,812,5.2,2,12,57,4.8,0,169,869,5.1,2
56,Michael Vick,Virginia Tech,Big East,12,131,682,5.2,9,,,,,131,682,5.2,9
57,Michael Moody,Idaho,Big West,11,125,651,5.2,2,11,104,9.5,1,136,755,5.6,3
58,Ken Simonton,Oregon State,Pac-10,12,294,1486,5.1,19,21,219,10.4,0,315,1705,5.4,19
59,Avon Cobourne,West Virginia,Big East,10,224,1138,5.1,10,16,126,7.9,0,240,1264,5.3,10
60,Robert Sanford,Western Michigan,MAC,12,221,1137,5.1,8,21,145,6.9,2,242,1282,5.3,10
61,Cedric Washington,Boston College,Big East,11,222,1122,5.1,7,29,178,6.1,0,251,1300,5.2,7
62,Jasper Sanks,Georgia,SEC,11,177,896,5.1,6,6,52,8.7,0,183,948,5.2,6
63,Dee Brown,Syracuse,Big East,11,145,741,5.1,4,13,52,4.0,0,158,793,5.0,4
64,Joe Hall,Kansas State,Big 12,9,121,613,5.1,6,3,39,13.0,0,124,652,5.3,6
65,T.J. Duckett,Michigan State,Big Ten,12,118,606,5.1,10,2,32,16.0,0,120,638,5.3,10
66,Joe Alls,Bowling Green State,MAC,11,117,592,5.1,4,6,59,9.8,0,123,651,5.3,4
67,Kris Briggs,SMU,WAC,10,102,522,5.1,6,4,20,5.0,0,106,542,5.1,6
68,Dontae Walker,Mississippi State,SEC,11,76,384,5.1,3,8,46,5.8,0,84,430,5.1,3
69,Shyrone Stith,Virginia Tech,Big East,12,237,1187,5.0,13,4,48,12.0,0,241,1235,5.1,13
70,Mike Anderson,Utah,MWC,10,195,977,5.0,10,3,40,13.3,1,198,1017,5.1,11
71,Lloyd Clemons,Michigan State,Big Ten,12,191,959,5.0,0,16,75,4.7,0,207,1034,5.0,0
72,Brian Madden,Navy,Ind,12,180,897,5.0,9,,,,,180,897,5.0,9
73,Tony Fisher,Notre Dame,Ind,12,156,783,5.0,5,18,296,16.4,2,174,1079,6.2,7
74,Eric McCoo,Penn State,Big Ten,12,148,739,5.0,4,22,249,11.3,1,170,988,5.8,5
75,Chad Brinker,Ohio,MAC,11,121,600,5.0,5,3,23,7.7,0,124,623,5.0,5
76,Moran Norris,Kansas,Big 12,12,107,537,5.0,8,10,64,6.4,1,117,601,5.1,9
77,Chris Barnes,New Mexico State,Big West,9,104,519,5.0,6,3,26,8.7,0,107,545,5.1,6
78,Mitch Bowles,Kansas,Big 12,12,89,444,5.0,2,13,50,3.8,0,102,494,4.8,2
79,Julius Jones,Notre Dame,Ind,12,75,375,5.0,3,3,90,30.0,0,78,465,6.0,3
80,J.R. Redmond,Arizona State,Pac-10,11,241,1174,4.9,12,15,100,6.7,1,256,1274,5.0,13
81,Chris Lemon,Nevada,Big West,11,238,1170,4.9,12,20,184,9.2,1,258,1354,5.2,13
82,Eric Crouch,Nebraska,Big 12,12,180,889,4.9,16,2,46,23.0,1,182,935,5.1,17
83,Lamont Zachery,Arkansas State,Big West,11,172,846,4.9,4,14,237,16.9,1,186,1083,5.8,5
84,Montrell Lowe,Purdue,Big Ten,12,173,841,4.9,5,4,22,5.5,0,177,863,4.9,5
85,Sean Gregory,Georgia Tech,ACC,11,172,837,4.9,13,12,150,12.5,0,184,987,5.4,13
86,Cortlen Johnson,Colorado,Big 12,10,172,835,4.9,8,18,168,9.3,0,190,1003,5.3,8
87,Billy Cockerham,Minnesota,Big Ten,12,168,831,4.9,10,,,,,168,831,4.9,10
88,Jared McGrath,Vanderbilt,SEC,11,118,575,4.9,1,12,76,6.3,0,130,651,5.0,1
89,Jamaal Fobbs,Oklahoma State,Big 12,11,110,544,4.9,2,19,172,9.1,1,129,716,5.6,3
90,Llow Turner,Marshall,MAC,12,97,476,4.9,3,17,146,8.6,1,114,622,5.5,4
91,Ira Gooch,Central Michigan,MAC,11,90,438,4.9,2,26,236,9.1,0,116,674,5.8,2
92,Michael Thornton,Oklahoma,Big 12,7,78,383,4.9,1,21,171,8.1,0,99,554,5.6,1
93,David Allen,Kansas State,Big 12,10,74,364,4.9,6,4,40,10.0,1,78,404,5.2,7
94,Darren Davis,Iowa State,Big 12,11,287,1388,4.8,14,21,160,7.6,2,308,1548,5.0,16
95,Joe Hamilton,Georgia Tech,ACC,11,154,734,4.8,6,,,,,154,734,4.8,6
96,Gerard Arnold,Memphis,CUSA,10,146,706,4.8,7,8,49,6.1,0,154,755,4.9,7
97,David Winbush,Kansas,Big 12,11,123,595,4.8,6,18,135,7.5,1,141,730,5.2,7
98,Afatia Thompson,Hawaii,WAC,12,90,435,4.8,3,26,212,8.2,0,116,647,5.6,3
99,Tony McCray,Akron,MAC,11,73,352,4.8,2,1,1,1.0,0,74,353,4.8,2
100,Travis Prentice,Miami (OH),MAC,11,354,1659,4.7,17,19,270,14.2,4,373,1929,5.2,21
101,William Andrews,Northern Illinois,MAC,11,240,1127,4.7,9,10,28,2.8,0,250,1155,4.6,9
102,Deon Burnett,Washington State,Pac-10,12,209,974,4.7,12,23,220,9.6,0,232,1194,5.1,12
103,Joe Igber,California,Pac-10,11,148,694,4.7,2,13,78,6.0,0,161,772,4.8,2
104,Jonathan Adams,Arkansas State,Big West,10,145,680,4.7,6,2,32,16.0,0,147,712,4.8,6
105,Jamison Palmer,Middle Tennessee State,Ind,11,117,548,4.7,9,27,231,8.6,0,144,779,5.4,9
106,Luke Staley,Brigham Young,MWC,8,92,432,4.7,10,26,339,13.0,3,118,771,6.5,13
107,Joe Sherrill,Ohio,MAC,10,87,410,4.7,4,2,18,9.0,0,89,428,4.8,4
108,Thomas Hamner,Minnesota,Big Ten,12,308,1426,4.6,10,21,305,14.5,3,329,1731,5.3,13
109,Shaun Alexander,Alabama,SEC,11,302,1383,4.6,19,25,323,12.9,4,327,1706,5.2,23
110,Paul Smith,UTEP,WAC,12,272,1258,4.6,12,7,84,12.0,1,279,1342,4.8,13
111,James Jackson,Miami (FL),Big East,9,169,782,4.6,9,13,133,10.2,1,182,915,5.0,10
112,Paris Gaines,Fresno State,WAC,12,143,662,4.6,3,37,312,8.4,4,180,974,5.4,7
113,Anthony White,Kentucky,SEC,11,121,562,4.6,5,56,469,8.4,3,177,1031,5.8,8
114,James Mungro,Syracuse,Big East,11,116,537,4.6,5,7,55,7.9,1,123,592,4.8,6
115,Rahsaan Sanders,Colorado State,MWC,11,102,468,4.6,4,10,43,4.3,0,112,511,4.6,4
116,Sultan McCullough,USC,Pac-10,12,90,413,4.6,1,1,6,6.0,0,91,419,4.6,1
117,Reuben Droughns,Oregon,Pac-10,12,277,1234,4.5,9,17,163,9.6,1,294,1397,4.8,10
118,Ladell Betts,Iowa,Big Ten,11,189,857,4.5,5,20,195,9.8,1,209,1052,5.0,6
119,Jamal Lewis,Tennessee,SEC,10,182,816,4.5,7,15,193,12.9,1,197,1009,5.1,8
120,Travis Minor,Florida State,ACC,11,180,815,4.5,7,16,102,6.4,0,196,917,4.7,7
121,Jeremi Rudolph,UNLV,MWC,10,155,693,4.5,4,12,74,6.2,1,167,767,4.6,5
122,Rahshon Spikes,North Carolina State,ACC,11,140,636,4.5,4,7,117,16.7,2,147,753,5.1,6
123,Kevan Barlow,Pitt,Big East,10,141,630,4.5,6,6,94,15.7,1,147,724,4.9,7
124,Anthony Thomas,Michigan,Big Ten,11,283,1257,4.4,16,29,166,5.7,0,312,1423,4.6,16
125,Chad Morton,USC,Pac-10,12,262,1141,4.4,15,17,79,4.6,0,279,1220,4.4,15
126,Travis Zachery,Clemson,ACC,11,185,820,4.4,16,17,186,10.9,3,202,1006,5.0,19
127,Steve Havard,Illinois,Big Ten,12,179,790,4.4,10,1,3,3.0,0,180,793,4.4,10
128,DeVaughn Black,Missouri,Big 12,10,169,740,4.4,2,4,36,9.0,0,173,776,4.5,2
129,Rodney Williams,Vanderbilt,SEC,11,148,644,4.4,8,16,172,10.8,1,164,816,5.0,9
130,Holmon Wiggins,New Mexico,MWC,11,138,601,4.4,5,2,37,18.5,1,140,638,4.6,6
131,Fahu Tahi,Brigham Young,MWC,11,102,445,4.4,2,10,72,7.2,0,112,517,4.6,2
132,Gavin Reed,Boise State,Big West,11,88,390,4.4,6,10,184,18.4,2,98,574,5.9,8
133,Tim Beasley,Wyoming,MWC,10,85,376,4.4,5,14,157,11.2,1,99,533,5.4,6
134,Daniel Davis,North Carolina,ACC,8,69,303,4.4,2,3,20,6.7,0,72,323,4.5,2
135,Ja'Quay Wilburn,North Texas,Big West,11,234,1016,4.3,2,10,35,3.5,0,244,1051,4.3,2
136,Anthony Tenner,Idaho,Big West,11,179,764,4.3,9,4,22,5.5,0,183,786,4.3,9
137,Mike Mitchell,Louisiana-Monroe,Ind,11,158,683,4.3,7,31,245,7.9,1,189,928,4.9,8
138,Willie Hurst,Washington,Pac-10,10,126,546,4.3,5,5,65,13.0,0,131,611,4.7,5
139,Nick Goings,Pitt,Big East,11,110,469,4.3,6,14,135,9.6,2,124,604,4.9,8
140,Keith Brown,UCLA,Pac-10,8,98,421,4.3,5,7,17,2.4,0,105,438,4.2,5
141,Walter Taylor,New Mexico State,Big West,11,77,333,4.3,2,1,7,7.0,0,78,340,4.4,2
142,Phillip Rogers,Georgia Tech,ACC,6,72,310,4.3,8,4,17,4.3,0,76,327,4.3,8
143,Morgan Kane,Wake Forest,ACC,11,275,1161,4.2,10,18,95,5.3,2,293,1256,4.3,12
144,Doug Chapman,Marshall,MAC,12,164,686,4.2,12,24,321,13.4,1,188,1007,5.4,13
145,Darrell Bush,Baylor,Big 12,11,162,682,4.2,2,14,116,8.3,0,176,798,4.5,2
146,Chante Murphy,Kent State,MAC,11,162,676,4.2,1,20,192,9.6,1,182,868,4.8,2
147,Josh Roth,Buffalo,MAC,11,124,519,4.2,3,16,103,6.4,0,140,622,4.4,3
148,Derrick Gordon,Buffalo,MAC,8,122,517,4.2,3,3,21,7.0,0,125,538,4.3,3
149,Brooks Bollinger,Wisconsin,Big Ten,12,109,454,4.2,6,,,,,109,454,4.2,6
150,Teofilo Riley,Memphis,CUSA,11,84,352,4.2,3,5,6,1.2,0,89,358,4.0,3
151,Cooper Rego,West Virginia,Big East,11,81,340,4.2,2,2,32,16.0,0,83,372,4.5,2
152,Brock Forsey,Boise State,Big West,12,75,313,4.2,2,7,125,17.9,2,82,438,5.3,4
153,Derrick Nix,Southern Mississippi,CUSA,11,255,1054,4.1,8,14,98,7.0,1,269,1152,4.3,9
154,Brandon Payne,Akron,MAC,11,208,845,4.1,13,16,114,7.1,0,224,959,4.3,13
155,Chad Richardson,Rice,WAC,11,203,831,4.1,11,,,,,203,831,4.1,11
156,Zain Gilmore,Missouri,Big 12,11,188,764,4.1,6,5,29,5.8,0,193,793,4.1,6
157,Brian Broadwater,Navy,Ind,12,154,626,4.1,8,,,,,154,626,4.1,8
158,Chrys Chukwuma,Arkansas,SEC,11,127,522,4.1,8,6,37,6.2,0,133,559,4.2,8
159,Toney Converse,Tulane,CUSA,7,89,366,4.1,4,9,57,6.3,0,98,423,4.3,4
160,Jamie Tyler,Rice,WAC,7,83,338,4.1,3,1,7,7.0,1,84,345,4.1,4
161,Leonard Henry,East Carolina,CUSA,11,77,312,4.1,1,8,64,8.0,0,85,376,4.4,1
162,Jon Jennings,Wyoming,MWC,9,69,284,4.1,4,15,183,12.2,1,84,467,5.6,5
163,Jeremi Johnson,Indiana,Big Ten,11,69,282,4.1,2,10,90,9.0,1,79,372,4.7,3
164,Woodrow Dantzler,Clemson,ACC,10,146,588,4.0,4,2,15,7.5,0,148,603,4.1,4
165,Ja'Mar Toombs,Texas A&M,Big 12,11,147,583,4.0,9,9,128,14.2,1,156,711,4.6,10
166,Sammy Morris,Texas Tech,Big 12,9,140,562,4.0,3,23,386,16.8,2,163,948,5.8,5
167,Maurice Shaw,Washington,Pac-10,9,110,440,4.0,6,7,60,8.6,0,117,500,4.3,6
168,Marcus Godfrey,Temple,Big East,11,84,332,4.0,2,37,175,4.7,1,121,507,4.2,3
169,Anthony Saunders,North Carolina,ACC,9,75,297,4.0,1,2,27,13.5,1,77,324,4.2,2
170,Eric Powell,Eastern Michigan,MAC,11,151,583,3.9,3,30,178,5.9,0,181,761,4.2,3
171,Davy Malaythong,Boise State,Big West,12,148,577,3.9,6,11,108,9.8,1,159,685,4.3,7
172,Marques Tuiasosopo,Washington,Pac-10,11,138,541,3.9,6,,,,,138,541,3.9,6
173,William Bratton,Toledo,MAC,10,126,486,3.9,4,1,8,8.0,0,127,494,3.9,4
174,Ray Robinson,North Carolina State,ACC,10,112,438,3.9,3,8,56,7.0,0,120,494,4.1,3
175,Terrance Williams,UCF,Ind,10,95,369,3.9,2,6,41,6.8,0,101,410,4.1,2
176,Scott Becker,Air Force,MWC,11,88,345,3.9,3,1,6,6.0,0,89,351,3.9,3
177,Tee Martin,Tennessee,SEC,11,81,317,3.9,9,,,,,81,317,3.9,9
178,Coury Hankins,UNLV,MWC,11,75,289,3.9,1,4,49,12.3,0,79,338,4.3,1
179,Eric Flowers,Central Michigan,MAC,8,200,766,3.8,11,7,18,2.6,0,207,784,3.8,11
180,Godfrey Lewis,Bowling Green State,MAC,10,132,500,3.8,6,7,30,4.3,0,139,530,3.8,6
181,Patrick Batteaux,TCU,WAC,11,98,370,3.8,2,2,24,12.0,0,100,394,3.9,2
182,Marcus Fields,California,Pac-10,9,98,368,3.8,1,11,165,15.0,1,109,533,4.9,2
183,Kerry Carter,Stanford,Pac-10,10,87,330,3.8,6,2,15,7.5,0,89,345,3.9,6
184,Ivory Bryant,Northern Illinois,MAC,10,85,325,3.8,4,6,39,6.5,0,91,364,4.0,4
185,Rashard Casey,Penn State,Big Ten,12,76,290,3.8,5,,,,,76,290,3.8,5
186,Damien Anderson,Northwestern,Big Ten,11,306,1128,3.7,3,16,184,11.5,0,322,1312,4.1,3
187,Darren Brister,Louisiana,Ind,11,195,729,3.7,4,10,83,8.3,0,205,812,4.0,4
188,Rondell Mealey,LSU,SEC,11,170,637,3.7,8,16,147,9.2,1,186,784,4.2,9
189,Nick Dunbar,Ball State,MAC,11,161,592,3.7,4,7,12,1.7,0,168,604,3.6,4
190,Rufus Brown,North Carolina,ACC,7,74,275,3.7,1,2,2,1.0,0,76,277,3.6,1
191,Dwayne Cherrington,Colorado,Big 12,9,73,270,3.7,2,8,67,8.4,0,81,337,4.2,2
192,Jacki Crooks,Rutgers,Big East,9,161,587,3.6,3,25,189,7.6,0,186,776,4.2,3
193,David Garrard,East Carolina,CUSA,11,138,493,3.6,8,,,,,138,493,3.6,8
194,Coy Wire,Stanford,Pac-10,11,88,317,3.6,4,4,32,8.0,0,92,349,3.8,4
195,Carlton Rowe,Boston College,Big East,11,73,262,3.6,4,14,165,11.8,0,87,427,4.9,4
196,Andrew Pinnock,South Carolina,SEC,8,73,261,3.6,3,2,2,1.0,0,75,263,3.5,3
197,Chris Leschber,Rice,WAC,8,69,245,3.6,1,2,24,12.0,0,71,269,3.8,1
198,Antwaan Randle El,Indiana,Big Ten,11,224,788,3.5,13,1,6,6.0,0,225,794,3.5,13
199,Derek Watson,South Carolina,SEC,10,111,394,3.5,0,10,55,5.5,0,121,449,3.7,0
200,Letavious Wilks,Duke,ACC,10,95,334,3.5,3,6,54,9.0,0,101,388,3.8,3
201,Derek Homer,Kentucky,SEC,11,94,332,3.5,3,19,108,5.7,0,113,440,3.9,3
202,Heath Evans,Auburn,SEC,11,93,330,3.5,2,8,96,12.0,0,101,426,4.2,2
203,B.J. Tiger,Oklahoma State,Big 12,11,73,259,3.5,2,,,,,73,259,3.5,2
204,Dontrell Jackson,Ohio,MAC,11,154,528,3.4,3,,,,,154,528,3.4,3
205,Rodnick Phillips,SMU,WAC,10,150,503,3.4,3,16,114,7.1,0,166,617,3.7,3
206,Andy Chance,Louisiana-Monroe,Ind,11,130,438,3.4,3,,,,,130,438,3.4,3
207,Deshaun Foster,UCLA,Pac-10,9,111,375,3.4,6,17,114,6.7,0,128,489,3.8,6
208,Ken Bohanon,Tulsa,WAC,10,88,299,3.4,9,5,37,7.4,0,93,336,3.6,9
209,Jarious Jackson,Notre Dame,Ind,12,140,464,3.3,7,,,,,140,464,3.3,7
210,Omar Bacon,Utah,MWC,11,125,415,3.3,3,2,-6,-3.0,0,127,409,3.2,3
211,Reggie Gage,Eastern Michigan,MAC,10,104,343,3.3,8,15,73,4.9,0,119,416,3.5,8
212,Booker Vann,Kent State,MAC,9,74,243,3.3,0,6,23,3.8,0,80,266,3.3,0
213,Jose Davis,Kent State,MAC,11,114,370,3.2,4,,,,,114,370,3.2,4
214,Calvin McCall,Maryland,ACC,9,79,256,3.2,1,1,0,0.0,0,80,256,3.2,1
215,Deon Dyer,North Carolina,ACC,11,73,233,3.2,2,7,55,7.9,1,80,288,3.6,3
216,Mark Henderson,Louisiana-Monroe,Ind,10,72,232,3.2,1,8,42,5.3,0,80,274,3.4,1
217,Bart Hendricks,Boise State,Big West,12,119,357,3.0,8,2,17,8.5,0,121,374,3.1,8
218,Duane Epperson,Duke,ACC,9,107,324,3.0,2,9,43,4.8,0,116,367,3.2,2
219,Quavis Tate,Ball State,MAC,9,104,317,3.0,2,9,28,3.1,0,113,345,3.1,2
220,Joe Gerena,Army,CUSA,9,149,427,2.9,7,,,,,149,427,2.9,7
221,K.C. Enzminger,New Mexico State,Big West,11,125,358,2.9,8,,,,,125,358,2.9,8
222,Steve Bellisari,Ohio State,Big Ten,12,116,332,2.9,2,1,28,28.0,0,117,360,3.1,2
223,Rusty Williams,Auburn,SEC,11,102,297,2.9,3,10,47,4.7,0,112,344,3.1,3
224,John Bernard,Louisiana,Ind,10,98,287,2.9,7,4,26,6.5,0,102,313,3.1,7
225,Sage Rosenfels,Iowa State,Big 12,11,80,225,2.8,4,,,,,80,225,2.8,4
226,Ben Sankey,Wake Forest,ACC,11,150,405,2.7,5,,,,,150,405,2.7,5
227,Nathan Simmons,Oklahoma State,Big 12,11,114,285,2.5,4,5,20,4.0,0,119,305,2.6,4
228,Quincy Carter,Georgia,SEC,11,102,255,2.5,5,,,,,102,255,2.5,5
229,Clifton Robinson,Auburn,SEC,10,91,227,2.5,1,16,79,4.9,1,107,306,2.9,2
230,Domonique Williams,North Carolina,ACC,11,74,183,2.5,0,1,5,5.0,0,75,188,2.5,0
231,Zak Kustok,Northwestern,Big Ten,7,92,209,2.3,2,,,,,92,209,2.3,2
232,Troy Nunes,Syracuse,Big East,11,69,157,2.3,3,,,,,69,157,2.3,3
233,Derek Dyer,Louisiana,Ind,10,108,241,2.2,4,,,,,108,241,2.2,4
234,Jonathan Beasley,Kansas State,Big 12,11,105,227,2.2,8,,,,,105,227,2.2,8
235,Tim Hasselbeck,Boston College,Big East,11,92,198,2.2,3,1,3,3.0,0,93,201,2.2,3
236,Drew Brees,Purdue,Big Ten,12,79,177,2.2,4,2,13,6.5,1,81,190,2.3,5
237,David Neill,Nevada,Big West,11,100,209,2.1,5,,,,,100,209,2.1,5
238,Richard Bridges,North Texas,Big West,10,77,152,2.0,2,,,,,77,152,2.0,2
239,Vic Penn,UCF,Ind,11,100,168,1.7,4,,,,,100,168,1.7,4
240,Madei Williams,Syracuse,Big East,11,76,129,1.7,2,,,,,76,129,1.7,2
241,Dylen Smith,Kansas,Big 12,12,97,151,1.6,2,,,,,97,151,1.6,2
242,Mike Moschetti,Colorado,Big 12,10,85,125,1.5,5,,,,,85,125,1.5,5
243,Jack Hawley,San Diego State,MWC,11,71,90,1.3,1,1,2,2.0,0,72,92,1.3,1
244,Wes Counts,Middle Tennessee State,Ind,11,91,81,0.9,3,2,40,20.0,0,93,121,1.3,3
245,Tony Lindsay,Oklahoma State,Big 12,6,69,58,0.8,3,,,,,69,58,0.8,3
246,Randy McCown,Texas A&M,Big 12,11,80,57,0.7,2,,,,,80,57,0.7,2
247,Butchie Washington,Akron,MAC,11,82,40,0.5,2,,,,,82,40,0.5,2
248,Daniel Dixon,UAB,CUSA,10,116,44,0.4,6,,,,,116,44,0.4,6
249,Jamie Barnette,North Carolina State,ACC,12,81,23,0.3,5,,,,,81,23,0.3,5
250,Brian Conn,Ball State,MAC,11,97,1,0.0,1,1,7,7.0,0,98,8,0.1,1
251,Josh McCown,SMU,WAC,10,69,-9,-0.1,1,,,,,69,-9,-0.1,1
252,Kevin Feterik,Brigham Young,MWC,11,88,-77,-0.9,1,,,,,88,-77,-0.9,1
253,Greg Zolman,Vanderbilt,SEC,11,79,-90,-1.1,5,2,63,31.5,1,81,-27,-0.3,6
254,Dusty Bonner,Kentucky,SEC,11,111,-141,-1.3,3,,,,,111,-141,-1.3,3
255,Chris Kasteler,San Jose State,WAC,10,66,-127,-1.9,0,,,,,66,-127,-1.9,0
