,Round,Pick,Team,Player,Position,Age,School,Year_x,Weight,40 Time,Vertical Jump,3 Cone,Shuttle,Height (in),PK,PK1,G,Completions,Attempts,CompletionPCT,PassYds,YardsPerAttempt,AdjustedYardsPerAttempt,PassingTDs,Int,EfficiencyRtg,RushAtt,RushYds,RushAvg,RushTD,Year_y,AdjustedYds,YPG,Last_Year,Conf,year_drafted,response
0,1,1,NWE,Drew Bledsoe,QB,21.0,Washington St.,1993,233.0,,32.5,,4.54,77.0,drew bledsoe+1993,,,,,,,,,,,,,,,,,,,,,,2.0
1,1,2,SEA,Rick Mirer,QB,23.0,Notre Dame,1993,216.0,,,,,74.0,rick mirer+1993,,,,,,,,,,,,,,,,,,,,,,3.0
2,3,58,RAI,Billy Joe Hobert,QB,22.0,Washington,1993,234.0,4.89,30.5,,4.29,74.6,billy joe hobert+1993,,,,,,,,,,,,,,,,,,,,,,
3,5,118,GNB,Mark Brunell,QB,22.0,Washington,1993,206.0,4.7,30.5,,4.19,73.0,mark brunell+1993,,,,,,,,,,,,,,,,,,,,,,
4,7,192,MIN,Gino Torretta,QB,23.0,Miami (FL),1993,219.0,,31.0,,,74.0,gino torretta+1993,,,,,,,,,,,,,,,,,,,,,,
5,8,216,PIT,Alex Van Pelt,QB,23.0,Pittsburgh,1993,212.0,4.97,30.5,,,72.0,alex van pelt+1993,,,,,,,,,,,,,,,,,,,,,,
6,8,219,SFO,Elvis Grbac,QB,23.0,Michigan,1993,232.0,4.81,31.5,,4.5,77.1,elvis grbac+1993,,,,,,,,,,,,,,,,,,,,,,
7,8,222,SDG,Trent Green,QB,23.0,Indiana,1993,211.0,4.92,32.5,,4.2,74.5,trent green+1993,,,,,,,,,,,,,,,,,,,,,,
8,1,3,WAS,Heath Shuler,QB,22.0,Tennessee,1994,221.0,,,,,74.0,heath shuler+1994,heath shuler+Tennessee,11.0,184.0,285.0,64.6,2354.0,8.259649122807017,8.8,25.0,8.0,157.3,46.0,73.0,1.6,3.0,1993.0,2508.0,214.0,1993.0,SEC,1994,3.0
9,1,6,TAM,Trent Dilfer,QB,22.0,Fresno St.,1994,228.0,,,,,75.3,trent dilfer+1994,trent dilfer+Fresno State,12.0,254.0,396.0,64.1,3799.0,9.593434343434344,10.5,30.0,5.0,167.2,40.0,-113.0,-2.8,1.0,1993.0,4158.0,316.5833333333333,1993.0,WAC,1994,3.0
10,4,111,ATL,Perry Klein,QB,23.0,C.W. Post,1994,214.0,4.84,32.5,,4.2,74.4,perry klein+1994,,,,,,,,,,,,,,,,,,,,,,
11,4,116,NOR,Doug Nussmeier,QB,23.0,Idaho,1994,211.0,4.88,33.0,,4.13,74.9,doug nussmeier+1994,,,,,,,,,,,,,,,,,,,,,,
12,6,178,PIT,Jim Miller,QB,23.0,Michigan St.,1994,227.0,5.13,24.5,,4.39,74.3,jim miller+1994,jim miller+Michigan State,12.0,215.0,336.0,64.0,2269.0,6.752976190476191,5.8,9.0,11.0,123.0,41.0,-160.0,-3.9,0.0,1993.0,1948.8,189.08333333333334,1993.0,Big Ten,1994,
13,7,197,WAS,Gus Frerotte,QB,23.0,Tulsa,1994,221.0,5.04,26.0,,4.79,75.0,gus frerotte+1994,gus frerotte+Tulsa,11.0,214.0,383.0,55.9,2871.0,7.496083550913838,6.8,21.0,15.0,129.1,73.0,10.0,0.1,1.0,1993.0,2604.4,261.0,1993.0,Ind,1994,3.0
14,7,198,NWE,Jay Walker,QB,22.0,Howard,1994,,,,,,,jay walker+1994,,,,,,,,,,,,,,,,,,,,,,
15,7,199,KAN,Steve Matthews,QB,23.0,Memphis,1994,208.0,,,,,74.9,steve matthews+1994,steve matthews+Memphis,9.0,166.0,273.0,60.8,1896.0,6.945054945054945,5.8,13.0,13.0,125.3,38.0,-176.0,-4.6,1.0,1993.0,1583.3999999999999,210.66666666666666,1993.0,Ind,1994,
16,7,208,NYJ,Glenn Foley,QB,23.0,Boston Col.,1994,212.0,,,,,72.8,glenn foley+1994,glenn foley+Boston College,11.0,222.0,363.0,61.2,3397.0,9.358126721763085,9.5,25.0,10.0,157.0,26.0,-44.0,-1.7,0.0,1993.0,3448.5,308.8181818181818,1993.0,Big East,1994,
17,1,3,HOU,Steve McNair,QB,22.0,Alcorn St.,1995,224.0,,,,,73.6,steve mcnair+1995,,,,,,,,,,,,,,,,,,,,,,3.0
18,1,5,CAR,Kerry Collins,QB,22.0,Penn St.,1995,240.0,,,,,77.0,kerry collins+1995,kerry collins+Penn State,22.0,303.0,514.0,117.5,4284.0,8.334630350194553,8.068093385214008,34.0,18.0,286.0,38.0,-11.0,-1.3,0.0,3987.0,4147.0,194.72727272727272,1994.0,Big Ten,1995,3.0
19,2,45,BUF,Todd Collins,QB,23.0,Michigan,1995,224.0,5.07,30.0,,4.34,76.6,todd collins+1995,todd collins+Michigan,24.0,375.0,584.0,128.5,5027.0,8.607876712328768,8.353424657534246,30.0,17.0,295.3,87.0,-124.0,-3.2,0.0,3987.0,4878.4,209.45833333333334,1994.0,Big Ten,1995,3.0
20,2,60,PIT,Kordell Stewart,QB,22.0,Colorado,1995,212.0,4.52,36.0,,4.13,73.5,kordell stewart+1995,kordell stewart+Colorado,22.0,304.0,531.0,115.4,4370.0,8.229755178907721,8.169491525423728,21.0,10.0,273.5,224.0,1163.0,10.3,13.0,3987.0,4338.0,198.63636363636363,1994.0,Big 8,1995,3.0
21,3,80,ARI,Stoney Case,QB,23.0,New Mexico,1995,206.0,4.83,30.5,,4.25,74.5,stoney case+1995,stoney case+New Mexico,23.0,410.0,713.0,115.2,5607.0,7.8639551192145865,7.698457223001403,39.0,20.0,273.1,266.0,861.0,6.4,25.0,3987.0,5489.0,243.7826086956522,1994.0,WAC,1995,
22,3,84,CLE,Eric Zeier,QB,23.0,Georgia,1995,208.0,,,,,72.5,eric zeier+1995,eric zeier+Georgia,22.0,528.0,858.0,123.1,6921.0,8.066433566433567,8.094405594405595,48.0,21.0,285.8,80.0,18.0,2.2,2.0,3987.0,6945.0,314.59090909090907,1994.0,SEC,1995,3.0
23,4,99,JAX,Rob Johnson,QB,22.0,USC,1995,223.0,,,,,75.3,rob johnson+1995,rob johnson+USC,24.0,494.0,725.0,136.0,6129.0,8.453793103448277,8.952275862068966,44.0,12.0,312.1,148.0,-440.0,-6.0,2.0,3987.0,6490.4,255.375,1994.0,Pac-10,1995,
24,4,111,MIN,Chad May,QB,,Kansas St.,1995,226.0,,,,,73.4,chad may+1995,chad may+Kansas State,22.0,385.0,688.0,112.0,5253.0,7.6351744186046515,7.59389534883721,34.0,16.0,263.7,128.0,-362.0,-5.7,10.0,3987.0,5224.6,238.77272727272728,1994.0,Big 8,1995,
25,4,119,PHI,Dave Barr,QB,23.0,California,1995,210.0,,,,,74.9,dave barr+1995,,,,,,,,,,,,,,,,,,,,,,
26,4,134,KAN,Steve Stenstrom,QB,23.0,Stanford,1995,199.0,5.08,28.0,,4.03,73.9,steve stenstrom+1995,steve stenstrom+Stanford,22.0,517.0,788.0,131.10000000000002,6449.0,8.184010152284264,8.138071065989847,43.0,20.0,294.9,113.0,-337.0,-5.9,3.0,3987.0,6412.799999999999,293.1363636363636,1994.0,Pac-10,1995,
27,5,160,GNB,Jay Barker,QB,,Alabama,1995,212.0,4.94,27.0,,4.31,74.4,jay barker+1995,jay barker+Alabama,12.0,139.0,226.0,61.5,1996.0,8.831858407079647,9.1,14.0,5.0,151.7,87.0,-143.0,-1.6,1.0,1994.0,2056.6,166.33333333333334,1994.0,SEC,1995,
28,6,191,CAR,Jerry Colquitt,QB,,Tennessee,1995,,,,,,,jerry colquitt+1995,,,,,,,,,,,,,,,,,,,,,,
29,6,197,SDG,Craig Whelihan,QB,24.0,Pacific,1995,,,,,,,craig whelihan+1995,craig whelihan+Pacific,18.0,294.0,574.0,102.9,3713.0,6.468641114982578,5.854355400696864,26.0,19.0,226.4,75.0,-74.0,-1.7,3.0,3987.0,3360.4,206.27777777777777,1994.0,Big West,1995,
30,7,213,CIN,John Walsh,QB,,BYU,1995,214.0,,,,,75.0,john walsh+1995,john walsh+Brigham Young,23.0,528.0,860.0,122.8,7439.0,8.65,8.453953488372093,57.0,29.0,299.3,160.0,-546.0,-6.800000000000001,3.0,3987.0,7270.4,323.4347826086956,1994.0,WAC,1995,
31,2,42,STL,Tony Banks,QB,23.0,Michigan St.,1996,220.0,4.93,,,4.55,76.5,tony banks+1996,tony banks+Michigan State,20.0,301.0,496.0,121.4,4129.0,8.324596774193548,7.255645161290323,20.0,21.0,271.5,139.0,-24.0,-0.9000000000000001,3.0,3989.0,3598.8,206.45,1995.0,Big Ten,1996,3.0
32,3,85,PHI,Bobby Hoying,QB,23.0,Ohio St.,1996,221.0,4.73,31.0,,4.16,75.3,bobby hoying+1996,bobby hoying+Ohio State,38.0,490.0,844.0,172.4,7174.0,8.5,8.007345971563982,56.0,34.0,421.0,163.0,-71.0,-2.5999999999999996,4.0,5982.0,6758.200000000001,188.78947368421052,1995.0,Big Ten,1996,
33,4,100,DEN,Jeff Lewis,QB,23.0,Northern Arizona,1996,215.0,,,,,73.8,jeff lewis+1996,,,,,,,,,,,,,,,,,,,,,,
34,4,130,NYG,Danny Kanell,QB,22.0,Florida St.,1996,222.0,,,,,75.4,danny kanell+1996,danny kanell+Florida State,22.0,484.0,782.0,123.6,5738.0,7.337595907928389,7.111253196930947,49.0,26.0,274.6,46.0,-168.0,-6.9,1.0,3989.0,5561.0,260.8181818181818,1995.0,ACC,1996,3.0
35,6,203,PIT,Spence Fischer,QB,,Duke,1996,,,,,,,spence fischer+1996,spence fischer+Duke,33.0,673.0,1172.0,172.3,7516.0,6.412969283276451,5.716211604095562,40.0,36.0,350.79999999999995,174.0,147.0,2.4,6.0,5982.0,6699.4,227.75757575757575,1995.0,ACC,1996,
36,6,205,IND,Mike Cawley,QB,,James Madison,1996,,,,,,,mike cawley+1996,,,,,,,,,,,,,,,,,,,,,,
37,7,238,BAL,Jon Stark,QB,,,1996,222.0,,,,,75.8,jon stark+1996,,,,,,,,,,,,,,,,,,,,,,
38,7,240,GNB,Kyle Wachholtz,QB,,USC,1996,233.0,5.14,25.0,,4.65,76.3,kyle wachholtz+1996,,,,,,,,,,,,,,,,,,,,,,
39,1,26,SFO,Jim Druckenmiller,QB,24.0,Virginia Tech,1997,234.0,,29.0,7.92,4.28,76.6,jim druckenmiller+1997,jim druckenmiller+Virginia Tech,22.0,293.0,544.0,108.19999999999999,4174.0,7.672794117647059,7.456985294117648,31.0,16.0,264.5,135.0,262.0,3.6999999999999997,0.0,3991.0,4056.6000000000004,189.72727272727272,1996.0,Big East,1997,4.0
40,2,42,ARI,Jake Plummer,QB,22.0,Arizona St.,1997,195.0,4.96,30.0,7.3,4.29,74.3,jake plummer+1997,jake plummer+Arizona State,42.0,613.0,1107.0,220.10000000000002,8626.0,7.7922312556458895,7.5846431797651315,64.0,34.0,532.8,289.0,-113.0,-2.1,5.0,7978.0,8396.2,205.38095238095238,1996.0,Pac-10,1997,3.0
41,4,99,NOR,Danny Wuerffel,QB,23.0,Florida,1997,212.0,4.9,28.0,7.69,4.42,73.8,danny wuerffel+1997,danny wuerffel+Florida,46.0,708.0,1170.0,242.59999999999997,10875.0,9.294871794871796,9.61923076923077,114.0,42.0,646.4,185.0,-375.0,-8.2,8.0,7978.0,11254.5,236.41304347826087,1996.0,SEC,1997,3.0
42,4,110,KAN,Pat Barnes,QB,22.0,California,1997,212.0,,,,,75.1,pat barnes+1997,pat barnes+California,23.0,447.0,782.0,113.9,6184.0,7.907928388746803,8.074168797953964,48.0,19.0,276.2,142.0,-243.0,-3.9,2.0,3991.0,6314.0,268.8695652173913,1996.0,Pac-10,1997,
43,6,171,NYG,Mike Cherry,QB,23.0,Murray St.,1997,222.0,5.11,28.5,7.8,4.38,75.9,mike cherry+1997,,,,,,,,,,,,,,,,,,,,,,
44,6,191,NYJ,Chuck Clements,QB,23.0,Houston,1997,211.0,4.98,31.5,7.69,4.36,74.6,chuck clements+1997,chuck clements+Houston,31.0,592.0,1030.0,171.0,6274.0,6.09126213592233,5.387669902912621,40.0,34.0,337.5,76.0,-175.0,-7.4,0.0,5984.0,5549.299999999999,202.38709677419354,1996.0,CUSA,1997,
45,7,204,ATL,Tony Graziani,QB,23.0,Oregon,1997,,,,,,,tony graziani+1997,,,,,,,,,,,,,,,,,,,,,,
46,7,207,PHI,Koy Detmer,QB,24.0,Colorado,1997,180.0,5.14,28.5,7.79,4.37,72.9,koy detmer+1997,koy detmer+Colorado,11.0,208.0,363.0,57.3,3156.0,8.694214876033058,8.4,22.0,12.0,143.7,36.0,-6.0,-0.2,3.0,1996.0,3049.2000000000003,286.90909090909093,1996.0,Big 12,1997,
47,7,234,BAL,Wally Richardson,QB,23.0,Penn St.,1997,221.0,4.95,31.0,7.97,4.47,76.4,wally richardson+1997,wally richardson+Penn State,23.0,338.0,614.0,109.6,3930.0,6.400651465798045,6.16384364820847,25.0,14.0,233.60000000000002,69.0,-219.0,-6.4,0.0,3991.0,3784.6000000000004,170.8695652173913,1996.0,Big Ten,1997,
48,7,237,SDG,Tony Corbin,QB,,Sacramento St.,1997,,,,,,,tony corbin+1997,,,,,,,,,,,,,,,,,,,,,,
49,7,240,GNB,Ron McAda,QB,,Army,1997,,,,,,,ron mcada+1997,,,,,,,,,,,,,,,,,,,,,,
50,1,1,IND,Peyton Manning HOF,QB,22.0,Tennessee,1998,,,,,,,peyton manning hof+1998,,,,,,,,,,,,,,,,,,,,,,
51,1,2,SDG,Ryan Leaf,QB,22.0,Washington St.,1998,261.0,,,,,77.4,ryan leaf+1998,ryan leaf+Washington State,23.0,421.0,783.0,107.4,6779.0,8.657726692209451,8.718518518518518,55.0,23.0,286.2,151.0,-184.0,-2.6,12.0,3993.0,6826.6,294.7391304347826,1997.0,Pac-10,1998,3.0
52,2,60,DET,Charlie Batch,QB,23.0,East. Michigan,1998,216.0,4.89,33.5,7.6,4.11,73.9,charlie batch+1998,charlie batch+Eastern Michigan,22.0,491.0,855.0,114.9,6457.0,7.552046783625731,7.10608187134503,44.0,28.0,262.5,146.0,162.0,2.2,4.0,3992.0,6075.700000000001,293.5,1997.0,MAC,1998,3.0
53,3,86,JAX,Jonathan Quinn,QB,23.0,Middle Tenn. St.,1998,,,,,,,jonathan quinn+1998,,,,,,,,,,,,,,,,,,,,,,3.0
54,3,91,DEN,Brian Griese,QB,23.0,Michigan,1998,,,,,,,brian griese+1998,brian griese+Michigan,22.0,293.0,492.0,118.1,3437.0,6.985772357723577,6.726016260162601,25.0,14.0,256.1,79.0,-70.0,-2.6999999999999997,4.0,3992.0,3309.2,156.22727272727272,1997.0,Big Ten,1998,
55,6,172,MIA,John Dutton,QB,,Nevada,1998,219.0,4.68,29.0,7.55,4.22,75.9,john dutton+1998,john dutton+Nevada,22.0,447.0,701.0,127.8,6276.0,8.952924393723253,9.380599144079884,42.0,12.0,310.5,71.0,-60.0,-2.2,2.0,3993.0,6575.799999999999,285.27272727272725,1997.0,Big West,1998,
56,6,187,GNB,Matt Hasselbeck,QB,22.0,Boston Col.,1998,,,,,,,matt hasselbeck+1998,matt hasselbeck+Boston College,21.0,359.0,635.0,113.4,4229.0,6.659842519685039,5.924409448818897,20.0,19.0,234.6,158.0,-190.0,-2.2,3.0,3993.0,3762.0,201.38095238095238,1997.0,Big East,1998,
57,7,232,CHI,Moses Moreno,QB,23.0,Colorado St.,1998,,,,,,,moses moreno+1998,moses moreno+Colorado State,34.0,449.0,767.0,175.3,6617.0,8.627118644067796,8.332594524119948,49.0,27.0,434.4,161.0,-254.0,-6.0,4.0,5988.0,6391.1,194.61764705882354,1997.0,WAC,1998,
58,1,1,CLE,Tim Couch,QB,22.0,Kentucky,1999,225.0,5.08,31.0,,4.34,76.1,tim couch+1999,tim couch+Kentucky,22.0,763.0,1100.0,138.7,8159.0,7.417272727272727,7.352454545454545,73.0,34.0,294.70000000000005,130.0,-249.0,-3.8,4.0,3995.0,8087.7,370.8636363636364,1998.0,SEC,1999,3.0
59,1,2,PHI,Donovan McNabb,QB,22.0,Syracuse,1999,223.0,4.64,33.0,7.3,4.38,74.3,donovan mcnabb+1999,donovan mcnabb+Syracuse,45.0,548.0,938.0,233.89999999999998,8389.0,8.943496801705757,9.353624733475481,77.0,26.0,620.3,465.0,1561.0,13.700000000000001,19.0,7986.0,8773.7,186.42222222222222,1998.0,Big East,1999,1.0
60,1,3,CIN,Akili Smith,QB,24.0,Oregon,1999,227.0,4.7,34.0,6.99,4.29,74.8,akili smith+1999,akili smith+Oregon,23.0,323.0,571.0,112.0,5148.0,9.015761821366025,9.428896672504377,45.0,15.0,293.9,171.0,367.0,4.300000000000001,6.0,3995.0,5383.9,223.82608695652175,1998.0,Pac-10,1999,3.0
61,1,11,MIN,Daunte Culpepper,QB,22.0,Central Florida,1999,255.0,4.52,39.0,7.21,4.13,75.8,daunte culpepper+1999,daunte culpepper+UCF,33.0,721.0,1097.0,195.7,9341.0,8.515041020966272,8.500091157702826,72.0,32.0,455.70000000000005,371.0,1003.0,7.6,19.0,5991.0,9324.6,283.06060606060606,1998.0,Ind,1999,
62,1,12,CHI,Cade McNown,QB,22.0,UCLA,1999,213.0,4.76,33.5,7.27,4.28,72.9,cade mcnown+1999,cade mcnown+UCLA,47.0,694.0,1250.0,220.8,10708.0,8.5664,8.176079999999999,68.0,41.0,548.7,313.0,577.0,7.8,16.0,7986.0,10220.099999999999,227.82978723404256,1998.0,Pac-10,1999,3.0
63,2,50,TAM,Shaun King,QB,22.0,Tulane,1999,221.0,4.77,33.0,,4.29,72.0,shaun king+1999,shaun king+Tulane,34.0,577.0,1002.0,170.4,7649.0,7.6337325349301395,7.825449101796408,70.0,27.0,408.3,323.0,1168.0,8.6,17.0,5991.0,7841.1,224.97058823529412,1998.0,CUSA,1999,2.0
64,3,77,SEA,Brock Huard,QB,23.0,Washington,1999,227.0,5.12,30.5,7.44,4.44,77.0,brock huard+1999,brock huard+Washington,30.0,422.0,776.0,162.89999999999998,5742.0,7.399484536082475,7.127577319587629,51.0,27.0,399.0,114.0,-39.0,-1.6,3.0,5991.0,5531.0,191.4,1998.0,Pac-10,1999,
65,4,101,STL,Joe Germaine,QB,24.0,Ohio St.,1999,211.0,4.8,32.0,7.18,4.21,73.3,joe germaine+1999,joe germaine+Ohio State,25.0,359.0,594.0,121.3,5177.0,8.715488215488216,8.917171717171716,41.0,16.0,302.5,94.0,-215.0,-5.3999999999999995,0.0,3995.0,5296.799999999999,207.08,1998.0,Big Ten,1999,
66,4,131,GNB,Aaron Brooks,QB,23.0,Virginia,1999,203.0,4.59,35.5,7.52,4.29,75.5,aaron brooks+1999,aaron brooks+Virginia,22.0,320.0,560.0,114.5,4601.0,8.216071428571428,8.075,32.0,16.0,279.4,169.0,482.0,5.7,10.0,3995.0,4522.0,209.13636363636363,1998.0,ACC,1999,
67,5,151,TEN,Kevin Daft,QB,,UC Davis,1999,203.0,4.91,32.5,7.39,4.37,73.8,kevin daft+1999,,,,,,,,,,,,,,,,,,,,,,
68,7,227,NWE,Michael Bishop,QB,23.0,Kansas St.,1999,205.0,4.85,33.0,7.63,4.62,73.0,michael bishop+1999,michael bishop+Kansas State,23.0,244.0,480.0,98.80000000000001,4401.0,9.16875,9.436458333333333,36.0,13.0,287.4,324.0,1314.0,8.1,23.0,3995.0,4529.5,191.34782608695653,1998.0,Big 12,1999,
69,7,239,ARI,Chris Greisen,QB,23.0,NW Missouri St.,1999,223.0,5.06,30.5,7.29,4.33,74.5,chris greisen+1999,,,,,,,,,,,,,,,,,,,,,,
70,7,245,CIN,Scott Covington,QB,23.0,Miami (FL),1999,219.0,4.67,34.0,7.62,4.42,74.1,scott covington+1999,scott covington+Miami (FL),11.0,159.0,270.0,58.9,2301.0,8.522222222222222,8.6,19.0,8.0,147.8,45.0,-192.0,-4.3,0.0,1998.0,2322.0,209.1818181818182,1998.0,Big East,1999,
71,1,18,NYJ,Chad Pennington,QB,24.0,Marshall,2000,229.0,4.81,33.5,7.12,4.16,75.0,chad pennington+2000,chad pennington+Marshall,38.0,848.0,1334.0,191.4,11446.0,8.580209895052473,9.16304347826087,107.0,30.0,474.70000000000005,168.0,61.0,1.0,4.0,5994.0,12223.5,301.2105263157895,1999.0,MAC,2000,
72,3,65,SFO,Giovanni Carmazzi,QB,,Hofstra,2000,224.0,4.74,36.5,6.94,4.23,75.0,giovanni carmazzi+2000,,,,,,,,,,,,,,,,,,,,,,
73,3,75,BAL,Chris Redman,QB,23.0,Louisville,2000,222.0,5.37,26.5,7.8,4.78,75.0,chris redman+2000,chris redman+Louisville,43.0,1031.0,1679.0,241.70000000000002,12541.0,7.469326980345444,7.070399047051817,84.0,51.0,527.3,167.0,-412.0,-10.0,3.0,7990.0,11871.2,291.6511627906977,1999.0,CUSA,2000,
74,5,163,PIT,Tee Martin,QB,22.0,Tennessee,2000,227.0,4.58,34.5,,,74.0,tee martin+2000,tee martin+Tennessee,23.0,318.0,572.0,111.4,4481.0,7.833916083916084,7.753496503496503,31.0,15.0,269.4,184.0,604.0,6.699999999999999,16.0,3997.0,4435.0,194.82608695652175,1999.0,SEC,2000,
75,6,168,NOR,Marc Bulger,QB,23.0,West Virginia,2000,208.0,4.97,,7.46,4.34,74.0,marc bulger+2000,,,,,,,,,,,,,,,,,,,,,,
76,6,183,CLE,Spergon Wynn,QB,22.0,Texas St.,2000,229.0,4.91,34.0,7.71,4.59,75.0,spergon wynn+2000,,,,,,,,,,,,,,,,,,,,,,4.0
77,6,199,NWE,Tom Brady,QB,23.0,Michigan,2000,211.0,5.28,24.5,7.2,4.38,76.0,tom brady+2000,tom brady+Michigan,23.0,380.0,618.0,122.9,4644.0,7.514563106796117,7.334142394822006,30.0,16.0,271.1,88.0,-136.0,-2.8,3.0,3997.0,4532.5,201.91304347826087,1999.0,Big Ten,2000,
78,6,202,WAS,Todd Husak,QB,22.0,Stanford,2000,216.0,5.2,27.5,7.17,4.41,75.0,todd husak+2000,todd husak+Stanford,21.0,409.0,755.0,109.2,5780.0,7.655629139072848,7.530331125827814,35.0,18.0,262.2,78.0,-63.0,-1.2999999999999998,3.0,3997.0,5685.4,275.23809523809524,1999.0,Pac-10,2000,
79,6,205,SDG,JaJuan Seider,QB,,Florida A&M,2000,,,,,,,jajuan seider+2000,,,,,,,,,,,,,,,,,,,,,,
80,7,212,SFO,Tim Rattay,QB,23.0,Louisiana Tech,2000,215.0,4.91,25.5,7.34,4.21,72.0,tim rattay+2000,tim rattay+Louisiana Tech,33.0,1015.0,1552.0,195.70000000000002,12746.0,8.212628865979381,8.655412371134021,115.0,35.0,461.80000000000007,153.0,-103.0,-2.8000000000000003,2.0,5994.0,13433.2,386.24242424242425,1999.0,Ind,2000,
81,7,214,DEN,Jarious Jackson,QB,23.0,Notre Dame,2000,226.0,4.68,,,,72.0,jarious jackson+2000,jarious jackson+Notre Dame,23.0,288.0,504.0,113.5,4493.0,8.91468253968254,8.322222222222221,30.0,20.0,289.8,253.0,905.0,7.199999999999999,10.0,3997.0,4194.4,195.34782608695653,1999.0,Ind,2000,
82,7,234,TAM,Joe Hamilton,QB,23.0,Georgia Tech,2000,192.0,4.81,,,,70.0,joe hamilton+2000,joe hamilton+Georgia Tech,43.0,629.0,1020.0,244.6,8882.0,8.707843137254901,8.279215686274512,65.0,39.0,579.1999999999999,501.0,1758.0,13.5,18.0,7990.0,8444.800000000001,206.5581395348837,1999.0,ACC,2000,
83,1,1,ATL,Michael Vick,QB,21.0,Virginia Tech,2001,210.0,4.33,,,,72.0,michael vick+2001,,,,,,,,,,,,,,,,,,,,,,1.0
84,2,32,SDG,Drew Brees,QB,22.0,Purdue,2001,213.0,4.83,32.0,7.09,4.21,72.0,drew brees+2001,drew brees+Purdue,37.0,1007.0,1635.0,184.6,11560.0,7.0703363914373085,6.961712538226299,90.0,44.0,401.09999999999997,243.0,891.0,10.5,12.0,5997.0,11382.4,312.43243243243245,2000.0,Big Ten,2001,
85,2,53,DAL,Quincy Carter,QB,23.0,Georgia,2001,225.0,4.58,35.5,7.12,4.12,74.0,quincy carter+2001,,,,,,,,,,,,,,,,,,,,,,3.0
86,2,59,OAK,Marques Tuiasosopo,QB,22.0,Washington,2001,223.0,4.71,35.5,7.36,4.35,73.0,marques tuiasosopo+2001,marques tuiasosopo+Washington,22.0,341.0,618.0,110.6,4367.0,7.066343042071197,6.334142394822006,26.0,22.0,243.10000000000002,264.0,935.0,7.0,12.0,3999.0,3914.5,198.5,2000.0,Pac-10,2001,
87,4,106,CAR,Chris Weinke,QB,29.0,Florida St.,2001,226.0,5.2,,,,76.0,chris weinke+2001,chris weinke+Florida State,33.0,643.0,1094.0,173.9,9757.0,8.918647166361975,9.080438756855576,77.0,31.0,449.7,108.0,-374.0,-10.3,2.0,5997.0,9934.0,295.6666666666667,2000.0,ACC,2001,3.0
88,4,109,WAS,Sage Rosenfels,QB,23.0,Iowa St.,2001,228.0,4.74,34.0,7.07,4.29,76.0,sage rosenfels+2001,sage rosenfels+Iowa State,22.0,299.0,568.0,105.7,4079.0,7.181338028169014,6.006866197183098,18.0,23.0,232.7,158.0,606.0,7.7,14.0,3999.0,3411.8999999999996,185.4090909090909,2000.0,Big 12,2001,
89,4,125,NYG,Jesse Palmer,QB,22.0,Florida,2001,231.0,4.78,35.5,7.13,4.29,74.0,jesse palmer+2001,jesse palmer+Florida,10.0,116.0,223.0,52.0,1653.0,7.4125560538116595,7.6,11.0,4.0,127.0,36.0,-51.0,-1.4,6.0,2000.0,1694.8,165.3,2000.0,SEC,2001,
90,5,149,DET,Mike McMahon,QB,22.0,Rutgers,2001,207.0,4.57,37.5,7.12,4.12,74.0,mike mcmahon+2001,mike mcmahon+Rutgers,30.0,416.0,828.0,150.6,5619.0,6.786231884057971,5.226086956521739,36.0,45.0,329.1,179.0,193.0,2.8,7.0,5995.0,4327.2,187.3,2000.0,Big East,2001,3.0
91,5,155,PHI,A.J. Feeley,QB,24.0,Oregon,2001,,,,,,,a.j. feeley+2001,,,,,,,,,,,,,,,,,,,,,,
92,6,172,SEA,Josh Booty,QB,,LSU,2001,221.0,4.9,29.5,7.54,4.48,74.0,josh booty+2001,josh booty+LSU,20.0,307.0,623.0,98.6,3951.0,6.341894060995185,4.649919743178169,24.0,34.0,210.7,53.0,-83.0,-3.1,0.0,3999.0,2896.8999999999996,197.55,2000.0,SEC,2001,
93,6,177,MIA,Josh Heupel,QB,,Oklahoma,2001,215.0,4.85,37.5,7.18,4.15,74.0,josh heupel+2001,josh heupel+Oklahoma,24.0,615.0,972.0,126.6,7066.0,7.269547325102881,6.945679012345678,50.0,30.0,270.3,130.0,69.0,-0.10000000000000009,12.0,3999.0,6751.2,294.4166666666667,2000.0,Big 12,2001,
94,1,1,HOU,David Carr,QB,23.0,Fresno St.,2002,223.0,4.67,35.0,7.05,4.28,75.0,david carr+2002,david carr+Fresno State,25.0,538.0,849.0,125.9,7177.0,8.453474676089517,8.883392226148409,64.0,20.0,301.3,159.0,147.0,1.9,9.0,4001.0,7542.0,287.08,2001.0,WAC,2002,3.0
95,1,3,DET,Joey Harrington,QB,23.0,Oregon,2002,215.0,4.89,32.0,7.0,4.21,76.0,joey harrington+2002,joey harrington+Oregon,24.0,428.0,769.0,111.6,5731.0,7.452535760728218,7.562678803641093,49.0,20.0,269.20000000000005,121.0,180.0,2.9,14.0,4001.0,5815.700000000001,238.79166666666666,2001.0,Pac-10,2002,3.0
96,1,32,WAS,Patrick Ramsey,QB,23.0,Tulane,2002,219.0,5.24,33.5,7.12,4.09,74.0,patrick ramsey+2002,patrick ramsey+Tulane,32.0,795.0,1350.0,176.4,9178.0,6.798518518518518,6.1357037037037045,71.0,51.0,378.79999999999995,148.0,-123.0,-2.2,4.0,6000.0,8283.2,286.8125,2001.0,CUSA,2002,3.0
97,3,81,ARI,Josh McCown,QB,23.0,Sam Houston St.,2002,221.0,4.59,38.5,6.85,3.9,76.0,josh mccown+2002,,,,,,,,,,,,,,,,,,,,,,
98,4,108,JAX,David Garrard,QB,24.0,East Carolina,2002,235.0,4.82,33.5,7.35,4.26,74.0,david garrard+2002,david garrard+East Carolina,44.0,666.0,1169.0,228.79999999999998,9029.0,7.723695466210437,7.236184773310522,60.0,39.0,530.3000000000001,516.0,1209.0,9.3,21.0,7998.0,8459.1,205.20454545454547,2001.0,CUSA,2002,2.0
99,4,117,NWE,Rohan Davey,QB,24.0,LSU,2002,245.0,4.74,,,,74.0,rohan davey+2002,rohan davey+LSU,12.0,217.0,367.0,59.1,3347.0,9.119891008174386,8.9,18.0,10.0,146.5,38.0,4.0,0.1,0.0,2001.0,3266.3,278.9166666666667,2001.0,SEC,2002,
100,5,137,CAR,Randy Fasani,QB,23.0,Stanford,2002,224.0,4.77,31.5,6.75,3.87,75.0,randy fasani+2002,,,,,,,,,,,,,,,,,,,,,,4.0
101,5,158,ATL,Kurt Kittner,QB,22.0,Illinois,2002,221.0,4.86,27.0,7.34,4.5,74.0,kurt kittner+2002,kurt kittner+Illinois,33.0,596.0,1067.0,168.0,7678.0,7.195876288659794,7.347422680412372,65.0,26.0,394.1,149.0,140.0,2.5,5.0,6000.0,7839.700000000001,232.66666666666666,2001.0,Big Ten,2002,
102,5,163,SFO,Brandon Doman,QB,,BYU,2002,210.0,4.81,32.5,6.9,4.08,74.0,brandon doman+2002,brandon doman+Brigham Young,13.0,261.0,408.0,64.0,3542.0,8.681372549019608,9.4,33.0,8.0,159.7,141.0,503.0,3.6,8.0,2001.0,3835.2000000000003,272.46153846153845,2001.0,MWC,2002,
103,5,164,GNB,Craig Nall,QB,23.0,LSU,2002,,,,,,,craig nall+2002,,,,,,,,,,,,,,,,,,,,,,
104,6,186,NOR,J.T. O'Sullivan,QB,23.0,UC Davis,2002,223.0,4.88,29.0,7.46,4.28,74.0,j.t. o'sullivan+2002,,,,,,,,,,,,,,,,,,,,,,
105,6,205,STL,Steve Bellisari,QB,,Ohio St.,2002,,,,,,,steve bellisari+2002,steve bellisari+Ohio State,33.0,362.0,719.0,150.7,5534.0,7.696801112656467,6.842837273991655,33.0,28.0,369.6,295.0,608.0,5.9,5.0,6000.0,4920.0,167.6969696969697,2001.0,Big Ten,2002,
106,7,216,SDG,Seth Burford,QB,,Cal Poly-San Luis Obispo,2002,,,,,,,seth burford+2002,,,,,,,,,,,,,,,,,,,,,,
107,7,232,SEA,Jeff Kelly,QB,23.0,Southern Miss,2002,,,,,,,jeff kelly+2002,jeff kelly+Southern Mississippi,33.0,565.0,963.0,176.0,7056.0,7.327102803738318,6.872170301142264,51.0,32.0,396.4,293.0,28.0,-0.5,8.0,6000.0,6617.9,213.8181818181818,2001.0,CUSA,2002,
108,7,236,BAL,Wes Pate,QB,,S.F. Austin,2002,,,,,,,wes pate+2002,,,,,,,,,,,,,,,,,,,,,,
109,1,1,CIN,Carson Palmer,QB,23.0,USC,2003,232.0,4.65,,,,77.0,carson palmer+2003,carson palmer+USC,50.0,888.0,1516.0,232.0,11328.0,7.472295514511873,7.0155013192612135,69.0,46.0,514.1,248.0,-199.0,-4.4,8.0,8001.0,10635.5,226.56,2002.0,Pac-10,2003,
110,1,7,JAX,Byron Leftwich,QB,23.0,Marshall,2003,241.0,4.85,,,,77.0,byron leftwich+2003,byron leftwich+Marshall,36.0,925.0,1418.0,195.5,11758.0,8.291960507757405,8.7163610719323,89.0,26.0,455.1,183.0,174.0,2.4,6.0,6003.0,12359.8,326.6111111111111,2002.0,MAC,2003,2.0
111,1,19,BAL,Kyle Boller,QB,22.0,California,2003,234.0,4.61,35.5,7.2,4.02,75.0,kyle boller+2003,kyle boller+California,43.0,622.0,1301.0,187.99999999999997,7980.0,6.133743274404305,5.44250576479631,64.0,48.0,422.3,275.0,-169.0,-2.8,6.0,8002.0,7080.7,185.58139534883722,2002.0,Pac-10,2003,3.0
112,1,22,CHI,Rex Grossman,QB,23.0,Florida,2003,217.0,5.06,,,,73.0,rex grossman+2003,rex grossman+Florida,35.0,677.0,1110.0,184.5,9164.0,8.255855855855856,8.17018018018018,77.0,36.0,454.1,119.0,-133.0,-3.7,6.0,6003.0,9068.9,261.8285714285714,2002.0,SEC,2003,
113,3,88,HOU,Dave Ragone,QB,23.0,Louisville,2003,249.0,4.99,30.5,7.42,4.36,76.0,dave ragone+2003,dave ragone+Louisville,36.0,684.0,1178.0,175.0,8557.0,7.264006791171477,7.418251273344652,74.0,29.0,407.3,324.0,566.0,5.1,9.0,6003.0,8738.7,237.69444444444446,2002.0,CUSA,2003,
114,3,97,TAM,Chris Simms,QB,23.0,Texas,2003,220.0,4.84,31.0,7.38,4.21,76.0,chris simms+2003,chris simms+Texas,25.0,449.0,758.0,118.4,5810.0,7.66490765171504,7.522427440633245,48.0,23.0,276.5,122.0,-134.0,-2.0,10.0,4003.0,5702.0,232.4,2002.0,Big 12,2003,
115,4,110,SEA,Seneca Wallace,QB,23.0,Iowa St.,2003,196.0,4.56,38.0,6.98,4.14,71.0,seneca wallace+2003,seneca wallace+Iowa State,25.0,411.0,712.0,117.2,5289.0,7.428370786516854,6.464466292134831,26.0,27.0,252.39999999999998,237.0,912.0,7.800000000000001,15.0,4003.0,4602.7,211.56,2002.0,Big 12,2003,
116,5,163,PIT,Brian St. Pierre,QB,23.0,Boston Col.,2003,,,,,,,brian st. pierre+2003,brian st. pierre+Boston College,24.0,386.0,686.0,111.6,4999.0,7.2871720116618075,6.74737609329446,43.0,27.0,262.5,135.0,343.0,5.1,1.0,4003.0,4628.7,208.29166666666666,2002.0,Big East,2003,
117,6,192,HOU,Drew Henson,QB,23.0,Michigan,2003,,,,,,,drew henson+2003,,,,,,,,,,,,,,,,,,,,,,
118,6,200,NYJ,Brooks Bollinger,QB,23.0,Wisconsin,2003,,,,,,,brooks bollinger+2003,brooks bollinger+Wisconsin,25.0,241.0,454.0,106.1,3237.0,7.129955947136564,7.093612334801762,24.0,11.0,250.5,317.0,925.0,5.8,14.0,4002.0,3220.5,129.48,2002.0,Big Ten,2003,
119,6,201,NWE,Kliff Kingsbury,QB,24.0,Texas Tech,2003,213.0,4.77,30.0,6.92,4.1,75.0,kliff kingsbury+2003,kliff kingsbury+Texas Tech,37.0,1206.0,1826.0,198.20000000000002,11937.0,6.53723986856517,6.592387732749179,91.0,39.0,397.5,246.0,-143.0,-1.6,4.0,6003.0,12037.7,322.6216216216216,2002.0,Big 12,2003,
120,7,232,WAS,Gibran Hamdan,QB,22.0,Indiana,2003,,,,,,,gibran hamdan+2003,gibran hamdan+Indiana,12.0,152.0,293.0,51.9,2115.0,7.2184300341296925,5.7,9.0,14.0,113.1,55.0,-52.0,-0.9,1.0,2002.0,1670.1000000000001,176.25,2002.0,Big Ten,2003,
121,7,241,SFO,Ken Dorsey,QB,22.0,Miami (FL),2003,208.0,4.7,,,,77.0,ken dorsey+2003,ken dorsey+Miami (FL),35.0,594.0,1033.0,172.8,8758.0,8.478218780251694,8.818586640851887,76.0,26.0,444.3,51.0,-59.0,-2.8,1.0,6003.0,9109.599999999999,250.22857142857143,2002.0,Big East,2003,
122,1,1,SDG,Eli Manning,QB,23.0,Mississippi,2004,221.0,4.9,,,,77.0,eli manning+2004,eli manning+Ole Miss,37.0,813.0,1330.0,183.9,9949.0,7.480451127819549,7.561954887218045,81.0,34.0,418.5,121.0,-139.0,-3.4000000000000004,5.0,6006.0,10057.4,268.8918918918919,2003.0,SEC,2004,2.0
123,1,4,NYG,Philip Rivers,QB,22.0,North Carolina St.,2004,229.0,5.08,,,,77.0,philip rivers+2004,philip rivers+North Carolina State,49.0,1087.0,1710.0,253.59999999999997,13484.0,7.885380116959064,8.095614035087719,95.0,34.0,572.5,252.0,96.0,1.4000000000000001,17.0,8006.0,13843.5,275.18367346938777,2003.0,ACC,2004,
124,1,11,PIT,Ben Roethlisberger,QB,22.0,Miami (OH),2004,241.0,4.75,,,,77.0,ben roethlisberger+2004,ben roethlisberger+Miami (OH),38.0,854.0,1304.0,195.7,10829.0,8.304447852760736,8.381211656441717,84.0,34.0,451.0,269.0,246.0,2.6,7.0,6006.0,10929.1,284.9736842105263,2003.0,MAC,2004,1.0
125,1,22,BUF,J.P. Losman,QB,23.0,Tulane,2004,224.0,4.73,33.0,,,74.0,j.p. losman+2004,j.p. losman+Tulane,25.0,481.0,823.0,116.9,5545.0,6.737545565006076,6.717861482381531,52.0,24.0,259.6,165.0,99.0,1.2,8.0,4005.0,5528.8,221.8,2003.0,CUSA,2004,3.0
126,3,90,ATL,Matt Schaub,QB,23.0,Virginia,2004,243.0,5.04,30.5,7.65,4.62,78.0,matt schaub+2004,matt schaub+Virginia,37.0,709.0,1061.0,196.90000000000003,7452.0,7.023562676720076,7.019698397737983,56.0,25.0,407.3,129.0,59.0,0.09999999999999987,5.0,6006.0,7447.9,201.40540540540542,2003.0,ACC,2004,4.0
127,4,106,CLE,Luke McCown,QB,23.0,Louisiana Tech,2004,208.0,4.71,37.5,6.74,4.21,76.0,luke mccown+2004,luke mccown+Louisiana Tech,35.0,819.0,1406.0,174.6,10122.0,7.199146514935989,6.64601706970128,66.0,47.0,383.1,219.0,94.0,1.0999999999999999,7.0,6006.0,9344.3,289.2,2003.0,WAC,2004,3.0
128,5,148,CHI,Craig Krenzel,QB,23.0,Ohio St.,2004,228.0,4.84,28.0,7.22,4.08,75.0,craig krenzel+2004,craig krenzel+Ohio State,25.0,301.0,527.0,114.4,4150.0,7.874762808349146,7.461480075901328,27.0,17.0,268.2,234.0,623.0,5.199999999999999,6.0,4005.0,3932.2,166.0,2003.0,Big Ten,2004,4.0
129,6,185,PHI,Andy Hall,QB,23.0,Delaware,2004,,,,,,,andy hall+2004,,,,,,,,,,,,,,,,,,,,,,
130,6,187,BAL,Josh Harris,QB,,Bowling Green,2004,238.0,4.78,31.0,,,73.0,josh harris+2004,josh harris+Bowling Green State,26.0,523.0,847.0,121.9,6238.0,7.364817001180637,7.199881936245573,46.0,23.0,269.1,401.0,1567.0,7.9,33.0,4005.0,6098.3,239.92307692307693,2003.0,MAC,2004,
131,6,193,IND,Jim Sorgi,QB,23.0,Wisconsin,2004,,,,,,,jim sorgi+2004,jim sorgi+Wisconsin,12.0,140.0,248.0,56.5,2251.0,9.076612903225806,8.8,17.0,9.0,148.1,67.0,-10.0,-0.1,2.0,2003.0,2182.4,187.58333333333334,2003.0,Big Ten,2004,4.0
132,6,201,STL,Jeff Smoker,QB,,Michigan St.,2004,223.0,4.95,26.5,7.65,4.36,75.0,jeff smoker+2004,jeff smoker+Michigan State,33.0,571.0,947.0,177.6,7339.0,7.74973600844773,7.37117212249208,48.0,29.0,408.6,217.0,-179.0,-2.6,7.0,6004.0,6980.5,222.3939393939394,2003.0,Big Ten,2004,
133,7,202,ARI,John Navarre,QB,23.0,Michigan,2004,246.0,5.19,26.5,7.73,4.46,78.0,john navarre+2004,john navarre+Michigan,37.0,704.0,1250.0,168.39999999999998,8431.0,6.7448,6.706239999999999,62.0,29.0,372.1,133.0,-207.0,-4.5,2.0,6006.0,8382.8,227.86486486486487,2003.0,Big Ten,2004,
134,7,217,SFO,Cody Pickett,QB,24.0,Washington,2004,233.0,4.79,30.5,7.19,4.3,75.0,cody pickett+2004,cody pickett+Washington,35.0,791.0,1367.0,172.3,9904.0,7.245062179956109,6.70256035113387,53.0,41.0,374.4,249.0,-186.0,-2.3,11.0,6006.0,9162.4,282.9714285714286,2003.0,Pac-10,2004,
135,7,218,CIN,Casey Bramlet,QB,,Wyoming,2004,,,,,,,casey bramlet+2004,casey bramlet+Wyoming,35.0,743.0,1321.0,168.5,9396.0,7.1127933383800155,6.330355791067374,55.0,47.0,367.6,288.0,-87.0,-0.8999999999999999,14.0,6006.0,8362.400000000001,268.45714285714286,2003.0,MWC,2004,
136,7,225,DEN,Matt Mauck,QB,25.0,LSU,2004,228.0,4.79,,,,74.0,matt mauck+2004,matt mauck+LSU,14.0,229.0,358.0,64.0,2825.0,7.891061452513966,7.7,28.0,14.0,148.2,79.0,97.0,1.2,1.0,2003.0,2756.6,201.78571428571428,2003.0,SEC,2004,
137,7,248,HOU,B.J. Symons,QB,,Texas Tech,2004,210.0,4.9,,,,72.0,b.j. symons+2004,b.j. symons+Texas Tech,13.0,470.0,719.0,65.4,5833.0,8.112656467315716,8.2,52.0,22.0,151.3,79.0,143.0,1.8,5.0,2003.0,5895.799999999999,448.6923076923077,2003.0,Big 12,2004,
138,7,250,DEN,Bradlee Van Pelt,QB,24.0,Colorado St.,2004,231.0,4.98,33.5,6.89,4.11,74.0,bradlee van pelt+2004,bradlee van pelt+Colorado State,38.0,424.0,778.0,161.4,6165.0,7.9241645244215935,7.127892030848329,37.0,30.0,378.7,420.0,2274.0,16.3,25.0,6006.0,5545.5,162.23684210526315,2003.0,MWC,2004,
139,1,1,SFO,Alex Smith,QB,21.0,Utah,2005,217.0,4.71,32.0,6.82,3.96,76.0,alex smith+2005,alex smith+Utah,23.0,387.0,583.0,132.5,5199.0,8.917667238421956,10.024356775300173,47.0,7.0,328.8,284.0,1083.0,7.7,15.0,4007.0,5844.200000000001,226.04347826086956,2004.0,MWC,2005,3.0
140,1,24,GNB,Aaron Rodgers,QB,21.0,California,2005,223.0,4.71,34.5,7.38,,74.0,aaron rodgers+2005,aaron rodgers+California,25.0,424.0,665.0,127.69999999999999,5469.0,8.22406015037594,8.657443609022557,43.0,13.0,300.9,160.0,336.0,4.1,8.0,4007.0,5757.200000000001,218.76,2004.0,Pac-10,2005,
141,1,25,WAS,Jason Campbell,QB,23.0,Auburn,2005,230.0,4.71,,,,77.0,jason campbell+2005,jason campbell+Auburn,26.0,369.0,563.0,131.39999999999998,4967.0,8.822380106571936,8.686678507992896,30.0,15.0,305.5,131.0,29.0,0.5,4.0,4007.0,4890.6,191.03846153846155,2004.0,SEC,2005,
142,3,67,CLE,Charlie Frye,QB,24.0,Akron,2005,225.0,4.79,33.0,6.94,4.08,76.0,charlie frye+2005,charlie frye+Akron,46.0,913.0,1436.0,253.0,11049.0,7.694289693593315,7.597005571030642,64.0,32.0,549.5,375.0,429.0,4.1000000000000005,19.0,8010.0,10909.300000000001,240.19565217391303,2004.0,MAC,2005,3.0
143,3,69,OAK,Andrew Walter,QB,23.0,Arizona St.,2005,233.0,4.86,,,,78.0,andrew walter+2005,andrew walter+Arizona State,37.0,739.0,1330.0,166.5,10071.0,7.57218045112782,7.673759398496241,82.0,34.0,402.79999999999995,147.0,-453.0,-9.6,0.0,6009.0,10206.1,272.18918918918916,2004.0,Pac-10,2005,
144,3,85,SEA,David Greene,QB,,Georgia,2005,226.0,4.78,31.5,7.0,4.1,75.0,david greene+2005,david greene+Georgia,51.0,849.0,1440.0,235.60000000000002,11528.0,8.005555555555556,7.987916666666667,72.0,32.0,557.5,204.0,-258.0,-5.3999999999999995,5.0,8010.0,11502.6,226.0392156862745,2004.0,SEC,2005,
145,4,106,CHI,Kyle Orton,QB,22.0,Purdue,2005,233.0,5.06,26.5,7.38,4.52,76.0,kyle orton+2005,kyle orton+Purdue,37.0,679.0,1120.0,181.9,8232.0,7.35,7.572767857142857,59.0,21.0,407.0,235.0,396.0,4.6,6.0,6009.0,8481.5,222.48648648648648,2004.0,Big Ten,2005,3.0
146,4,121,CAR,Stefan Lefors,QB,,Louisville,2005,208.0,4.56,31.0,7.03,4.09,72.0,stefan lefors+2005,stefan lefors+Louisville,25.0,408.0,614.0,134.8,5741.0,9.350162866449512,9.58827361563518,37.0,13.0,327.2,142.0,738.0,10.4,6.0,4007.0,5887.2,229.64,2004.0,CUSA,2005,
147,5,145,DET,Dan Orlovsky,QB,22.0,Connecticut,2005,225.0,4.93,29.5,7.33,4.39,77.0,dan orlovsky+2005,dan orlovsky+Connecticut,46.0,916.0,1567.0,229.7,10706.0,6.832163369495852,6.460306317804722,84.0,51.0,494.20000000000005,143.0,-285.0,-8.2,6.0,8010.0,10123.3,232.7391304347826,2004.0,Big East,2005,
148,5,152,NOR,Adrian McPherson,QB,,Florida St.,2005,218.0,4.71,34.5,6.93,4.08,75.0,adrian mcpherson+2005,,,,,,,,,,,,,,,,,,,,,,
149,6,213,BAL,Derek Anderson,QB,22.0,Oregon St.,2005,242.0,5.03,29.0,7.67,4.62,78.0,derek anderson+2005,derek anderson+Oregon State,38.0,751.0,1474.0,152.4,10986.0,7.453188602442334,6.886906377204884,78.0,54.0,370.79999999999995,177.0,-508.0,-9.3,8.0,6009.0,10151.3,289.10526315789474,2004.0,Pac-10,2005,
150,7,229,KAN,James Kilian,QB,,Tulsa,2005,,,,,,,james kilian+2005,james kilian+Tulsa,25.0,372.0,668.0,111.4,4464.0,6.682634730538922,5.894610778443114,35.0,27.0,242.10000000000002,283.0,887.0,6.4,15.0,4007.0,3937.6,178.56,2004.0,WAC,2005,
151,7,230,NWE,Matt Cassel,QB,23.0,USC,2005,,,,,,,matt cassel+2005,,,,,,,,,,,,,,,,,,,,,,
152,7,250,STL,Ryan Fitzpatrick,QB,22.0,Harvard,2005,232.0,4.86,30.5,7.09,4.07,74.0,ryan fitzpatrick+2005,,,,,,,,,,,,,,,,,,,,,,3.0
153,1,3,TEN,Vince Young,QB,23.0,Texas,2006,229.0,4.48,,,,77.0,vince young+2006,vince young+Texas,25.0,360.0,575.0,124.4,4885.0,8.495652173913044,8.208695652173914,38.0,21.0,292.3,322.0,2129.0,13.3,26.0,4009.0,4720.0,195.4,2005.0,Big 12,2006,3.0
154,1,10,ARI,Matt Leinart,QB,23.0,USC,2006,223.0,4.9,,,,77.0,matt leinart+2006,matt leinart+USC,39.0,807.0,1245.0,194.4,10693.0,8.58875502008032,9.329879518072289,99.0,23.0,478.7,132.0,-70.0,-2.1,9.0,6012.0,11615.7,274.1794871794872,2005.0,Pac-10,2006,3.0
155,1,11,DEN,Jay Cutler,QB,23.0,Vanderbilt,2006,226.0,4.77,,7.1,4.26,75.0,jay cutler+2006,jay cutler+Vanderbilt,45.0,710.0,1242.0,225.9,8697.0,7.002415458937198,6.648953301127214,59.0,36.0,501.0,453.0,1256.0,11.0,17.0,8014.0,8258.0,193.26666666666668,2005.0,SEC,2006,1.0
156,2,49,NYJ,Kellen Clemens,QB,23.0,Oregon,2006,224.0,4.89,,,,74.0,kellen clemens+2006,,,,,,,,,,,,,,,,,,,,,,
157,2,64,MIN,Tarvaris Jackson,QB,23.0,Alabama St.,2006,226.0,4.69,31.5,7.4,4.38,74.0,tarvaris jackson+2006,,,,,,,,,,,,,,,,,,,,,,3.0
158,3,81,SDG,Charlie Whitehurst,QB,24.0,Clemson,2006,223.0,4.75,33.0,7.0,4.11,77.0,charlie whitehurst+2006,charlie whitehurst+Clemson,35.0,694.0,1154.0,180.0,8111.0,7.028596187175044,6.125996533795494,39.0,40.0,366.4,223.0,118.0,1.5,8.0,6012.0,7069.4,231.74285714285713,2005.0,ACC,2006,
159,3,85,KAN,Brodie Croyle,QB,23.0,Alabama,2006,205.0,4.88,30.5,7.34,4.25,74.0,brodie croyle+2006,brodie croyle+Alabama,24.0,384.0,680.0,113.0,4802.0,7.061764705882353,6.8475,30.0,17.0,250.8,136.0,-148.0,-2.3,1.0,4008.0,4656.3,200.08333333333334,2005.0,SEC,2006,
160,4,103,NYJ,Brad Smith,QB,22.0,Missouri,2006,,,,,,,brad smith+2006,brad smith+Missouri,47.0,818.0,1454.0,225.39999999999998,8644.0,5.944979367262723,5.724277854195323,56.0,32.0,458.1,779.0,4193.0,21.2,44.0,8014.0,8323.1,183.91489361702128,2005.0,Big 12,2006,4.0
161,5,148,GNB,Ingle Martin,QB,24.0,Furman,2006,220.0,4.71,36.0,7.13,4.17,74.0,ingle martin+2006,,,,,,,,,,,,,,,,,,,,,,
162,5,164,PIT,Omar Jacobs,QB,,Bowling Green,2006,232.0,4.84,32.5,7.47,4.29,76.0,omar jacobs+2006,omar jacobs+Bowling Green State,21.0,504.0,783.0,127.60000000000001,6593.0,8.420178799489145,9.467049808429119,67.0,11.0,318.1,135.0,362.0,4.800000000000001,5.0,4009.0,7412.7,313.95238095238096,2005.0,MAC,2006,
163,6,193,CIN,Reggie McNeal,QB,22.0,Texas A&M,2006,198.0,4.4,32.0,6.96,4.25,74.0,reggie mcneal+2006,reggie mcneal+Texas A&M,34.0,454.0,830.0,162.4,6536.0,7.874698795180723,7.718674698795181,38.0,20.0,390.5,374.0,1752.0,14.6,15.0,6012.0,6406.5,192.23529411764707,2005.0,Big 12,2006,
164,6,194,TAM,Bruce Gradkowski,QB,23.0,Toledo,2006,217.0,4.59,34.0,7.12,4.16,73.0,bruce gradkowski+2006,bruce gradkowski+Toledo,36.0,764.0,1120.0,203.7,9197.0,8.211607142857142,8.657142857142857,85.0,27.0,470.5,243.0,986.0,12.4,14.0,6012.0,9696.0,255.47222222222223,2005.0,MAC,2006,3.0
165,7,223,ATL,D.J. Shockley,QB,,Georgia,2006,214.0,4.56,37.5,7.07,4.17,73.0,d.j. shockley+2006,d.j. shockley+Georgia,12.0,173.0,310.0,55.8,2588.0,8.348387096774193,9.2,24.0,5.0,148.3,78.0,322.0,4.1,4.0,2005.0,2852.0,215.66666666666666,2005.0,SEC,2006,
166,1,1,OAK,JaMarcus Russell,QB,22.0,LSU,2007,265.0,4.83,,,,77.0,jamarcus russell+2007,jamarcus russell+LSU,25.0,420.0,653.0,128.3,5572.0,8.53292496171516,8.652220520673813,43.0,17.0,303.6,113.0,120.0,2.3000000000000003,3.0,4011.0,5649.9,222.88,2006.0,SEC,2007,3.0
167,1,22,CLE,Brady Quinn,QB,22.0,Notre Dame,2007,232.0,4.73,,,,76.0,brady quinn+2007,brady quinn+Notre Dame,49.0,929.0,1602.0,228.2,11762.0,7.34207240948814,7.402247191011235,95.0,39.0,524.5,254.0,182.0,2.6,6.0,8018.0,11858.4,240.0408163265306,2006.0,Ind,2007,
168,2,36,PHI,Kevin Kolb,QB,23.0,Houston,2007,218.0,4.85,32.5,6.94,4.44,75.0,kevin kolb+2007,kevin kolb+Houston,50.0,964.0,1565.0,245.29999999999998,12964.0,8.28370607028754,8.486709265175719,85.0,31.0,578.7,472.0,751.0,6.199999999999999,21.0,8018.0,13281.7,259.28,2006.0,CUSA,2007,
169,2,40,MIA,John Beck,QB,26.0,BYU,2007,215.0,4.75,29.5,6.81,4.17,74.0,john beck+2007,john beck+Brigham Young,35.0,812.0,1273.0,189.8,10157.0,7.978790259230165,8.103849175176746,74.0,29.0,435.2,213.0,17.0,0.20000000000000007,8.0,6015.0,10316.199999999999,290.2,2006.0,MWC,2007,4.0
170,2,43,DET,Drew Stanton,QB,23.0,Michigan St.,2007,226.0,4.75,30.5,6.77,4.41,75.0,drew stanton+2007,drew stanton+Michigan State,32.0,541.0,843.0,191.8,6485.0,7.69276393831554,7.184697508896797,42.0,28.0,409.90000000000003,327.0,1470.0,14.0,14.0,6015.0,6056.7,202.65625,2006.0,Big Ten,2007,
171,3,92,BUF,Trent Edwards,QB,23.0,Stanford,2007,231.0,4.76,,7.14,4.46,76.0,trent edwards+2007,,,,,,,,,,,,,,,,,,,,,,3.0
172,4,103,DAL,Isaiah Stanback,QB,23.0,Washington,2007,216.0,4.6,,,,74.0,isaiah stanback+2007,,,,,,,,,,,,,,,,,,,,,,
173,5,151,CIN,Jeff Rowe,QB,23.0,Nevada,2007,226.0,4.91,29.5,7.16,4.42,77.0,jeff rowe+2007,jeff rowe+Nevada,36.0,643.0,1049.0,185.1,7465.0,7.116301239275501,6.835653002859867,53.0,30.0,398.8,289.0,581.0,6.000000000000001,13.0,6015.0,7170.6,207.36111111111111,2006.0,WAC,2007,
174,5,174,BAL,Troy Smith,QB,23.0,Ohio St.,2007,225.0,4.72,,,,72.0,troy smith+2007,troy smith+Ohio State,24.0,352.0,548.0,128.2,4824.0,8.802919708029197,9.632481751824816,46.0,10.0,324.6,208.0,815.0,7.3,12.0,4011.0,5278.599999999999,201.0,2006.0,Big Ten,2007,4.0
175,6,205,WAS,Jordan Palmer,QB,23.0,Texas-El Paso,2007,231.0,4.98,30.5,7.32,4.58,78.0,jordan palmer+2007,jordan palmer+UTEP,46.0,851.0,1427.0,232.8,11084.0,7.767344078486335,6.968815697266994,88.0,64.0,524.2,216.0,-43.0,-1.5,7.0,8018.0,9944.5,240.95652173913044,2006.0,CUSA,2007,
176,7,217,MIN,Tyler Thigpen,QB,23.0,Coastal Carolina,2007,,,,,,,tyler thigpen+2007,,,,,,,,,,,,,,,,,,,,,,
177,1,3,ATL,Matt Ryan,QB,23.0,Boston Col.,2008,228.0,4.89,,7.4,4.51,77.0,matt ryan+2008,matt ryan+Boston College,36.0,772.0,1276.0,183.0,8963.0,7.024294670846395,6.637539184952978,54.0,34.0,389.1,156.0,61.0,1.8,11.0,6018.0,8469.5,248.97222222222223,2007.0,ACC,2008,1.0
178,1,18,BAL,Joe Flacco,QB,23.0,Delaware,2008,236.0,4.84,28.5,6.82,4.27,78.0,joe flacco+2008,,,,,,,,,,,,,,,,,,,,,,2.0
179,2,56,GNB,Brian Brohm,QB,22.0,Louisville,2008,230.0,4.81,30.0,7.13,4.55,75.0,brian brohm+2008,brian brohm+Louisville,33.0,714.0,1087.0,197.5,9956.0,9.159153633854645,9.418491260349585,65.0,22.0,478.2,145.0,-37.0,-0.7000000000000001,7.0,6018.0,10237.9,301.6969696969697,2007.0,Big East,2008,
180,2,57,MIA,Chad Henne,QB,23.0,Michigan,2008,230.0,4.92,25.5,7.17,4.4,75.0,chad henne+2008,chad henne+Michigan,47.0,828.0,1387.0,238.8,9715.0,7.004325883201154,7.0676279740447,87.0,37.0,536.1,180.0,-315.0,-8.8,3.0,8022.0,9802.8,206.70212765957447,2007.0,Big Ten,2008,
181,3,94,NWE,Kevin O'Connell,QB,23.0,San Diego St.,2008,225.0,4.61,31.0,7.01,4.38,77.0,kevin o'connell+2008,kevin o'connell+San Diego State,33.0,605.0,1050.0,169.3,7054.0,6.718095238095238,6.292285714285714,43.0,29.0,357.9,348.0,1157.0,10.7,17.0,6016.0,6606.9,213.75757575757575,2007.0,MWC,2008,
182,5,137,MIN,John David Booty,QB,,USC,2008,,,,,,,john david booty+2008,john david booty+USC,23.0,484.0,776.0,124.9,5708.0,7.355670103092783,7.6180412371134025,52.0,19.0,282.0,56.0,-159.0,-6.199999999999999,2.0,4013.0,5911.6,248.17391304347825,2007.0,Pac-10,2008,
183,5,156,PIT,Dennis Dixon,QB,23.0,Oregon,2008,195.0,4.58,,,,75.0,dennis dixon+2008,dennis dixon+Oregon,22.0,369.0,576.0,128.9,4279.0,7.428819444444445,7.119791666666667,32.0,18.0,281.9,199.0,1025.0,10.3,11.0,4013.0,4101.0,194.5,2007.0,Pac-10,2008,
184,5,160,TAM,Josh Johnson,QB,22.0,San Diego,2008,213.0,4.53,33.5,7.56,4.42,75.0,josh johnson+2008,,,,,,,,,,,,,,,,,,,,,,
185,5,162,NYJ,Erik Ainge,QB,22.0,Tennessee,2008,225.0,4.98,21.5,7.51,4.6,77.0,erik ainge+2008,erik ainge+Tennessee,26.0,558.0,867.0,129.6,6511.0,7.509803921568627,7.661937716262975,50.0,19.0,287.4,42.0,-134.0,-5.9,1.0,4013.0,6642.9,250.42307692307693,2007.0,SEC,2008,
186,6,186,WAS,Colt Brennan,QB,25.0,Hawaii,2008,207.0,4.79,,,,74.0,colt brennan+2008,colt brennan+Hawaii,38.0,1115.0,1584.0,211.0,14193.0,8.960227272727273,9.414772727272727,131.0,42.0,501.3,267.0,547.0,6.199999999999999,15.0,6018.0,14913.0,373.5,2007.0,WAC,2008,
187,6,198,NYG,Andre Woodson,QB,24.0,Kentucky,2008,229.0,4.85,,,,76.0,andre woodson+2008,andre woodson+Kentucky,37.0,737.0,1190.0,183.8,8868.0,7.452100840336135,7.810252100840337,77.0,24.0,414.4,196.0,-463.0,-7.1,5.0,6018.0,9294.2,239.67567567567568,2007.0,SEC,2008,
188,7,209,GNB,Matt Flynn,QB,23.0,LSU,2008,231.0,4.79,28.0,7.21,4.34,74.0,matt flynn+2008,matt flynn+LSU,12.0,202.0,359.0,56.3,2407.0,6.704735376044568,6.5,21.0,11.0,125.8,100.0,215.0,2.2,4.0,2007.0,2333.5,200.58333333333334,2007.0,SEC,2008,4.0
189,7,223,HOU,Alex Brink,QB,23.0,Washington St.,2008,211.0,4.96,28.0,7.22,4.19,74.0,alex brink+2008,alex brink+Washington State,46.0,848.0,1451.0,228.8,10913.0,7.521019986216403,7.235079255685735,76.0,43.0,521.9,246.0,98.0,1.5,5.0,8022.0,10498.1,237.2391304347826,2007.0,Pac-10,2008,
190,1,1,DET,Matthew Stafford,QB,21.0,Georgia,2009,225.0,4.81,30.5,7.06,4.47,74.0,matthew stafford+2009,matthew stafford+Georgia,39.0,564.0,987.0,169.8,7731.0,7.832826747720365,7.3608915906788255,51.0,33.0,391.4,141.0,213.0,4.3,6.0,6021.0,7265.200000000001,198.23076923076923,2008.0,SEC,2009,1.0
191,1,5,NYJ,Mark Sanchez,QB,22.0,USC,2009,227.0,4.93,32.5,7.06,4.21,74.0,mark sanchez+2009,mark sanchez+USC,13.0,241.0,366.0,65.8,3207.0,8.762295081967213,9.4,34.0,10.0,164.6,52.0,16.0,0.3,3.0,2008.0,3440.4,246.69230769230768,2008.0,Pac-10,2009,3.0
192,1,17,TAM,Josh Freeman,QB,21.0,Kansas St.,2009,248.0,4.9,33.5,7.11,4.43,78.0,josh freeman+2009,josh freeman+Kansas State,35.0,680.0,1151.0,173.8,8078.0,7.018245004344049,6.418940052128584,44.0,34.0,367.3,214.0,343.0,2.6,20.0,6021.0,7388.200000000001,230.8,2008.0,Big 12,2009,2.0
193,2,44,MIA,Pat White,QB,23.0,West Virginia,2009,197.0,4.55,35.0,7.06,4.42,72.0,pat white+2009,pat white+West Virginia,25.0,324.0,490.0,132.4,3566.0,7.277551020408163,7.673061224489796,35.0,11.0,293.70000000000005,388.0,2309.0,11.899999999999999,22.0,4015.0,3759.8,142.64,2008.0,Big East,2009,4.0
194,4,101,DAL,Stephen McGee,QB,23.0,Texas A&M,2009,225.0,4.61,33.0,7.34,4.49,75.0,stephen mcgee+2009,,,,,,,,,,,,,,,,,,,,,,
195,5,151,NYG,Rhett Bomar,QB,24.0,Sam Houston St.,2009,225.0,4.7,,6.91,4.06,74.0,rhett bomar+2009,,,,,,,,,,,,,,,,,,,,,,
196,5,171,SFO,Nate Davis,QB,22.0,Ball St.,2009,226.0,4.95,26.5,,,73.0,nate davis+2009,nate davis+Ball State,39.0,678.0,1124.0,182.0,9233.0,8.2144128113879,8.691370106761566,74.0,22.0,442.8,173.0,499.0,6.0,10.0,6021.0,9769.1,236.74358974358975,2008.0,MAC,2009,
197,6,174,DEN,Tom Brandstater,QB,24.0,Fresno St.,2009,220.0,4.87,28.5,6.93,4.37,77.0,tom brandstater+2009,tom brandstater+Fresno State,37.0,578.0,976.0,176.7,6808.0,6.975409836065574,6.496926229508197,46.0,31.0,376.59999999999997,131.0,154.0,4.2,8.0,6021.0,6341.0,184.0,2008.0,WAC,2009,
198,6,178,SEA,Mike Teel,QB,23.0,Rutgers,2009,,,,,,,mike teel+2009,mike teel+Rutgers,39.0,610.0,1041.0,175.0,8700.0,8.357348703170029,7.751104707012487,57.0,39.0,414.1,47.0,-172.0,-11.7,2.0,6021.0,8068.9,223.07692307692307,2008.0,Big East,2009,
199,6,196,STL,Keith Null,QB,23.0,West Texas A&M,2009,,,,,,,keith null+2009,,,,,,,,,,,,,,,,,,,,,,4.0
200,6,201,IND,Curtis Painter,QB,24.0,Purdue,2009,225.0,4.87,29.0,7.0,4.48,75.0,curtis painter+2009,curtis painter+Purdue,46.0,987.0,1648.0,234.3,11163.0,6.773665048543689,6.312135922330098,67.0,46.0,478.3,225.0,348.0,6.0,13.0,8026.0,10402.400000000001,242.67391304347825,2008.0,Big Ten,2009,
201,1,1,STL,Sam Bradford,QB,22.0,Oklahoma,2010,236.0,4.79,,,,76.0,sam bradford+2010,,,,,,,,,,,,,,,,,,,,,,2.0
202,1,25,DEN,Tim Tebow,QB,23.0,Florida,2010,236.0,4.71,38.5,6.66,4.17,75.0,tim tebow+2010,tim tebow+Florida,41.0,639.0,962.0,199.1,8927.0,9.27962577962578,10.266112266112266,83.0,15.0,509.1,603.0,2478.0,12.3,49.0,6024.0,9876.0,217.73170731707316,2009.0,SEC,2010,2.0
203,2,48,CAR,Jimmy Clausen,QB,22.0,Notre Dame,2010,222.0,4.76,,,,75.0,jimmy clausen+2010,jimmy clausen+Notre Dame,35.0,695.0,1110.0,185.2,8148.0,7.34054054054054,7.345495495495496,60.0,27.0,397.79999999999995,175.0,-355.0,-6.0,5.0,6024.0,8153.5,232.8,2009.0,Ind,2010,3.0
204,3,85,CLE,Colt McCoy,QB,24.0,Texas,2010,216.0,4.79,,,,73.0,colt mccoy+2010,colt mccoy+Texas,53.0,1157.0,1645.0,280.6,13253.0,8.056534954407296,8.195075987841946,112.0,45.0,622.2,447.0,1571.0,13.6,20.0,8030.0,13480.900000000001,250.0566037735849,2009.0,Big 12,2010,3.0
205,4,122,PHI,Mike Kafka,QB,23.0,Northwestern,2010,225.0,4.93,32.0,6.96,4.37,75.0,mike kafka+2010,mike kafka+Northwestern,13.0,319.0,492.0,64.8,3430.0,6.971544715447155,6.5,16.0,12.0,129.3,150.0,295.0,2.0,8.0,2009.0,3198.0,263.84615384615387,2009.0,Big Ten,2010,
206,5,155,ARI,John Skelton,QB,22.0,Fordham,2010,243.0,4.85,33.5,7.17,4.33,77.0,john skelton+2010,,,,,,,,,,,,,,,,,,,,,,3.0
207,5,168,SDG,Jonathan Crompton,QB,23.0,Tennessee,2010,,,,,,,jonathan crompton+2010,jonathan crompton+Tennessee,13.0,224.0,384.0,58.3,2800.0,7.291666666666667,7.2,27.0,13.0,136.0,44.0,-52.0,-1.2,1.0,2009.0,2764.8,215.3846153846154,2009.0,SEC,2010,
208,6,176,TEN,Rusty Smith,QB,23.0,Florida Atlantic,2010,,,,,,,rusty smith+2010,,,,,,,,,,,,,,,,,,,,,,
209,6,181,CHI,Dan LeFevour,QB,23.0,Central Michigan,2010,230.0,4.6,29.5,6.93,4.22,75.0,dan lefevour+2010,dan lefevour+Central Michigan,53.0,1171.0,1763.0,265.6,12905.0,7.319909245604084,7.552013613159387,102.0,36.0,574.2,671.0,2948.0,17.3,47.0,8030.0,13314.199999999999,243.49056603773585,2009.0,MAC,2010,
210,6,204,CAR,Tony Pike,QB,24.0,Cincinnati,2010,223.0,4.9,28.5,7.06,4.53,78.0,tony pike+2010,tony pike+Cincinnati,22.0,410.0,662.0,123.8,4927.0,7.442598187311178,7.763746223564955,48.0,17.0,286.20000000000005,87.0,53.0,1.0,3.0,4017.0,5139.6,223.95454545454547,2009.0,Big East,2010,
211,7,209,BUF,Levi Brown,QB,23.0,Troy,2010,229.0,4.93,31.5,7.07,4.43,75.0,levi brown+2010,levi brown+Troy,23.0,522.0,830.0,125.4,6284.0,7.571084337349397,7.793012048192772,38.0,12.0,273.4,87.0,24.0,0.6,1.0,4017.0,6468.200000000001,273.2173913043478,2009.0,Sun Belt,2010,
212,7,239,NOR,Sean Canfield,QB,24.0,Oregon St.,2010,223.0,4.93,29.5,7.26,4.39,76.0,sean canfield+2010,sean canfield+Oregon State,24.0,468.0,732.0,125.60000000000001,4932.0,6.737704918032787,6.232513661202185,30.0,22.0,248.3,84.0,-275.0,-6.5,2.0,4016.0,4562.2,205.5,2009.0,Pac-10,2010,
213,7,250,NWE,Zac Robinson,QB,23.0,Oklahoma St.,2010,214.0,4.68,35.0,7.24,4.4,74.0,zac robinson+2010,zac robinson+Oklahoma State,38.0,585.0,948.0,185.2,7972.0,8.40928270042194,8.236814345991561,63.0,31.0,442.20000000000005,397.0,1714.0,12.6,21.0,6024.0,7808.5,209.78947368421052,2009.0,Big 12,2010,
214,1,1,STL,Sam Bradford,QB,22.0,Oklahoma,2010,236.0,4.79,,,,76.0,sam bradford+2010,,,,,,,,,,,,,,,,,,,,,,2.0
215,1,25,DEN,Tim Tebow,QB,23.0,Florida,2010,236.0,4.71,38.5,6.66,4.17,75.0,tim tebow+2010,tim tebow+Florida,41.0,639.0,962.0,199.1,8927.0,9.27962577962578,10.266112266112266,83.0,15.0,509.1,603.0,2478.0,12.3,49.0,6024.0,9876.0,217.73170731707316,2009.0,SEC,2010,2.0
216,2,48,CAR,Jimmy Clausen,QB,22.0,Notre Dame,2010,222.0,4.76,,,,75.0,jimmy clausen+2010,jimmy clausen+Notre Dame,35.0,695.0,1110.0,185.2,8148.0,7.34054054054054,7.345495495495496,60.0,27.0,397.79999999999995,175.0,-355.0,-6.0,5.0,6024.0,8153.5,232.8,2009.0,Ind,2010,3.0
217,3,85,CLE,Colt McCoy,QB,24.0,Texas,2010,216.0,4.79,,,,73.0,colt mccoy+2010,colt mccoy+Texas,53.0,1157.0,1645.0,280.6,13253.0,8.056534954407296,8.195075987841946,112.0,45.0,622.2,447.0,1571.0,13.6,20.0,8030.0,13480.900000000001,250.0566037735849,2009.0,Big 12,2010,3.0
218,4,122,PHI,Mike Kafka,QB,23.0,Northwestern,2010,225.0,4.93,32.0,6.96,4.37,75.0,mike kafka+2010,mike kafka+Northwestern,13.0,319.0,492.0,64.8,3430.0,6.971544715447155,6.5,16.0,12.0,129.3,150.0,295.0,2.0,8.0,2009.0,3198.0,263.84615384615387,2009.0,Big Ten,2010,
219,5,155,ARI,John Skelton,QB,22.0,Fordham,2010,243.0,4.85,33.5,7.17,4.33,77.0,john skelton+2010,,,,,,,,,,,,,,,,,,,,,,3.0
220,5,168,SDG,Jonathan Crompton,QB,23.0,Tennessee,2010,,,,,,,jonathan crompton+2010,jonathan crompton+Tennessee,13.0,224.0,384.0,58.3,2800.0,7.291666666666667,7.2,27.0,13.0,136.0,44.0,-52.0,-1.2,1.0,2009.0,2764.8,215.3846153846154,2009.0,SEC,2010,
221,6,176,TEN,Rusty Smith,QB,23.0,Florida Atlantic,2010,,,,,,,rusty smith+2010,,,,,,,,,,,,,,,,,,,,,,
222,6,181,CHI,Dan LeFevour,QB,23.0,Central Michigan,2010,230.0,4.6,29.5,6.93,4.22,75.0,dan lefevour+2010,dan lefevour+Central Michigan,53.0,1171.0,1763.0,265.6,12905.0,7.319909245604084,7.552013613159387,102.0,36.0,574.2,671.0,2948.0,17.3,47.0,8030.0,13314.199999999999,243.49056603773585,2009.0,MAC,2010,
223,6,204,CAR,Tony Pike,QB,24.0,Cincinnati,2010,223.0,4.9,28.5,7.06,4.53,78.0,tony pike+2010,tony pike+Cincinnati,22.0,410.0,662.0,123.8,4927.0,7.442598187311178,7.763746223564955,48.0,17.0,286.20000000000005,87.0,53.0,1.0,3.0,4017.0,5139.6,223.95454545454547,2009.0,Big East,2010,
224,7,209,BUF,Levi Brown,QB,23.0,Troy,2010,229.0,4.93,31.5,7.07,4.43,75.0,levi brown+2010,levi brown+Troy,23.0,522.0,830.0,125.4,6284.0,7.571084337349397,7.793012048192772,38.0,12.0,273.4,87.0,24.0,0.6,1.0,4017.0,6468.200000000001,273.2173913043478,2009.0,Sun Belt,2010,
225,7,239,NOR,Sean Canfield,QB,24.0,Oregon St.,2010,223.0,4.93,29.5,7.26,4.39,76.0,sean canfield+2010,sean canfield+Oregon State,24.0,468.0,732.0,125.60000000000001,4932.0,6.737704918032787,6.232513661202185,30.0,22.0,248.3,84.0,-275.0,-6.5,2.0,4016.0,4562.2,205.5,2009.0,Pac-10,2010,
226,7,250,NWE,Zac Robinson,QB,23.0,Oklahoma St.,2010,214.0,4.68,35.0,7.24,4.4,74.0,zac robinson+2010,zac robinson+Oklahoma State,38.0,585.0,948.0,185.2,7972.0,8.40928270042194,8.236814345991561,63.0,31.0,442.20000000000005,397.0,1714.0,12.6,21.0,6024.0,7808.5,209.78947368421052,2009.0,Big 12,2010,
227,1,1,CAR,Cam Newton,QB,22.0,Auburn,2011,248.0,4.56,35.0,6.92,4.18,77.0,cam newton+2011,cam newton+Auburn,14.0,185.0,280.0,66.1,2854.0,10.192857142857143,11.2,30.0,7.0,182.0,264.0,1473.0,5.6,20.0,2010.0,3136.0,203.85714285714286,2010.0,SEC,2011,1.0
228,1,8,TEN,Jake Locker,QB,23.0,Washington,2011,231.0,4.51,35.0,6.77,4.12,74.0,jake locker+2011,jake locker+Washington,36.0,569.0,1054.0,161.1,7127.0,6.761859582542694,6.245351043643264,52.0,35.0,359.3,398.0,1759.0,12.600000000000001,26.0,6026.0,6582.6,197.97222222222223,2010.0,Pac-10,2011,3.0
229,1,10,JAX,Blaine Gabbert,QB,21.0,Missouri,2011,234.0,4.61,33.5,6.84,4.26,76.0,blaine gabbert+2011,blaine gabbert+Missouri,26.0,563.0,920.0,122.3,6779.0,7.368478260869566,7.3222826086956525,40.0,18.0,267.5,215.0,436.0,4.1,8.0,4019.0,6736.5,260.7307692307692,2010.0,Big 12,2011,3.0
230,1,12,MIN,Christian Ponder,QB,23.0,Florida St.,2011,229.0,4.63,34.0,6.85,4.09,74.0,christian ponder+2011,christian ponder+Florida State,25.0,361.0,617.0,117.2,4050.0,6.564019448946516,6.123824959481361,34.0,21.0,250.7,219.0,603.0,5.4,8.0,4018.0,3778.3999999999996,162.0,2010.0,ACC,2011,3.0
231,2,35,CIN,Andy Dalton,QB,23.0,TCU,2011,215.0,4.83,29.5,6.93,4.27,74.0,andy dalton+2011,andy dalton+TCU,50.0,812.0,1317.0,246.8,10314.0,7.831435079726652,7.869172361427486,71.0,30.0,566.0,413.0,1611.0,15.700000000000001,22.0,8034.0,10363.699999999999,206.28,2010.0,MWC,2011,1.0
232,2,36,SFO,Colin Kaepernick,QB,23.0,Nevada,2011,233.0,4.53,32.5,6.85,4.18,77.0,colin kaepernick+2011,colin kaepernick+Nevada,51.0,740.0,1271.0,231.90000000000003,10098.0,7.94492525570417,8.392446892210858,82.0,24.0,572.5,600.0,4112.0,26.9,59.0,8034.0,10666.800000000001,198.0,2010.0,WAC,2011,
233,3,74,NWE,Ryan Mallett,QB,23.0,Arkansas,2011,253.0,5.37,24.0,,,79.0,ryan mallett+2011,ryan mallett+Arkansas,26.0,491.0,814.0,120.5,7493.0,9.205159705159705,9.7,62.0,19.0,316.1,102.0,-103.0,-2.2,6.0,4019.0,7895.799999999999,288.1923076923077,2010.0,SEC,2011,
234,5,135,KAN,Ricky Stanzi,QB,24.0,Iowa,2011,223.0,4.87,32.5,6.95,4.43,76.0,ricky stanzi+2011,ricky stanzi+Iowa,37.0,542.0,903.0,179.5,7377.0,8.169435215946844,7.905869324473976,56.0,30.0,424.0,159.0,-17.0,-0.29999999999999993,2.0,6027.0,7139.0,199.3783783783784,2010.0,Big Ten,2011,
235,5,152,HOU,T.J. Yates,QB,24.0,North Carolina,2011,219.0,5.06,29.5,6.96,4.12,75.0,t.j. yates+2011,t.j. yates+North Carolina,38.0,714.0,1142.0,186.8,8209.0,7.188266199649737,6.333187390542907,47.0,42.0,384.5,196.0,-266.0,-4.2,6.0,6026.0,7232.5,216.02631578947367,2010.0,ACC,2011,3.0
236,5,160,CHI,Nathan Enderle,QB,23.0,Idaho,2011,240.0,5.12,25.5,7.13,4.46,76.0,nathan enderle+2011,nathan enderle+Idaho,46.0,779.0,1427.0,216.8,10084.0,7.066573230553609,6.1915206727400145,74.0,60.0,489.6,228.0,-349.0,-6.299999999999999,3.0,8034.0,8835.300000000001,219.2173913043478,2010.0,WAC,2011,
237,6,180,BAL,Tyrod Taylor,QB,22.0,Virginia Tech,2011,217.0,4.47,37.5,6.78,4.09,73.0,tyrod taylor+2011,tyrod taylor+Virginia Tech,27.0,324.0,558.0,115.7,5054.0,9.057347670250897,9.587096774193549,37.0,10.0,304.20000000000005,252.0,1029.0,8.0,10.0,4019.0,5349.6,187.1851851851852,2010.0,ACC,2011,
238,7,208,NYJ,Greg McElroy,QB,23.0,Alabama,2011,220.0,4.84,33.0,7.11,4.45,74.0,greg mcelroy+2011,greg mcelroy+Alabama,27.0,420.0,638.0,131.8,5495.0,8.612852664576803,9.132131661442004,37.0,9.0,309.5,114.0,71.0,1.3,2.0,4019.0,5826.299999999999,203.5185185185185,2010.0,SEC,2011,
239,1,1,IND,Andrew Luck,QB,22.0,Stanford,2012,234.0,4.59,36.0,6.8,4.28,76.0,andrew luck+2012,andrew luck+Stanford,38.0,713.0,1064.0,198.3,9430.0,8.862781954887218,9.450751879699249,82.0,22.0,483.4,163.0,957.0,17.2,7.0,6030.0,10055.6,248.1578947368421,2011.0,Pac-12,2012,1.0
240,1,2,WAS,Robert Griffin III,QB,22.0,Baylor,2012,223.0,4.33,39.0,,,74.0,robert griffin iii+2012,robert griffin iii+Baylor,38.0,755.0,1123.0,199.3,9885.0,8.802315227070347,9.414959928762244,74.0,17.0,475.7,501.0,2177.0,13.1,31.0,6029.0,10573.0,260.13157894736844,2011.0,Big 12,2012,
241,1,8,MIA,Ryan Tannehill,QB,24.0,Texas A&M,2012,221.0,4.65,,,,76.0,ryan tannehill+2012,ryan tannehill+Texas A&M,26.0,479.0,765.0,126.6,5382.0,7.035294117647059,6.930588235294117,42.0,21.0,270.2,109.0,382.0,6.8,5.0,4021.0,5301.9,207.0,2011.0,Big 12,2012,2.0
242,1,22,CLE,Brandon Weeden,QB,28.0,Oklahoma St.,2012,221.0,4.89,,,,75.0,brandon weeden+2012,brandon weeden+Oklahoma State,26.0,751.0,1076.0,139.3,9004.0,8.368029739776953,8.599999999999998,71.0,26.0,313.79999999999995,34.0,-170.0,-10.0,1.0,4021.0,9253.599999999999,346.3076923076923,2011.0,Big 12,2012,3.0
243,2,57,DEN,Brock Osweiler,QB,21.0,Arizona St.,2012,242.0,4.83,,,,79.0,brock osweiler+2012,brock osweiler+Arizona State,13.0,326.0,516.0,63.2,4036.0,7.821705426356589,7.7,26.0,13.0,140.5,83.0,90.0,1.1,3.0,2011.0,3973.2000000000003,310.46153846153845,2011.0,Pac-12,2012,3.0
244,3,75,SEA,Russell Wilson,QB,23.0,Wisconsin,2012,204.0,4.53,34.0,6.97,4.09,71.0,russell wilson+2012,russell wilson+Wisconsin,14.0,225.0,309.0,72.8,3175.0,10.275080906148867,11.8,33.0,4.0,191.8,79.0,338.0,4.3,6.0,2011.0,3646.2000000000003,226.78571428571428,2011.0,Big Ten,2012,1.0
245,3,88,PHI,Nick Foles,QB,23.0,Arizona,2012,243.0,5.14,30.5,,,77.0,nick foles+2012,nick foles+Arizona,35.0,933.0,1396.0,199.6,10011.0,7.171203438395415,7.069054441260745,67.0,33.0,411.7,106.0,-290.0,-8.2,4.0,6030.0,9868.4,286.0285714285714,2011.0,Pac-12,2012,2.0
246,4,102,WAS,Kirk Cousins,QB,24.0,Michigan St.,2012,214.0,4.84,28.5,7.05,4.5,75.0,kirk cousins+2012,kirk cousins+Michigan State,40.0,691.0,1085.0,191.00000000000003,8821.0,8.129953917050692,8.09253456221198,64.0,29.0,438.4,108.0,-115.0,-2.6,1.0,6030.0,8780.4,220.525,2011.0,Big Ten,2012,
247,6,185,ARI,Ryan Lindley,QB,23.0,San Diego St.,2012,229.0,4.86,29.5,7.52,4.45,76.0,ryan lindley+2012,ryan lindley+San Diego State,49.0,961.0,1732.0,222.10000000000002,12690.0,7.326789838337183,7.141339491916859,90.0,47.0,515.5,90.0,-275.0,-12.4,2.0,8038.0,12368.8,258.9795918367347,2011.0,MWC,2012,4.0
248,7,243,GNB,B.J. Coleman,QB,23.0,Chattanooga,2012,233.0,4.94,,7.07,4.38,75.0,b.j. coleman+2012,,,,,,,,,,,,,,,,,,,,,,
249,7,253,IND,Chandler Harnish,QB,24.0,Northern Illinois,2012,219.0,4.68,32.5,6.78,4.15,74.0,chandler harnish+2012,chandler harnish+Northern Illinois,47.0,687.0,1110.0,246.4,8944.0,8.057657657657657,8.22072072072072,68.0,26.0,569.4000000000001,538.0,2983.0,20.4,24.0,8038.0,9125.0,190.29787234042553,2011.0,MAC,2012,
250,1,16,BUF,EJ Manuel,QB,23.0,Florida St.,2013,237.0,4.65,34.0,7.08,4.21,77.0,ej manuel+2013,,,,,,,,,,,,,,,,,,,,,,3.0
251,2,39,NYJ,Geno Smith,QB,22.0,West Virginia,2013,218.0,4.58,33.5,,,74.0,geno smith+2013,geno smith+West Virginia,39.0,956.0,1416.0,201.8,11353.0,8.017655367231638,8.747033898305084,97.0,20.0,461.2,228.0,335.0,3.6999999999999997,4.0,6033.0,12385.8,291.1025641025641,2012.0,Big 12,2013,3.0
252,3,73,TAM,Mike Glennon,QB,23.0,North Carolina St.,2013,225.0,4.94,26.5,7.49,4.52,79.0,mike glennon+2013,mike glennon+North Carolina State,26.0,613.0,1017.0,121.0,7085.0,6.966568338249754,6.900000000000001,62.0,29.0,267.1,107.0,-274.0,-5.1,3.0,4023.0,7017.300000000001,272.5,2012.0,ACC,2013,2.0
253,4,98,PHI,Matt Barkley,QB,22.0,USC,2013,227.0,4.91,,,,74.0,matt barkley+2013,matt barkley+USC,47.0,1001.0,1562.0,255.2,12327.0,7.89180537772087,8.018950064020487,116.0,48.0,591.3,132.0,-113.0,-3.7,6.0,8042.0,12525.6,262.27659574468083,2012.0,Pac-12,2013,
254,4,110,NYG,Ryan Nassib,QB,23.0,Syracuse,2013,227.0,5.06,28.5,7.34,4.53,74.0,ryan nassib+2013,ryan nassib+Syracuse,38.0,755.0,1244.0,181.2,8768.0,7.048231511254019,7.167926045016077,67.0,27.0,397.40000000000003,215.0,142.0,1.6999999999999997,5.0,6033.0,8916.9,230.73684210526315,2012.0,Big East,2013,
255,4,112,OAK,Tyler Wilson,QB,24.0,Arkansas,2013,215.0,4.95,28.5,7.22,4.39,74.0,tyler wilson+2013,tyler wilson+Arkansas,24.0,526.0,839.0,125.30000000000001,7025.0,8.373063170441002,8.417640047675803,45.0,19.0,292.20000000000005,101.0,4.0,0.1,4.0,4023.0,7062.4,292.7083333333333,2012.0,SEC,2013,
256,4,115,PIT,Landry Jones,QB,24.0,Oklahoma,2013,225.0,5.11,31.0,7.12,4.3,76.0,landry jones+2013,landry jones+Oklahoma,53.0,1388.0,2183.0,253.0,16646.0,7.6252863032524045,7.696839212093448,123.0,52.0,563.3,132.0,-375.0,-14.400000000000002,3.0,8042.0,16802.199999999997,314.07547169811323,2012.0,Big 12,2013,
257,7,221,SDG,Brad Sorensen,QB,25.0,Southern Utah,2013,229.0,4.97,29.0,7.17,4.55,76.0,brad sorensen+2013,,,,,,,,,,,,,,,,,,,,,,
258,7,234,DEN,Zac Dysert,QB,23.0,Miami (OH),2013,231.0,4.81,,,,75.0,zac dysert+2013,zac dysert+Miami (OH),46.0,1066.0,1672.0,254.99999999999997,12013.0,7.184808612440191,6.69994019138756,73.0,51.0,527.1999999999999,461.0,665.0,5.3999999999999995,12.0,8042.0,11202.3,261.1521739130435,2012.0,MAC,2013,
259,7,237,SFO,B.J. Daniels,QB,24.0,South Florida,2013,,,,,,,b.j. daniels+2013,b.j. daniels+South Florida,45.0,645.0,1127.0,227.89999999999998,8347.0,7.4063886424134875,6.79094942324756,52.0,39.0,512.5,523.0,2066.0,15.500000000000002,25.0,8042.0,7653.4,185.48888888888888,2012.0,Big East,2013,
260,7,249,ATL,Sean Renfree,QB,23.0,Duke,2013,219.0,4.76,,,,75.0,sean renfree+2013,sean renfree+Duke,36.0,864.0,1339.0,193.70000000000002,9135.0,6.822255414488424,6.257281553398058,47.0,38.0,383.5,147.0,-155.0,-3.1999999999999997,9.0,6033.0,8378.5,253.75,2012.0,ACC,2013,
261,1,3,JAX,Blake Bortles,QB,22.0,Central Florida,2014,232.0,4.93,32.5,7.08,4.21,77.0,blake bortles+2014,blake bortles+UCF,27.0,510.0,781.0,130.7,6640.0,8.50192061459667,8.833674775928296,50.0,16.0,307.9,174.0,557.0,6.4,14.0,4025.0,6899.099999999999,245.92592592592592,2013.0,American,2014,1.0
262,1,22,CLE,Johnny Manziel,QB,21.0,Texas A&M,2014,207.0,4.68,31.5,6.75,4.03,72.0,johnny manziel+2014,johnny manziel+Texas A&M,26.0,595.0,863.0,137.9,7820.0,9.061413673232908,9.396523754345308,63.0,22.0,328.20000000000005,345.0,2169.0,12.3,30.0,4025.0,8109.200000000001,300.7692307692308,2013.0,SEC,2014,3.0
263,1,32,MIN,Teddy Bridgewater,QB,21.0,Louisville,2014,214.0,,30.0,7.17,4.2,74.0,teddy bridgewater+2014,teddy bridgewater+Louisville,39.0,781.0,1142.0,204.0,9817.0,8.59632224168126,8.896322241681261,72.0,24.0,464.0,226.0,170.0,2.3,6.0,6036.0,10159.6,251.71794871794873,2013.0,American,2014,2.0
264,2,36,OAK,Derek Carr,QB,23.0,Fresno St.,2014,214.0,4.69,34.5,,4.2,74.0,derek carr+2014,derek carr+Fresno State,39.0,1077.0,1616.0,198.79999999999998,12731.0,7.8780940594059405,8.625247524752476,113.0,24.0,456.70000000000005,163.0,190.0,4.2,5.0,6036.0,13938.400000000001,326.43589743589746,2013.0,MWC,2014,2.0
265,2,62,NWE,Jimmy Garoppolo,QB,22.0,Eastern Illinois,2014,226.0,4.97,30.5,7.04,4.26,74.0,jimmy garoppolo+2014,,,,,,,,,,,,,,,,,,,,,,4.0
266,4,120,ARI,Logan Thomas,QB,23.0,Virginia Tech,2014,248.0,4.61,35.5,7.05,4.18,78.0,logan thomas+2014,logan thomas+Virginia Tech,40.0,681.0,1222.0,167.6,8896.0,7.279869067103109,6.679541734860884,52.0,39.0,374.5,489.0,1337.0,8.2,24.0,6036.0,8162.4,222.4,2013.0,ACC,2014,
267,4,135,HOU,Tom Savage,QB,24.0,Pittsburgh,2014,228.0,4.97,27.0,7.33,4.36,76.0,tom savage+2014,tom savage+Pitt,13.0,238.0,389.0,61.2,2958.0,7.604113110539846,7.599999999999999,21.0,9.0,138.2,76.0,-208.0,-2.7,3.0,2013.0,2956.3999999999996,227.53846153846155,2013.0,ACC,2014,
268,5,163,KAN,Aaron Murray,QB,23.0,Georgia,2014,207.0,4.84,,,,72.0,aaron murray+2014,aaron murray+Georgia,52.0,921.0,1478.0,249.5,13166.0,8.907983761840324,9.313802435723952,121.0,41.0,634.5,286.0,396.0,5.5,16.0,8046.0,13765.800000000001,253.19230769230768,2013.0,SEC,2014,
269,5,164,CIN,A.J. McCarron,QB,23.0,Alabama,2014,220.0,4.94,28.0,7.18,4.34,75.0,a.j. mccarron+2014,a.j. mccarron+Alabama,40.0,656.0,978.0,201.3,8630.0,8.824130879345603,9.617995910020449,74.0,15.0,489.8,113.0,-40.0,-1.2,3.0,6036.0,9406.4,215.75,2013.0,SEC,2014,
270,6,178,TEN,Zach Mettenberger,QB,23.0,LSU,2014,224.0,,,,,77.0,zach mettenberger+2014,zach mettenberger+LSU,25.0,399.0,648.0,123.7,5691.0,8.782407407407407,8.798765432098765,34.0,15.0,299.70000000000005,81.0,-341.0,-8.3,0.0,4025.0,5701.6,227.64,2013.0,SEC,2014,3.0
271,6,183,CHI,David Fales,QB,23.0,San Jose St.,2014,212.0,4.99,28.0,7.55,4.5,74.0,david fales+2014,david fales+San Jose State,25.0,639.0,938.0,136.6,8382.0,8.936034115138593,9.328891257995735,66.0,22.0,324.1,90.0,-132.0,-3.1999999999999997,2.0,4025.0,8750.5,335.28,2013.0,MWC,2014,
272,6,194,BAL,Keith Wenning,QB,23.0,Ball St.,2014,218.0,5.0,28.0,7.07,4.25,75.0,keith wenning+2014,keith wenning+Ball State,49.0,1035.0,1642.0,247.9,11402.0,6.943970767356882,6.907978075517662,92.0,42.0,525.6,190.0,328.0,6.0,13.0,8046.0,11342.900000000001,232.69387755102042,2013.0,MAC,2014,
273,6,213,NYJ,Tajh Boyd,QB,23.0,Clemson,2014,222.0,4.84,30.5,7.33,4.23,73.0,tajh boyd+2014,tajh boyd+Clemson,40.0,868.0,1339.0,195.39999999999998,11575.0,8.644510828976848,8.96437640029873,103.0,36.0,475.49999999999994,482.0,1132.0,6.9,25.0,6036.0,12003.300000000001,289.375,2013.0,ACC,2014,
274,6,214,STL,Garrett Gilbert,QB,23.0,SMU,2014,,,,,,,garrett gilbert+2014,garrett gilbert+SMU,23.0,603.0,1010.0,119.5,6460.0,6.396039603960396,6.147920792079208,36.0,22.0,241.7,177.0,613.0,6.9,14.0,4025.0,6209.4,280.8695652173913,2013.0,American,2014,
275,1,1,TAM,Jameis Winston,QB,21.0,Florida St.,2015,231.0,4.97,28.5,7.16,4.36,76.0,jameis winston+2015,jameis winston+Florida State,27.0,562.0,851.0,132.2,7964.0,9.358401880141011,9.414688601645123,65.0,28.0,330.3,145.0,284.0,3.6,7.0,4027.0,8011.9,294.962962962963,2014.0,ACC,2015,1.0
276,1,2,TEN,Marcus Mariota,QB,21.0,Oregon,2015,222.0,4.52,36.0,6.87,4.11,76.0,marcus mariota+2015,marcus mariota+Oregon,41.0,779.0,1167.0,200.3,10796.0,9.251071122536418,10.511311053984576,105.0,14.0,512.5999999999999,337.0,2237.0,20.200000000000003,29.0,6039.0,12266.7,263.3170731707317,2014.0,Pac-12,2015,1.0
277,3,75,NOR,Garrett Grayson,QB,24.0,Colorado St.,2015,213.0,4.75,,,,74.0,garrett grayson+2015,garrett grayson+Colorado State,27.0,567.0,898.0,126.4,7702.0,8.57683741648107,8.916035634743876,55.0,18.0,304.6,126.0,73.0,0.8999999999999999,2.0,4027.0,8006.6,285.25925925925924,2014.0,MWC,2015,
278,3,89,STL,Sean Mannion,QB,23.0,Oregon St.,2015,229.0,5.14,31.0,7.29,4.39,78.0,sean mannion+2015,sean mannion+Oregon State,47.0,1187.0,1838.0,257.8,13600.0,7.399347116430903,6.980467899891186,83.0,54.0,540.8,132.0,-804.0,-23.6,2.0,8050.0,12830.1,289.36170212765956,2014.0,Pac-12,2015,
279,4,103,NYJ,Bryce Petty,QB,24.0,Baylor,2015,230.0,4.87,34.0,6.91,4.13,75.0,bryce petty+2015,bryce petty+Baylor,25.0,520.0,831.0,125.1,8055.0,9.693140794223826,10.61841155234657,61.0,10.0,332.1,178.0,310.0,3.4000000000000004,20.0,4027.0,8823.9,322.2,2014.0,Big 12,2015,
280,5,147,GNB,Brett Hundley,QB,22.0,UCLA,2015,226.0,4.63,36.0,6.93,3.98,75.0,brett hundley+2015,brett hundley+UCLA,40.0,837.0,1241.0,202.39999999999998,9966.0,8.030620467365027,8.339000805801774,75.0,25.0,453.3,479.0,1747.0,11.0,30.0,6039.0,10348.7,249.15,2014.0,Pac-12,2015,
281,7,250,DEN,Trevor Siemian,QB,23.0,Northwestern,2015,,,,,,,trevor siemian+2015,trevor siemian+Northwestern,36.0,534.0,908.0,176.60000000000002,5675.0,6.25,5.6116740088105725,24.0,23.0,347.9,137.0,-42.0,1.1999999999999997,6.0,6039.0,5095.4,157.63888888888889,2014.0,Big Ten,2015,
282,1,1,LAR,Jared Goff,QB,21.0,California,2016,215.0,4.82,27.0,7.17,4.47,76.0,jared goff+2016,jared goff+California,37.0,977.0,1568.0,187.0,12195.0,7.777423469387755,8.126275510204081,96.0,30.0,432.19999999999993,170.0,-114.0,-2.0,1.0,6042.0,12742.0,329.5945945945946,2015.0,Pac-12,2016,1.0
283,1,2,PHI,Carson Wentz,QB,23.0,North Dakota St.,2016,237.0,4.77,30.5,6.86,4.15,77.0,carson wentz+2016,,,,,,,,,,,,,,,,,,,,,,1.0
284,1,26,DEN,Paxton Lynch,QB,22.0,Memphis,2016,244.0,4.86,36.0,7.14,4.26,79.0,paxton lynch+2016,paxton lynch+Memphis,38.0,758.0,1205.0,187.7,8863.0,7.355186721991701,7.469128630705393,59.0,23.0,405.5,288.0,687.0,6.9,17.0,6042.0,9000.3,233.23684210526315,2015.0,American,2016,
285,2,51,NYJ,Christian Hackenberg,QB,21.0,Penn St.,2016,223.0,4.78,31.0,7.04,4.33,76.0,christian hackenberg+2016,christian hackenberg+Penn State,38.0,693.0,1235.0,168.2,8457.0,6.847773279352227,6.518866396761133,48.0,31.0,367.3,208.0,-242.0,-3.6,6.0,6042.0,8050.8,222.55263157894737,2015.0,Big Ten,2016,
286,3,91,NWE,Jacoby Brissett,QB,23.0,North Carolina St.,2016,231.0,4.94,31.0,7.17,4.53,76.0,jacoby brissett+2016,jacoby brissett+North Carolina State,26.0,458.0,765.0,119.7,5268.0,6.886274509803922,7.390196078431373,43.0,11.0,267.0,263.0,899.0,7.0,9.0,4029.0,5653.5,202.6153846153846,2015.0,ACC,2016,
287,3,93,CLE,Cody Kessler,QB,23.0,USC,2016,220.0,4.89,29.5,7.32,4.0,73.0,cody kessler+2016,cody kessler+USC,41.0,849.0,1259.0,201.9,10330.0,8.204924543288325,8.930818109610803,88.0,19.0,467.59999999999997,158.0,-425.0,-8.2,7.0,6042.0,11243.9,251.9512195121951,2015.0,Pac-12,2016,3.0
288,4,100,OAK,Connor Cook,QB,23.0,Michigan St.,2016,217.0,4.79,33.0,7.21,4.28,76.0,connor cook+2016,connor cook+Michigan State,40.0,664.0,1153.0,172.9,9100.0,7.8924544666088465,8.284735472679964,70.0,21.0,421.5,172.0,212.0,3.8000000000000003,3.0,6042.0,9552.3,227.5,2015.0,Big Ten,2016,
289,4,135,DAL,Dak Prescott,QB,23.0,Mississippi St.,2016,226.0,4.79,32.5,7.11,4.32,74.0,dak prescott+2016,dak prescott+Mississippi State,37.0,716.0,1140.0,186.20000000000002,9182.0,8.054385964912282,8.289736842105263,66.0,23.0,429.29999999999995,504.0,2403.0,14.600000000000001,37.0,6042.0,9450.3,248.16216216216216,2015.0,SEC,2016,1.0
290,4,139,BUF,Cardale Jones,QB,23.0,Ohio St.,2016,253.0,4.81,36.0,,,77.0,cardale jones+2016,,,,,,,,,,,,,,,,,,,,,,
291,5,162,KAN,Kevin Hogan,QB,23.0,Stanford,2016,218.0,4.78,32.5,6.9,4.31,75.0,kevin hogan+2016,kevin hogan+Stanford,41.0,618.0,951.0,194.7,8289.0,8.71608832807571,8.85646687697161,66.0,26.0,468.3,260.0,986.0,11.4,13.0,6042.0,8422.5,202.17073170731706,2015.0,Pac-12,2016,3.0
292,6,187,WAS,Nate Sudfeld,QB,22.0,Indiana,2016,234.0,5.02,29.0,,,78.0,nate sudfeld+2016,nate sudfeld+Indiana,24.0,441.0,734.0,120.2,6096.0,8.30517711171662,8.629700272479564,48.0,16.0,293.0,84.0,27.0,0.4,6.0,4028.0,6334.2,254.0,2015.0,Big Ten,2016,
293,6,191,DET,Jake Rudock,QB,23.0,Michigan,2016,,,,,,,jake rudock+2016,jake rudock+Michigan,13.0,249.0,389.0,64.0,3017.0,7.755784061696658,7.7,20.0,9.0,141.5,58.0,166.0,2.9,4.0,2015.0,2995.3,232.07692307692307,2015.0,Big Ten,2016,
294,6,201,JAX,Brandon Allen,QB,24.0,Arkansas,2016,217.0,4.84,28.0,7.06,4.33,73.0,brandon allen+2016,brandon allen+Arkansas,37.0,562.0,967.0,171.5,7277.0,7.525336091003102,7.761220268872802,63.0,23.0,404.7,126.0,139.0,3.0,4.0,6042.0,7505.099999999999,196.67567567567568,2015.0,SEC,2016,
295,6,207,SFO,Jeff Driskel,QB,23.0,Louisiana Tech,2016,234.0,4.56,32.0,7.19,4.25,76.0,jeff driskel+2016,jeff driskel+Louisiana Tech,13.0,279.0,448.0,62.3,4026.0,8.986607142857142,9.4,27.0,8.0,154.1,92.0,323.0,3.5,5.0,2015.0,4211.2,309.6923076923077,2015.0,CUSA,2016,
296,7,223,MIA,Brandon Doughty,QB,24.0,Western Kentucky,2016,213.0,5.22,27.0,7.49,4.52,75.0,brandon doughty+2016,brandon doughty+Western Kentucky,39.0,1009.0,1466.0,205.60000000000002,12742.0,8.691678035470668,9.1924965893588,111.0,33.0,478.40000000000003,100.0,-283.0,-9.0,3.0,6042.0,13476.2,326.71794871794873,2015.0,CUSA,2016,
297,1,2,CHI,Mitchell Trubisky,QB,23.0,North Carolina,2017,222.0,4.67,27.5,6.87,4.25,74.0,mitchell trubisky+2017,,,,,,,,,,,,,,,,,,,,,,2.0
298,1,10,KAN,Patrick Mahomes,QB,21.0,Texas Tech,2017,225.0,4.8,30.0,6.88,4.08,74.0,patrick mahomes+2017,patrick mahomes+Texas Tech,25.0,752.0,1164.0,129.2,9705.0,8.337628865979381,8.707731958762887,77.0,25.0,304.2,262.0,741.0,5.7,22.0,4031.0,10135.8,388.2,2016.0,Big 12,2017,
299,1,12,HOU,Deshaun Watson,QB,21.0,Clemson,2017,221.0,4.66,32.5,6.95,4.31,74.0,deshaun watson+2017,deshaun watson+Clemson,30.0,721.0,1070.0,134.8,8702.0,8.132710280373832,8.275327102803738,76.0,30.0,307.4,372.0,1734.0,9.1,21.0,4031.0,8854.599999999999,290.06666666666666,2016.0,ACC,2017,1.0
300,2,52,CLE,DeShone Kizer,QB,21.0,Notre Dame,2017,233.0,4.83,30.5,7.4,4.53,76.0,deshone kizer+2017,deshone kizer+Notre Dame,25.0,422.0,695.0,121.6,5805.0,8.352517985611511,8.448057553956835,47.0,19.0,295.7,264.0,997.0,7.6,18.0,4031.0,5871.4,232.2,2016.0,Ind,2017,3.0
301,3,87,NYG,Davis Webb,QB,22.0,California,2017,229.0,4.79,33.0,6.92,4.21,77.0,davis webb+2017,davis webb+California,12.0,382.0,620.0,61.6,4295.0,6.92741935483871,7.3,37.0,12.0,135.6,33.0,-110.0,-3.3,6.0,2016.0,4526.0,357.9166666666667,2016.0,Pac-12,2017,
302,3,104,SFO,C.J. Beathard,QB,23.0,Iowa,2017,219.0,,31.0,,,74.0,c.j. beathard+2017,c.j. beathard+Iowa,27.0,393.0,663.0,118.1,4738.0,7.146304675716441,7.146606334841628,34.0,15.0,261.8,183.0,224.0,2.1999999999999997,8.0,4031.0,4738.2,175.4814814814815,2016.0,Big Ten,2017,3.0
303,4,135,PIT,Joshua Dobbs,QB,22.0,Tennessee,2017,216.0,4.64,33.0,6.75,4.31,75.0,joshua dobbs+2017,joshua dobbs+Tennessee,26.0,430.0,701.0,122.6,5237.0,7.470756062767475,7.612981455064195,42.0,17.0,277.6,296.0,1502.0,10.1,23.0,4031.0,5336.700000000001,201.42307692307693,2016.0,SEC,2017,
304,5,171,BUF,Nathan Peterman,QB,23.0,Pittsburgh,2017,226.0,4.82,31.0,7.14,4.31,74.0,nathan peterman+2017,nathan peterman+Pitt,26.0,378.0,619.0,122.2,5142.0,8.306946688206786,8.734733441033926,47.0,15.0,302.4,157.0,518.0,6.7,4.0,4031.0,5406.8,197.76923076923077,2016.0,ACC,2017,4.0
305,6,215,DET,Brad Kaaya,QB,22.0,Miami (FL),2017,214.0,,,,,76.0,brad kaaya+2017,brad kaaya+Miami (FL),38.0,720.0,1188.0,181.7,9968.0,8.390572390572391,8.642676767676768,69.0,24.0,438.29999999999995,94.0,-386.0,-12.600000000000001,4.0,6045.0,10267.5,262.3157894736842,2016.0,ACC,2017,
306,7,253,DEN,Chad Kelly,QB,23.0,Mississippi,2017,,,,,,,chad kelly+2017,chad kelly+Ole Miss,22.0,503.0,786.0,127.6,6800.0,8.651399491094148,8.733078880407126,50.0,21.0,303.3,187.0,841.0,8.899999999999999,15.0,4031.0,6864.200000000001,309.09090909090907,2016.0,SEC,2017,
307,1,1,CLE,Baker Mayfield,QB,23.0,Oklahoma,2018,215.0,4.84,29.0,7.0,4.28,73.0,baker mayfield+2018,baker mayfield+Oklahoma,40.0,808.0,1157.0,209.5,12292.0,10.624027657735523,11.86084701815039,119.0,21.0,568.6,316.0,893.0,8.4,18.0,6048.0,13723.0,307.3,2017.0,Big 12,2018,2.0
308,1,3,NYJ,Sam Darnold,QB,21.0,USC,2018,221.0,4.85,26.5,6.96,4.4,75.0,sam darnold+2018,sam darnold+USC,27.0,549.0,846.0,130.3,7229.0,8.544917257683215,8.71631205673759,57.0,22.0,309.2,137.0,332.0,5.1,7.0,4033.0,7374.0,267.74074074074076,2017.0,Pac-12,2018,2.0
309,1,7,BUF,Josh Allen,QB,22.0,Wyoming,2018,237.0,4.75,33.5,6.9,4.4,77.0,josh allen+2018,josh allen+Wyoming,25.0,361.0,643.0,112.3,5015.0,7.7993779160186625,7.71213063763608,44.0,21.0,272.7,234.0,727.0,5.9,12.0,4033.0,4958.9,200.6,2017.0,MWC,2018,1.0
310,1,10,ARI,Josh Rosen,QB,21.0,UCLA,2018,226.0,4.92,31.0,7.09,4.28,76.0,josh rosen+2018,josh rosen+UCLA,24.0,575.0,939.0,122.6,7425.0,7.907348242811501,7.98136315228967,49.0,21.0,281.3,87.0,-82.0,-1.5,4.0,4032.0,7494.5,309.375,2017.0,Pac-12,2018,3.0
311,1,32,BAL,Lamar Jackson,QB,21.0,Louisville,2018,216.0,,,,,74.0,lamar jackson+2018,lamar jackson+Louisville,38.0,619.0,1086.0,170.0,9043.0,8.326887661141805,8.463996316758747,69.0,27.0,422.2,655.0,4132.0,18.8,50.0,6048.0,9191.9,237.97368421052633,2017.0,ACC,2018,1.0
312,3,76,PIT,Mason Rudolph,QB,23.0,Oklahoma St.,2018,235.0,4.9,26.0,,,77.0,mason rudolph+2018,mason rudolph+Oklahoma State,39.0,866.0,1361.0,190.7,12765.0,9.3791329904482,9.908817046289492,86.0,22.0,478.6,211.0,61.0,0.7999999999999998,17.0,6048.0,13485.9,327.3076923076923,2017.0,Big 12,2018,
313,4,108,NYG,Kyle Lauletta,QB,23.0,Richmond,2018,222.0,4.81,31.0,6.95,4.07,75.0,kyle lauletta+2018,,,,,,,,,,,,,,,,,,,,,,
314,5,171,DAL,Mike White,QB,23.0,Western Kentucky,2018,224.0,5.09,27.0,7.4,4.4,77.0,mike white+2018,mike white+Western Kentucky,27.0,648.0,976.0,133.0,8540.0,8.75,9.319672131147541,63.0,15.0,322.20000000000005,93.0,-342.0,-6.800000000000001,6.0,4033.0,9096.0,316.2962962962963,2017.0,CUSA,2018,
315,6,199,TEN,Luke Falk,QB,23.0,Washington St.,2018,215.0,,26.5,,,76.0,luke falk+2018,luke falk+Washington State,37.0,1247.0,1811.0,206.3,12622.0,6.969630038652678,7.364715626725566,106.0,32.0,428.5,215.0,-330.0,-4.6,3.0,6048.0,13337.5,341.13513513513516,2017.0,Pac-12,2018,
316,6,203,JAX,Tanner Lee,QB,23.0,Nebraska,2018,218.0,4.98,32.0,7.0,4.41,76.0,tanner lee+2018,tanner lee+Nebraska,12.0,246.0,428.0,57.5,3143.0,7.343457943925234,6.7,23.0,16.0,129.4,30.0,-97.0,-3.2,2.0,2017.0,2867.6,261.9166666666667,2017.0,Big Ten,2018,
317,7,219,NWE,Danny Etling,QB,24.0,LSU,2018,222.0,4.76,30.5,7.09,4.37,74.0,danny etling+2018,danny etling+LSU,24.0,325.0,544.0,119.5,4586.0,8.430147058823529,8.860477941176471,27.0,7.0,288.6,113.0,174.0,2.9000000000000004,3.0,4033.0,4820.1,191.08333333333334,2017.0,SEC,2018,
318,7,220,SEA,Alex McGough,QB,22.0,Florida International,2018,,,,,,,alex mcgough+2018,alex mcgough+Florida International,46.0,807.0,1335.0,238.50000000000003,9091.0,6.809737827715356,6.521947565543071,65.0,37.0,506.9,308.0,535.0,7.6,16.0,8062.0,8706.8,197.6304347826087,2017.0,CUSA,2018,
319,7,249,CIN,Logan Woodside,QB,23.0,Toledo,2018,213.0,4.79,31.5,6.94,4.15,73.0,logan woodside+2018,logan woodside+Toledo,39.0,738.0,1125.0,195.8,10274.0,9.132444444444445,9.767022222222224,92.0,25.0,488.0,140.0,72.0,1.0999999999999999,4.0,6047.0,10987.900000000001,263.43589743589746,2017.0,MAC,2018,
320,1,1,ARI,Kyler Murray,QB,22.0,Oklahoma,2019,207.0,,,,,70.0,kyler murray+2019,kyler murray+Oklahoma,14.0,260.0,377.0,69.0,4361.0,11.567639257294429,13.0,42.0,7.0,199.2,140.0,1001.0,7.2,12.0,2018.0,4901.0,311.5,2018.0,Big 12,2019,1.0
321,1,6,NYG,Daniel Jones,QB,22.0,Duke,2019,221.0,4.81,33.5,7.0,4.41,77.0,daniel jones+2019,daniel jones+Duke,36.0,764.0,1275.0,180.0,8201.0,6.4321568627450985,6.233960784313726,52.0,29.0,370.0,406.0,1323.0,9.700000000000001,17.0,6051.0,7948.3,227.80555555555554,2018.0,ACC,2019,2.0
322,1,15,WAS,Dwayne Haskins,QB,22.0,Ohio St.,2019,231.0,5.04,28.5,,,75.0,dwayne haskins+2019,dwayne haskins+Ohio State,14.0,373.0,533.0,70.0,4831.0,9.063789868667918,10.3,50.0,8.0,174.1,79.0,108.0,1.4,4.0,2018.0,5489.900000000001,345.07142857142856,2018.0,Big Ten,2019,3.0
323,2,42,DEN,Drew Lock,QB,22.0,Missouri,2019,228.0,4.69,31.0,7.03,4.12,76.0,drew lock+2019,drew lock+Missouri,50.0,883.0,1553.0,224.29999999999998,12193.0,7.851255634256278,8.028911783644558,99.0,39.0,537.2,202.0,437.0,8.700000000000001,9.0,8066.0,12468.9,243.86,2018.0,SEC,2019,2.0
324,3,100,CAR,Will Grier,QB,24.0,West Virginia,2019,217.0,4.84,34.0,7.09,4.28,74.0,will grier+2019,will grier+West Virginia,22.0,516.0,785.0,131.4,7354.0,9.368152866242038,10.057452229299363,71.0,20.0,338.2,111.0,32.0,0.0,5.0,4035.0,7895.1,334.27272727272725,2018.0,Big 12,2019,
325,4,104,CIN,Ryan Finley,QB,24.0,North Carolina St.,2019,213.0,4.73,30.5,7.2,4.2,76.0,ryan finley+2019,ryan finley+North Carolina State,39.0,880.0,1364.0,192.9,10501.0,7.698680351906158,7.742375366568914,60.0,25.0,419.2,185.0,309.0,4.6,5.0,6051.0,10560.599999999999,269.2564102564103,2018.0,ACC,2019,
326,4,133,NWE,Jarrett Stidham,QB,23.0,Auburn,2019,218.0,4.81,31.0,7.28,4.33,74.0,jarrett stidham+2019,jarrett stidham+Auburn,27.0,470.0,739.0,127.2,5952.0,8.054127198917456,8.350608930987821,36.0,11.0,288.7,175.0,154.0,1.5,7.0,4035.0,6171.1,220.44444444444446,2018.0,SEC,2019,
327,5,166,LAC,Easton Stick,QB,23.0,North Dakota St.,2019,224.0,4.62,33.5,6.65,4.05,73.0,easton stick+2019,,,,,,,,,,,,,,,,,,,,,,
328,5,167,PHI,Clayton Thorson,QB,24.0,Northwestern,2019,222.0,,,,,76.0,clayton thorson+2019,clayton thorson+Northwestern,53.0,991.0,1696.0,230.89999999999998,10731.0,6.3272405660377355,5.8439268867924525,61.0,45.0,464.29999999999995,362.0,408.0,3.9000000000000004,27.0,8066.0,9911.3,202.47169811320754,2018.0,Big Ten,2019,
329,6,178,JAX,Gardner Minshew II,QB,23.0,Washington St.,2019,225.0,4.97,33.5,7.14,4.45,73.0,gardner minshew ii+2019,,,,,,,,,,,,,,,,,,,,,,
330,6,197,BAL,Trace McSorley,QB,24.0,Penn St.,2019,202.0,4.57,33.0,7.09,4.12,72.0,trace mcsorley+2019,trace mcsorley+Penn State,40.0,700.0,1175.0,177.6,9714.0,8.267234042553191,8.56731914893617,75.0,25.0,435.19999999999993,460.0,1654.0,10.6,30.0,6051.0,10066.599999999999,242.85,2018.0,Big Ten,2019,
331,1,1,CIN,Joe Burrow,QB,23.0,LSU,2020,221.0,,,,,75.0,joe burrow+2020,joe burrow+LSU,28.0,621.0,906.0,134.1,8565.0,9.45364238410596,10.575717439293598,76.0,11.0,335.2,243.0,767.0,6.300000000000001,12.0,4037.0,9581.6,305.89285714285717,2019.0,SEC,2020,1.0
332,1,5,MIA,Tua Tagovailoa,QB,22.0,Alabama,2020,217.0,,,,,72.0,tua tagovailoa+2020,,,,,,,,,,,,,,,,,,,,,,2.0
333,1,6,LAC,Justin Herbert,QB,22.0,Oregon,2020,236.0,4.68,35.5,7.06,4.46,78.0,justin herbert+2020,justin herbert+Oregon,27.0,526.0,832.0,126.19999999999999,6622.0,7.959134615384615,8.660096153846155,61.0,14.0,301.4,129.0,216.0,3.1999999999999997,6.0,4037.0,7205.200000000001,245.25925925925927,2019.0,Pac-12,2020,1.0
334,1,26,GNB,Jordan Love,QB,21.0,Utah St.,2020,224.0,4.74,35.5,7.21,4.52,76.0,jordan love+2020,jordan love+Utah State,38.0,689.0,1125.0,180.8,8600.0,7.644444444444445,7.5328888888888885,60.0,29.0,406.7,170.0,403.0,7.300000000000001,9.0,6054.0,8474.5,226.31578947368422,2019.0,MWC,2020,
335,2,53,PHI,Jalen Hurts,QB,22.0,Oklahoma,2020,222.0,4.59,35.0,,,73.0,jalen hurts+2020,jalen hurts+Oklahoma,14.0,237.0,340.0,69.7,3851.0,11.326470588235294,12.2,32.0,8.0,191.2,233.0,1298.0,5.6,20.0,2019.0,4148.0,275.07142857142856,2019.0,Big 12,2020,2.0
336,4,122,IND,Jacob Eason,QB,22.0,Washington,2020,231.0,4.89,27.5,7.5,4.75,78.0,jacob eason+2020,jacob eason+Washington,13.0,260.0,405.0,64.2,3132.0,7.733333333333333,8.0,23.0,8.0,143.9,46.0,-69.0,-1.5,1.0,2019.0,3240.0,240.92307692307693,2019.0,Pac-12,2020,
337,4,125,NYJ,James Morgan,QB,23.0,Florida International,2020,229.0,4.89,29.0,7.51,4.64,76.0,james morgan+2020,james morgan+Florida International,24.0,420.0,683.0,123.3,5312.0,7.777452415812592,8.163689604685212,40.0,12.0,286.5,59.0,-59.0,-2.0,3.0,4037.0,5575.8,221.33333333333334,2019.0,CUSA,2020,
338,5,167,BUF,Jake Fromm,QB,22.0,Georgia,2020,219.0,5.01,30.0,7.27,4.51,74.0,jake fromm+2020,jake fromm+Georgia,43.0,621.0,982.0,190.3,8224.0,8.374745417515275,9.167718940936865,78.0,18.0,472.5,134.0,40.0,0.3999999999999999,3.0,6054.0,9002.7,191.25581395348837,2019.0,SEC,2020,
339,6,189,JAX,Jake Luton,QB,24.0,Oregon St.,2020,224.0,,,,,78.0,jake luton+2020,jake luton+Oregon State,11.0,222.0,358.0,62.0,2714.0,7.581005586592179,8.8,28.0,3.0,149.8,44.0,-87.0,-2.0,1.0,2019.0,3150.4,246.72727272727272,2019.0,Pac-12,2020,
340,7,224,TEN,Cole McDonald,QB,22.0,Hawaii,2020,215.0,4.58,36.0,7.13,4.52,75.0,cole mcdonald+2020,cole mcdonald+Hawaii,27.0,611.0,995.0,122.69999999999999,8010.0,8.050251256281408,8.394572864321606,69.0,24.0,294.1,235.0,742.0,6.5,11.0,4037.0,8352.599999999999,296.6666666666667,2019.0,MWC,2020,
341,7,231,DAL,Ben DiNucci,QB,23.0,James Madison,2020,,,,,,,ben dinucci+2020,,,,,,,,,,,,,,,,,,,,,,
342,7,240,NOR,Tommy Stevens,QB,23.0,Mississippi St.,2020,,,,,,,tommy stevens+2020,,,,,,,,,,,,,,,,,,,,,,
343,7,244,MIN,Nate Stanley,QB,23.0,Iowa,2020,235.0,4.81,28.5,7.26,4.48,76.0,nate stanley+2020,,,,,,,,,,,,,,,,,,,,,,
344,1,1,JAX,Trevor Lawrence,QB,21.0,Clemson,2021,213.0,,,,,77.0,trevor lawrence+2021,trevor lawrence+Clemson,40.0,758.0,1138.0,200.2,10098.0,8.873462214411248,9.778734622144112,90.0,17.0,493.5,231.0,943.0,11.5,18.0,6057.0,11128.2,252.45,2020.0,ACC,2021,3.0
345,1,2,NYJ,Zach Wilson,QB,22.0,BYU,2021,214.0,,,,,74.0,zach wilson+2021,zach wilson+Brigham Young,12.0,247.0,336.0,73.5,3692.0,10.988095238095237,12.599999999999998,33.0,3.0,196.4,70.0,254.0,3.6,10.0,2020.0,4233.599999999999,307.6666666666667,2020.0,Ind,2021,3.0
346,1,3,SFO,Trey Lance,QB,21.0,North Dakota St.,2021,224.0,,,,,75.0,trey lance+2021,,,,,,,,,,,,,,,,,,,,,,3.0
347,1,11,CHI,Justin Fields,QB,22.0,Ohio St.,2021,227.0,4.45,,,,74.0,justin fields+2021,justin fields+Ohio State,22.0,396.0,579.0,137.4,5373.0,9.279792746113989,10.772538860103626,63.0,9.0,357.0,218.0,867.0,8.2,15.0,4039.0,6237.299999999999,244.22727272727272,2020.0,Big Ten,2021,3.0
348,1,15,NWE,Mac Jones,QB,23.0,Alabama,2021,217.0,4.72,32.0,7.04,4.39,74.0,mac jones+2021,mac jones+Alabama,13.0,311.0,402.0,77.4,4500.0,11.194029850746269,12.8,41.0,4.0,203.1,35.0,14.0,0.4,1.0,2020.0,5145.6,346.15384615384613,2020.0,SEC,2021,2.0
349,2,64,TAM,Kyle Trask,QB,23.0,Florida,2021,236.0,5.1,31.5,7.08,4.6,77.0,kyle trask+2021,kyle trask+Florida,24.0,538.0,791.0,135.8,7224.0,9.132743362831858,9.960176991150442,68.0,15.0,336.1,127.0,58.0,0.9,7.0,4039.0,7878.5,301.0,2020.0,SEC,2021,
350,3,66,MIN,Kellen Mond,QB,22.0,Texas A&M,2021,,,,,,,kellen mond+2021,kellen mond+Texas A&M,46.0,801.0,1358.0,233.7,9661.0,7.1141384388807065,7.277098674521355,71.0,27.0,521.8,438.0,1609.0,15.0,22.0,8074.0,9882.3,210.02173913043478,2020.0,SEC,2021,
351,3,67,HOU,Davis Mills,QB,22.0,Stanford,2021,217.0,4.82,32.0,6.95,4.4,75.0,davis mills+2021,davis mills+Stanford,5.0,129.0,195.0,66.2,1508.0,7.733333333333333,7.8,7.0,3.0,139.9,30.0,37.0,1.2,3.0,2020.0,1521.0,301.6,2020.0,Pac-12,2021,3.0
352,4,133,NOR,Ian Book,QB,23.0,Notre Dame,2021,211.0,4.65,32.5,6.99,4.19,72.0,ian book+2021,ian book+Notre Dame,35.0,682.0,1066.0,193.0,8492.0,7.966228893058162,8.566885553470918,68.0,16.0,447.4,323.0,1311.0,12.000000000000002,17.0,6057.0,9132.3,242.62857142857143,2020.0,ACC,2021,
353,6,218,IND,Sam Ehlinger,QB,22.0,Texas,2021,220.0,4.84,36.5,7.15,4.44,73.0,sam ehlinger+2021,sam ehlinger+Texas,37.0,765.0,1201.0,190.10000000000002,9521.0,7.927560366361366,8.571856786011656,83.0,20.0,449.3,440.0,1522.0,10.299999999999999,31.0,6057.0,10294.8,257.3243243243243,2020.0,Big 12,2021,
