Rk,Player,School,Conf,G,Rec,RecYds,RecAvg,RecTD,RushAtt,RushYds,RushAvg,RushTD,Plays,TotalYds,YardsPerPlay,TotalTDs
1,Kris Adams,UTEP,CUSA,13,47,1070,22.8,14,,,,,47,1070,22.8,14
2,Denarius Moore,Tennessee,SEC,13,47,981,20.9,9,7,82,11.7,1,54,1063,19.7,10
3,Kris Durham,Georgia,SEC,11,32,659,20.6,3,,,,,32,659,20.6,3
4,Markeith Summers,Ole Miss,SEC,12,28,575,20.5,6,1,20,20.0,0,29,595,20.5,6
5,Greg Jones,Navy,Ind,13,33,662,20.1,5,5,106,21.2,0,38,768,20.2,5
6,Aldrick Robinson,SMU,CUSA,14,65,1301,20.0,14,,,,,65,1301,20.0,14
7,Justin Veltung,Idaho,WAC,13,25,497,19.9,8,7,72,10.3,1,32,569,17.8,9
8,Cobi Hamilton,Arkansas,SEC,13,32,630,19.7,6,,,,,32,630,19.7,6
9,Vincent Brown,San Diego State,MWC,13,69,1352,19.6,10,1,-13,-13.0,0,70,1339,19.1,10
10,Josh Boyce,TCU,MWC,13,34,646,19.0,6,,,,,34,646,19.0,6
11,Mark Harrison,Rutgers,Big East,12,44,829,18.8,9,,,,,44,829,18.8,9
12,Jarius Wright,Arkansas,SEC,13,42,788,18.8,5,1,9,9.0,0,43,797,18.5,5
13,Danny Coale,Virginia Tech,ACC,14,39,732,18.8,3,1,-3,-3.0,0,40,729,18.2,3
14,Tavarres King,Georgia,SEC,12,27,504,18.7,3,,,,,27,504,18.7,3
15,Darvin Adams,Auburn,SEC,14,52,963,18.5,7,,,,,52,963,18.5,7
16,Junior Hemingway,Michigan,Big Ten,10,32,593,18.5,4,,,,,32,593,18.5,4
17,Marquess Wilson,Washington State,Pac-10,12,55,1006,18.3,6,,,,,55,1006,18.3,6
18,Nathan Palmer,Northern Illinois,MAC,14,29,532,18.3,6,3,23,7.7,0,32,555,17.3,6
19,Demarco Sampson,San Diego State,MWC,13,67,1220,18.2,8,4,11,2.8,0,71,1231,17.3,8
20,Tyler Shoemaker,Boise State,WAC,13,32,582,18.2,5,1,-1,-1.0,0,33,581,17.6,5
21,Kinsman Thomas,Eastern Michigan,MAC,11,26,473,18.2,4,,,,,26,473,18.2,4
22,Ladarius Green,Louisiana,Sun Belt,10,44,794,18.0,7,,,,,44,794,18.0,7
23,Travis Benjamin,Miami (FL),ACC,13,43,743,17.3,3,3,44,14.7,0,46,787,17.1,3
24,Aaron Spikes,Louisiana,Sun Belt,12,23,398,17.3,6,103,339,3.3,2,126,737,5.8,8
25,Alshon Jeffery,South Carolina,SEC,14,88,1517,17.2,9,,,,,88,1517,17.2,9
26,Dane Sanzenbacher,Ohio State,Big Ten,13,55,948,17.2,11,4,14,3.5,1,59,962,16.3,12
27,Marcus Rucker,Memphis,CUSA,12,41,704,17.2,8,1,0,0.0,0,42,704,16.8,8
28,Phillip Payne,UNLV,MWC,11,40,689,17.2,5,,,,,40,689,17.2,5
29,Chip Reeves,Troy,Sun Belt,13,30,515,17.2,5,1,5,5.0,0,31,520,16.8,5
30,Titus Young,Boise State,WAC,13,71,1215,17.1,9,14,94,6.7,1,85,1309,15.4,10
31,Josh Gordon,Baylor,Big 12,13,42,714,17.0,7,,,,,42,714,17.0,7
32,Daniel Hardy,Idaho,WAC,8,32,545,17.0,1,,,,,32,545,17.0,1
33,Devonte Christopher,Utah,MWC,12,39,660,16.9,6,,,,,39,660,16.9,6
34,Emory Blake,Auburn,SEC,14,33,554,16.8,8,,,,,33,554,16.8,8
35,Derek Moye,Penn State,Big Ten,13,53,885,16.7,8,2,39,19.5,0,55,924,16.8,8
36,Jack Tomlinson,Ball State,MAC,10,29,484,16.7,6,,,,,29,484,16.7,6
37,Jamar Newsome,UCF,CUSA,14,37,616,16.6,3,3,15,5.0,1,40,631,15.8,4
38,Trae Johnson,Tulsa,CUSA,12,30,498,16.6,3,,,,,30,498,16.6,3
39,T.J. Simpson,Arizona State,Pac-10,12,29,481,16.6,0,,,,,29,481,16.6,0
40,Taylor Stockemer,Arkansas State,Sun Belt,11,34,560,16.5,5,,,,,34,560,16.5,5
41,Cameron Kenney,Oklahoma,Big 12,14,33,544,16.5,4,,,,,33,544,16.5,4
42,Rueben Randle,LSU,SEC,13,33,544,16.5,3,,,,,33,544,16.5,3
43,Jermaine McKenzie,Memphis,CUSA,11,25,409,16.4,3,,,,,25,409,16.4,3
44,Joe Adams,Arkansas,SEC,12,50,813,16.3,6,6,32,5.3,0,56,845,15.1,6
45,Marvin McNutt,Iowa,Big Ten,13,53,861,16.2,8,1,5,5.0,0,54,866,16.0,8
46,Derrell Johnson-Koulianos,Iowa,Big Ten,12,46,745,16.2,10,5,40,8.0,0,51,785,15.4,10
47,Orson Charles,Georgia,SEC,13,26,422,16.2,2,,,,,26,422,16.2,2
48,Justin Blackmon,Oklahoma State,Big 12,12,111,1782,16.1,20,4,77,19.3,1,115,1859,16.2,21
49,Leonard Hankerson,Miami (FL),ACC,13,72,1156,16.1,13,,,,,72,1156,16.1,13
50,Eric Greenwood,Idaho,WAC,13,46,741,16.1,6,,,,,46,741,16.1,6
51,Michael Campbell,Temple,MAC,12,45,724,16.1,6,,,,,45,724,16.1,6
52,Rob Housler,Florida Atlantic,Sun Belt,12,39,629,16.1,4,1,29,29.0,0,40,658,16.5,4
53,Deantre Lewis,Arizona State,Pac-10,11,23,370,16.1,2,92,539,5.9,4,115,909,7.9,6
54,Jermaine Kearse,Washington,Pac-10,13,63,1005,16.0,12,,,,,63,1005,16.0,12
55,Devier Posey,Ohio State,Big Ten,13,53,848,16.0,7,,,,,53,848,16.0,7
56,Jarrett Boykin,Virginia Tech,ACC,14,53,847,16.0,6,,,,,53,847,16.0,6
57,Dontrelle Inman,Virginia,ACC,12,51,815,16.0,3,,,,,51,815,16.0,3
58,Rod Streater,Temple,MAC,12,30,481,16.0,4,7,83,11.9,1,37,564,15.2,5
59,Greg Salas,Hawaii,WAC,14,119,1889,15.9,14,,,,,119,1889,15.9,14
60,Zach Bolger,Wyoming,MWC,11,28,446,15.9,3,,,,,28,446,15.9,3
61,Alex Neutz,Buffalo,MAC,11,26,414,15.9,4,,,,,26,414,15.9,4
62,Marcus Sales,Syracuse,Big East,11,26,414,15.9,4,,,,,26,414,15.9,4
63,D.J. Woods,Cincinnati,Big East,12,57,898,15.8,8,11,87,7.9,2,68,985,14.5,10
64,Chris Owusu,Stanford,Pac-10,7,25,396,15.8,3,2,32,16.0,0,27,428,15.9,3
65,Torrey Smith,Maryland,ACC,13,67,1055,15.7,12,9,7,0.8,0,76,1062,14.0,12
66,Rishard Matthews,Nevada,WAC,14,56,879,15.7,5,5,76,15.2,2,61,955,15.7,7
67,Kelvin Bolden,Southern Mississippi,CUSA,12,46,722,15.7,6,5,27,5.4,0,51,749,14.7,6
68,Aaron Dobson,Marshall,CUSA,12,44,689,15.7,5,2,18,9.0,0,46,707,15.4,5
69,Da'Jon McKnight,Minnesota,Big Ten,12,48,750,15.6,10,,,,,48,750,15.6,10
70,Ryan Grant,Tulane,CUSA,12,33,515,15.6,4,5,3,0.6,0,38,518,13.6,4
71,Patrick Edwards,Houston,CUSA,12,71,1100,15.5,13,1,-9,-9.0,0,72,1091,15.2,13
72,Jonathan Baldwin,Pitt,Big East,13,53,822,15.5,5,3,3,1.0,0,56,825,14.7,5
73,Mark Dell,Michigan State,Big Ten,13,51,788,15.5,6,,,,,51,788,15.5,6
74,Kierrie Johnson,Houston,CUSA,12,37,572,15.5,6,,,,,37,572,15.5,6
75,Coby Fleener,Stanford,Pac-10,13,28,434,15.5,7,,,,,28,434,15.5,7
76,Steven Goulet,Ohio,MAC,13,25,388,15.5,1,8,79,9.9,0,33,467,14.2,1
77,Lester Jean,Florida Atlantic,Sun Belt,12,64,988,15.4,8,2,-16,-8.0,0,66,972,14.7,8
78,Jeremy Ebert,Northwestern,Big Ten,13,62,953,15.4,8,5,21,4.2,0,67,974,14.5,8
79,Lance Kendricks,Wisconsin,Big Ten,13,43,663,15.4,5,2,-10,-5.0,0,45,653,14.5,5
80,Willie Haulstead,Florida State,ACC,13,38,587,15.4,6,0,6,,0,38,593,15.6,6
81,Jalen Saunders,Fresno State,WAC,13,30,462,15.4,3,19,166,8.7,0,49,628,12.8,3
82,Dwight Jones,North Carolina,ACC,13,62,946,15.3,4,,,,,62,946,15.3,4
83,Damaris Johnson,Tulsa,CUSA,13,57,872,15.3,4,55,560,10.2,7,112,1432,12.8,11
84,Marvin Jones,California,Pac-10,12,50,765,15.3,4,6,94,15.7,1,56,859,15.3,5
85,Patrick Hearn,UAB,CUSA,12,35,536,15.3,4,3,11,3.7,0,38,547,14.4,4
86,Duwyce Wilson,Indiana,Big Ten,12,32,488,15.3,3,,,,,32,488,15.3,3
87,Shaky Smithson,Utah,MWC,13,25,383,15.3,3,4,33,8.3,0,29,416,14.3,3
88,Chris Matthews,Kentucky,SEC,13,61,925,15.2,9,,,,,61,925,15.2,9
89,Owen Spencer,North Carolina State,ACC,13,60,912,15.2,4,,,,,60,912,15.2,4
90,Jimmy Young,TCU,MWC,13,32,486,15.2,4,,,,,32,486,15.2,4
91,Kamar Aiken,UCF,CUSA,14,32,486,15.2,2,,,,,32,486,15.2,2
92,Daniel Blackledge,Washington State,Pac-10,11,30,456,15.2,3,2,16,8.0,0,32,472,14.8,3
93,Allen Muse,Arkansas State,Sun Belt,12,42,635,15.1,5,1,2,2.0,0,43,637,14.8,5
94,Paul Richardson,Colorado,Big 12,12,34,514,15.1,6,6,7,1.2,0,40,521,13.0,6
95,Ted Bolser,Indiana,Big Ten,12,27,407,15.1,5,,,,,27,407,15.1,5
96,Andrell Smith,Louisville,Big East,13,25,377,15.1,3,,,,,25,377,15.1,3
97,Juron Criner,Arizona,Pac-10,13,82,1233,15.0,11,8,66,8.3,0,90,1299,14.4,11
98,Jamel Hamler,Fresno State,WAC,12,54,812,15.0,6,1,-1,-1.0,0,55,811,14.7,6
99,Deonte Thompson,Florida,SEC,13,38,570,15.0,1,,,,,38,570,15.0,1
100,A.J. Green,Georgia,SEC,9,57,848,14.9,9,3,44,14.7,0,60,892,14.9,9
101,Aubrey Quarles,Kansas State,Big 12,13,51,760,14.9,5,3,41,13.7,0,54,801,14.8,5
102,Van Chew,Syracuse,Big East,12,41,611,14.9,5,,,,,41,611,14.9,5
103,Kealoha Pilares,Hawaii,WAC,13,88,1306,14.8,15,,,,,88,1306,14.8,15
104,Jeff Fuller,Texas A&M,Big 12,13,72,1066,14.8,12,,,,,72,1066,14.8,12
105,Doug Baldwin,Stanford,Pac-10,13,58,857,14.8,9,3,39,13.0,0,61,896,14.7,9
106,Jordan White,Western Michigan,MAC,12,94,1378,14.7,10,3,29,9.7,0,97,1407,14.5,10
107,Armon Binns,Cincinnati,Big East,12,75,1101,14.7,10,,,,,75,1101,14.7,10
108,Noel Grigsby,San Jose State,WAC,13,56,822,14.7,4,,,,,56,822,14.7,4
109,Marquis Maze,Alabama,SEC,13,38,557,14.7,3,3,15,5.0,0,41,572,14.0,3
110,Virgil Green,Nevada,WAC,14,35,515,14.7,5,4,19,4.8,0,39,534,13.7,5
111,Chris Givens,Wake Forest,ACC,11,35,514,14.7,4,16,63,3.9,2,51,577,11.3,6
112,Brandon Sullivan,San Diego State,MWC,13,26,383,14.7,3,40,124,3.1,7,66,507,7.7,10
113,Dontavia Bogan,South Florida,Big East,12,47,685,14.6,6,2,23,11.5,0,49,708,14.4,6
114,Julio Jones,Alabama,SEC,13,78,1133,14.5,7,8,135,16.9,2,86,1268,14.7,9
115,Anthony McCall,Louisiana-Monroe,Sun Belt,12,33,479,14.5,2,,,,,33,479,14.5,2
116,Rodney Smith,Florida State,ACC,14,31,448,14.5,3,,,,,31,448,14.5,3
117,Arceto Clark,Mississippi State,SEC,13,25,362,14.5,3,,,,,25,362,14.5,3
118,T.Y. Hilton,Florida International,Sun Belt,13,59,848,14.4,5,30,282,9.4,4,89,1130,12.7,9
119,Chad Bumphis,Mississippi State,SEC,12,44,634,14.4,5,19,131,6.9,0,63,765,12.1,5
120,Terrence McCrae,Ohio,MAC,13,35,505,14.4,9,3,7,2.3,0,38,512,13.5,9
121,John Chiles,Texas,Big 12,11,29,418,14.4,1,2,18,9.0,0,31,436,14.1,1
122,Greg Childs,Arkansas,SEC,8,46,659,14.3,6,,,,,46,659,14.3,6
123,Willie Clark,Northern Illinois,MAC,14,42,602,14.3,7,,,,,42,602,14.3,7
124,Frantrell Forrest,UAB,CUSA,9,39,558,14.3,4,8,21,2.6,0,47,579,12.3,4
125,Tyrone Pronty,Bowling Green State,MAC,12,35,502,14.3,3,3,17,5.7,0,38,519,13.7,3
126,Darius Hanks,Alabama,SEC,13,32,456,14.3,3,2,7,3.5,0,34,463,13.6,3
127,Riley Dunlop,Ohio,MAC,13,27,387,14.3,3,2,18,9.0,1,29,405,14.0,4
128,Greg Ellingson,Florida International,Sun Belt,12,43,612,14.2,5,,,,,43,612,14.2,5
129,Marcus Allen,New Mexico State,WAC,12,42,598,14.2,2,17,100,5.9,1,59,698,11.8,3
130,Marcus Lattimore,South Carolina,SEC,13,29,412,14.2,2,249,1197,4.8,17,278,1609,5.8,19
131,Royce Pollard,Hawaii,WAC,14,64,901,14.1,7,,,,,64,901,14.1,7
132,Terrell Zachery,Auburn,SEC,14,43,605,14.1,4,11,71,6.5,0,54,676,12.5,4
133,Terrence Toliver,LSU,SEC,13,41,579,14.1,5,,,,,41,579,14.1,5
134,Vance McDonald,Rice,CUSA,10,28,396,14.1,8,3,19,6.3,0,31,415,13.4,8
135,Jeff Maehl,Oregon,Pac-10,13,77,1076,14.0,12,1,-1,-1.0,0,78,1075,13.8,12
136,James Cleveland,Houston,CUSA,11,57,800,14.0,6,1,-1,-1.0,0,58,799,13.8,6
137,Marqueis Gray,Minnesota,Big Ten,12,42,587,14.0,5,23,110,4.8,1,65,697,10.7,6
138,Mike Jones,UAB,CUSA,12,38,531,14.0,7,2,-8,-4.0,0,40,523,13.1,7
139,Jalal Beauchman,San Jose State,WAC,13,60,835,13.9,6,,,,,60,835,13.9,6
140,Brian Watters,UCF,CUSA,14,47,651,13.9,2,1,11,11.0,0,48,662,13.8,2
141,Lou Greenwood,Colorado State,MWC,12,34,474,13.9,2,16,61,3.8,1,50,535,10.7,3
142,Lucas Reed,New Mexico,MWC,11,33,459,13.9,5,,,,,33,459,13.9,5
143,Austin Zouzalik,Texas Tech,Big 12,12,31,432,13.9,2,,,,,31,432,13.9,2
144,Evan Landi,South Florida,Big East,13,28,390,13.9,2,,,,,28,390,13.9,2
145,Erik Highsmith,North Carolina,ACC,13,25,348,13.9,3,,,,,25,348,13.9,3
146,Malcolm Williams,Texas,Big 12,12,24,334,13.9,2,3,10,3.3,0,27,344,12.7,2
147,Kris Burd,Virginia,ACC,12,58,799,13.8,5,3,7,2.3,0,61,806,13.2,5
148,Marcus Rivers,Buffalo,MAC,12,50,690,13.8,5,,,,,50,690,13.8,5
149,Darius Carey,North Texas,Sun Belt,12,38,524,13.8,5,5,65,13.0,1,43,589,13.7,6
150,Josh Bellamy,Louisville,Big East,13,29,401,13.8,5,1,12,12.0,0,30,413,13.8,5
151,Willie McNeal,Western Kentucky,Sun Belt,12,26,360,13.8,2,17,70,4.1,0,43,430,10.0,2
152,Cody Wilson,Central Michigan,MAC,12,83,1137,13.7,5,18,95,5.3,1,101,1232,12.2,6
153,Jarvis Williams,North Carolina State,ACC,13,52,713,13.7,5,,,,,52,713,13.7,5
154,Johdrick Morris,Southern Mississippi,CUSA,12,50,684,13.7,4,1,-9,-9.0,0,51,675,13.2,4
155,Mike Shanahan,Pitt,Big East,13,43,589,13.7,1,,,,,43,589,13.7,1
156,Justin Brown,Penn State,Big Ten,13,33,452,13.7,1,2,-12,-6.0,0,35,440,12.6,1
157,Jalil Carter,Akron,MAC,12,30,412,13.7,2,2,28,14.0,0,32,440,13.8,2
158,Nick Harwell,Miami (OH),MAC,14,64,871,13.6,6,5,21,4.2,0,69,892,12.9,6
159,Tavon Austin,West Virginia,Big East,13,58,787,13.6,8,16,161,10.1,1,74,948,12.8,9
160,James Kirkendoll,Texas,Big 12,12,52,707,13.6,2,2,-10,-5.0,0,54,697,12.9,2
161,Melvin Harris,Ole Miss,SEC,11,30,408,13.6,3,,,,,30,408,13.6,3
162,Eric Lair,Minnesota,Big Ten,12,39,526,13.5,2,1,9,9.0,0,40,535,13.4,2
163,Brett Brackett,Penn State,Big Ten,13,39,525,13.5,5,,,,,39,525,13.5,5
164,Jamaal Jackson,North Texas,Sun Belt,11,33,446,13.5,4,2,6,3.0,0,35,452,12.9,4
165,Bart Johnson,TCU,MWC,13,31,419,13.5,4,,,,,31,419,13.5,4
166,Anthony Elzy,North Carolina,ACC,11,25,338,13.5,2,72,296,4.1,2,97,634,6.5,4
167,Austin Pettis,Boise State,WAC,13,71,951,13.4,10,,,,,71,951,13.4,10
168,Michael Smith,Connecticut,Big East,13,46,615,13.4,2,,,,,46,615,13.4,2
169,Malcolm Beyah,Middle Tennessee State,Sun Belt,13,29,388,13.4,2,6,23,3.8,0,35,411,11.7,2
170,Alex Green,Hawaii,WAC,14,27,363,13.4,1,146,1199,8.2,18,173,1562,9.0,19
171,Devon Smith,Penn State,Big Ten,13,27,363,13.4,1,15,42,2.8,0,42,405,9.6,1
172,Conner Vernon,Duke,ACC,12,73,973,13.3,4,5,40,8.0,0,78,1013,13.0,4
173,A.J. Jenkins,Illinois,Big Ten,13,56,746,13.3,7,,,,,56,746,13.3,7
174,La'Rod King,Kentucky,SEC,13,36,478,13.3,5,,,,,36,478,13.3,5
175,Gerell Robinson,Arizona State,Pac-10,11,29,387,13.3,5,,,,,29,387,13.3,5
176,Ja-Mes Logan,Ole Miss,SEC,12,29,387,13.3,2,,,,,29,387,13.3,2
177,Marcus Barnett,Cincinnati,Big East,12,25,333,13.3,2,,,,,25,333,13.3,2
178,Niles Paul,Nebraska,Big 12,12,39,516,13.2,1,5,14,2.8,0,44,530,12.0,1
179,Cortez Smith,Purdue,Big Ten,12,33,434,13.2,4,2,8,4.0,0,35,442,12.6,4
180,Chris Harper,Kansas State,Big 12,13,25,330,13.2,4,5,47,9.4,0,30,377,12.6,4
181,Jerrell Jackson,Missouri,Big 12,12,50,656,13.1,3,4,22,5.5,1,54,678,12.6,4
182,Martel Moore,Northern Illinois,MAC,14,40,525,13.1,4,,,,,40,525,13.1,4
183,Matt Snyder,Virginia,ACC,12,30,393,13.1,0,,,,,30,393,13.1,0
184,Michael Floyd,Notre Dame,Ind,12,79,1025,13.0,12,1,9,9.0,0,80,1034,12.9,12
185,Roy Roundtree,Michigan,Big Ten,13,72,935,13.0,7,,,,,72,935,13.0,7
186,Jason Bruce,Troy,Sun Belt,13,47,613,13.0,5,4,35,8.8,0,51,648,12.7,5
187,Joe Halahuni,Oregon State,Pac-10,12,30,390,13.0,6,,,,,30,390,13.0,6
188,Tyler Eifert,Notre Dame,Ind,11,27,352,13.0,2,,,,,27,352,13.0,2
189,Kenny Stills,Oklahoma,Big 12,14,61,786,12.9,5,,,,,61,786,12.9,5
190,Kerry Taylor,Arizona State,Pac-10,12,54,699,12.9,3,,,,,54,699,12.9,3
191,Darryl Stonum,Michigan,Big Ten,13,49,633,12.9,4,,,,,49,633,12.9,4
192,Bobby Swigert,Boston College,ACC,13,39,504,12.9,4,,,,,39,504,12.9,4
193,Luke Willson,Rice,CUSA,11,33,425,12.9,3,,,,,33,425,12.9,3
194,Ben Thayer,Eastern Michigan,MAC,12,30,386,12.9,3,1,32,32.0,0,31,418,13.5,3
195,Carl Moore,Florida,SEC,13,27,349,12.9,1,,,,,27,349,12.9,1
196,Taiwan Easterling,Florida State,ACC,14,43,551,12.8,5,1,-8,-8.0,0,44,543,12.3,5
197,Nick Toon,Wisconsin,Big Ten,9,36,459,12.8,3,2,10,5.0,0,38,469,12.3,3
198,Maurice Shaw,Idaho,WAC,13,32,410,12.8,2,,,,,32,410,12.8,2
199,Taylor Embree,UCLA,Pac-10,12,32,409,12.8,0,1,0,0.0,0,33,409,12.4,0
200,Kito Poblah,Central Michigan,MAC,12,44,558,12.7,5,2,11,5.5,0,46,569,12.4,5
201,Jeffery Anderson,UAB,CUSA,12,32,407,12.7,4,,,,,32,407,12.7,4
202,Jaron Brown,Clemson,ACC,12,32,405,12.7,3,8,63,7.9,0,40,468,11.7,3
203,Devin Street,Pitt,Big East,13,25,318,12.7,2,3,16,5.3,0,28,334,11.9,2
204,John Cole,Vanderbilt,SEC,12,25,317,12.7,1,1,-1,-1.0,0,26,316,12.2,1
205,Tyshon Goode,Kent State,MAC,12,59,743,12.6,5,1,3,3.0,0,60,746,12.4,5
206,Ty Kirk,New Mexico,MWC,12,38,477,12.6,2,7,12,1.7,0,45,489,10.9,2
207,Kashif Moore,Connecticut,Big East,13,36,452,12.6,4,5,5,1.0,0,41,457,11.1,4
208,A.J. Guyton,UCF,CUSA,13,28,353,12.6,3,5,7,1.4,0,33,360,10.9,3
209,Devin Aguilar,Washington,Pac-10,11,28,352,12.6,2,,,,,28,352,12.6,2
210,Darrell Davis,North Carolina State,ACC,12,26,327,12.6,3,,,,,26,327,12.6,3
211,T.J. Graham,North Carolina State,ACC,13,25,316,12.6,4,1,-7,-7.0,0,26,309,11.9,4
212,Lance Lewis,East Carolina,CUSA,13,89,1116,12.5,14,,,,,89,1116,12.5,14
213,Lyle Leong,Texas Tech,Big 12,13,74,926,12.5,19,,,,,74,926,12.5,19
214,Cody Hoffman,Brigham Young,MWC,13,42,527,12.5,7,,,,,42,527,12.5,7
215,Brandon Barden,Vanderbilt,SEC,12,34,425,12.5,3,,,,,34,425,12.5,3
216,Ryan Broyles,Oklahoma,Big 12,14,131,1622,12.4,14,,,,,131,1622,12.4,14
217,Jereme Brooks,Utah,MWC,13,51,633,12.4,4,2,-8,-4.0,0,53,625,11.8,4
218,Scotty McKnight,Colorado,Big 12,12,50,621,12.4,7,,,,,50,621,12.4,7
219,Jeremy Lafrance,Akron,MAC,10,43,534,12.4,6,1,10,10.0,1,44,544,12.4,7
220,Alec Lemon,Syracuse,Big East,12,32,397,12.4,4,1,-2,-2.0,0,33,395,12.0,4
221,Stanley Havili,USC,Pac-10,13,32,396,12.4,2,26,166,6.4,1,58,562,9.7,3
222,Bryant Williams,New Mexico,MWC,10,24,298,12.4,3,3,12,4.0,0,27,310,11.5,3
223,Jacquise Terry,Kent State,MAC,12,23,285,12.4,2,151,542,3.6,7,174,827,4.8,9
224,Donovan Varner,Duke,ACC,12,60,736,12.3,1,6,2,0.3,1,66,738,11.2,2
225,Markus Wheaton,Oregon State,Pac-10,12,55,675,12.3,4,27,220,8.1,2,82,895,10.9,6
226,Deandre Hopkins,Clemson,ACC,12,52,637,12.3,4,,,,,52,637,12.3,4
227,Alex Torres,Texas Tech,Big 12,11,39,481,12.3,3,,,,,39,481,12.3,3
228,Mike Willie,Arizona State,Pac-10,12,36,442,12.3,6,,,,,36,442,12.3,6
229,Landon Cox,Northern Illinois,MAC,14,35,429,12.3,3,1,4,4.0,0,36,433,12.0,3
230,Keshawn Martin,Michigan State,Big Ten,11,32,394,12.3,1,18,157,8.7,0,50,551,11.0,1
231,Tannar Rehrer,Memphis,CUSA,12,23,284,12.3,0,,,,,23,284,12.3,0
232,Cole Beasley,SMU,CUSA,14,87,1060,12.2,6,,,,,87,1060,12.2,6
233,Kendall Wright,Baylor,Big 12,13,78,952,12.2,7,8,53,6.6,0,86,1005,11.7,7
234,Robert Woods,USC,Pac-10,13,65,792,12.2,6,6,50,8.3,0,71,842,11.9,6
235,B.J. Cunningham,Michigan State,Big Ten,12,50,611,12.2,9,1,0,0.0,0,51,611,12.0,9
236,Charles Clay,Tulsa,CUSA,13,43,526,12.2,7,34,226,6.6,0,77,752,9.8,7
237,Thomas Roberson,Tulsa,CUSA,13,30,367,12.2,2,8,67,8.4,0,38,434,11.4,2
238,Darius Darks,Iowa State,Big 12,12,29,355,12.2,1,,,,,29,355,12.2,1
239,Wayne Times,Florida International,Sun Belt,13,28,341,12.2,1,5,31,6.2,1,33,372,11.3,2
240,Randall Cobb,Kentucky,SEC,13,84,1017,12.1,7,55,424,7.7,5,139,1441,10.4,12
241,Doug Martin,Boise State,WAC,13,28,338,12.1,2,201,1260,6.3,12,229,1598,7.0,14
242,D'Andre Goodwin,Washington,Pac-10,13,44,530,12.0,4,,,,,44,530,12.0,4
243,Adonis Thomas,Toledo,MAC,13,31,372,12.0,2,175,1098,6.3,8,206,1470,7.1,10
244,Quentin Pierce,Southern Mississippi,CUSA,12,38,454,11.9,4,,,,,38,454,11.9,4
245,Terrence Miller,Arizona,Pac-10,13,29,345,11.9,0,2,13,6.5,0,31,358,11.5,0
246,Lance Dunbar,North Texas,Sun Belt,12,28,332,11.9,3,274,1553,5.7,13,302,1885,6.2,16
247,Courtney Edmonson,Marshall,CUSA,10,25,298,11.9,2,1,4,4.0,0,26,302,11.6,2
248,Casey Robottom,Tulane,CUSA,10,56,663,11.8,4,,,,,56,663,11.8,4
249,Brandon Wimberly,Nevada,WAC,14,41,482,11.8,0,5,55,11.0,0,46,537,11.7,0
250,Cameron Graham,Louisville,Big East,13,40,470,11.8,5,,,,,40,470,11.8,5
251,Antavious Wilson,Marshall,CUSA,8,29,342,11.8,5,,,,,29,342,11.8,5
252,William Wright,Arizona,Pac-10,9,25,294,11.8,2,2,31,15.5,0,27,325,12.0,2
253,Tavarese Maye,Louisiana-Monroe,Sun Belt,12,43,505,11.7,3,11,103,9.4,1,54,608,11.3,4
254,Dontel Watkins,Utah State,WAC,12,42,492,11.7,4,3,26,8.7,0,45,518,11.5,4
255,Kyle Rudolph,Notre Dame,Ind,6,28,328,11.7,3,,,,,28,328,11.7,3
256,Avery Holley,Florida Atlantic,Sun Belt,11,25,293,11.7,1,3,20,6.7,0,28,313,11.2,1
257,Todd Lee,New Mexico State,WAC,12,24,280,11.7,3,5,53,10.6,0,29,333,11.5,3
258,Kamar Jorden,Bowling Green State,MAC,12,96,1109,11.6,4,,,,,96,1109,11.6,4
259,Luther Ambrose,Louisiana-Monroe,Sun Belt,12,65,752,11.6,6,10,13,1.3,0,75,765,10.2,6
260,D.J. Williams,Arkansas,SEC,13,54,627,11.6,4,,,,,54,627,11.6,4
261,Demetrius Fields,Northwestern,Big Ten,13,25,291,11.6,2,,,,,25,291,11.6,2
262,Ryan Swope,Texas A&M,Big 12,13,72,825,11.5,4,11,58,5.3,0,83,883,10.6,4
263,Joseph Randle,Oklahoma State,Big 12,13,37,427,11.5,1,82,452,5.5,2,119,879,7.4,3
264,Jake Williams,Iowa State,Big 12,12,35,404,11.5,4,,,,,35,404,11.5,4
265,Luke Ashworth,Brigham Young,MWC,13,32,368,11.5,7,,,,,32,368,11.5,7
266,T.J. Moe,Missouri,Big 12,13,92,1045,11.4,6,12,81,6.8,1,104,1126,10.8,7
267,Sidney Stewart,Northwestern,Big Ten,13,40,454,11.4,0,,,,,40,454,11.4,0
268,Malcolm Shepherd,Nevada,WAC,14,35,399,11.4,1,10,89,8.9,0,45,488,10.8,1
269,Brent Leonard,Louisiana-Monroe,Sun Belt,12,33,377,11.4,3,,,,,33,377,11.4,3
270,Marlon McClure,UTEP,CUSA,12,30,343,11.4,1,8,33,4.1,0,38,376,9.9,1
271,Armand Robinson,Miami (OH),MAC,14,94,1062,11.3,6,11,50,4.5,0,105,1112,10.6,6
272,Juan Nunez,Western Michigan,MAC,12,91,1032,11.3,10,,,,,91,1032,11.3,10
273,Terrance Williams,Baylor,Big 12,13,43,484,11.3,4,1,3,3.0,0,44,487,11.1,4
274,Uzoma Nwachukwu,Texas A&M,Big 12,13,36,407,11.3,4,3,12,4.0,0,39,419,10.7,4
275,Dwayne Allen,Clemson,ACC,13,33,373,11.3,1,,,,,33,373,11.3,1
276,Aaron Pflugrad,Arizona State,Pac-10,11,29,329,11.3,2,1,3,3.0,0,30,332,11.1,2
277,Darius Reynolds,Iowa State,Big 12,12,25,283,11.3,2,2,-7,-3.5,0,27,276,10.2,2
278,Marshall Williams,Wake Forest,ACC,12,24,272,11.3,2,,,,,24,272,11.3,2
279,Eric Page,Toledo,MAC,13,99,1105,11.2,8,2,-13,-6.5,0,101,1092,10.8,8
280,Tandon Doss,Indiana,Big Ten,11,63,706,11.2,7,28,163,5.8,1,91,869,9.5,8
281,Michael Johnson,UNLV,MWC,13,51,571,11.2,5,2,-2,-1.0,0,53,569,10.7,5
282,Brandon Kinnie,Nebraska,Big 12,14,44,494,11.2,5,,,,,44,494,11.2,5
283,Toney Clemons,Colorado,Big 12,12,43,482,11.2,3,3,17,5.7,0,46,499,10.8,3
284,D.J. Davis,Oregon,Pac-10,13,42,470,11.2,3,,,,,42,470,11.2,3
285,Drew Davis,Oregon,Pac-10,13,42,470,11.2,3,0,0,,0,42,470,11.2,3
286,Cooper Helfet,Duke,ACC,11,34,380,11.2,2,,,,,34,380,11.2,2
287,Travis Cobb,Arizona,Pac-10,12,26,290,11.2,1,6,40,6.7,0,32,330,10.3,1
288,Tyler Stradford,North Texas,Sun Belt,9,24,268,11.2,2,,,,,24,268,11.2,2
289,Dwayne Harris,East Carolina,CUSA,13,101,1123,11.1,10,16,104,6.5,0,117,1227,10.5,10
290,Tebiarus Gill,Troy,Sun Belt,13,52,578,11.1,6,,,,,52,578,11.1,6
291,David Roberts,Arizona,Pac-10,12,44,487,11.1,2,1,9,9.0,0,45,496,11.0,2
292,McKay Jacobson,Brigham Young,MWC,13,37,410,11.1,1,,,,,37,410,11.1,1
293,Garrett Andrews,Middle Tennessee State,Sun Belt,13,34,377,11.1,2,,,,,34,377,11.1,2
294,Nick Provo,Syracuse,Big East,13,33,365,11.1,1,,,,,33,365,11.1,1
295,Jerry Harris,Central Michigan,MAC,12,30,332,11.1,3,3,-6,-2.0,0,33,326,9.9,3
296,Marcus Vasquez,Western Kentucky,Sun Belt,9,30,332,11.1,3,,,,,30,332,11.1,3
297,Gavin Escobar,San Diego State,MWC,13,29,323,11.1,4,,,,,29,323,11.1,4
298,Allen Reisner,Iowa,Big Ten,13,42,460,11.0,2,,,,,42,460,11.0,2
299,Lavasier Tuinei,Oregon,Pac-10,11,36,396,11.0,2,,,,,36,396,11.0,2
300,Rashad Evans,Fresno State,WAC,11,39,424,10.9,4,4,11,2.8,0,43,435,10.1,4
301,Chris Pantale,Boston College,ACC,13,31,338,10.9,1,,,,,31,338,10.9,1
302,Jackie Williams,UAB,CUSA,12,30,327,10.9,3,12,45,3.8,1,42,372,8.9,4
303,Michael Hayes,Houston,CUSA,12,30,327,10.9,2,150,629,4.2,8,180,956,5.3,10
304,Darius Johnson,SMU,CUSA,13,78,845,10.8,6,,,,,78,845,10.8,6
305,Josh Cooper,Oklahoma State,Big 12,13,68,736,10.8,5,3,39,13.0,0,71,775,10.9,5
306,Ronald Johnson,USC,Pac-10,13,64,692,10.8,8,5,25,5.0,0,69,717,10.4,8
307,Gerald Jones,Tennessee,SEC,10,55,596,10.8,4,6,13,2.2,0,61,609,10.0,4
308,Laron Byrd,Miami (FL),ACC,13,41,441,10.8,1,,,,,41,441,10.8,1
309,Wes Kemp,Missouri,Big 12,13,39,420,10.8,3,1,9,9.0,0,40,429,10.7,3
310,Brandon Bolden,Ole Miss,SEC,12,32,344,10.8,3,163,976,6.0,14,195,1320,6.8,17
311,Aaron Nichols,Oregon State,Pac-10,12,31,336,10.8,1,,,,,31,336,10.8,1
312,Damarlo Belcher,Indiana,Big Ten,12,78,832,10.7,4,,,,,78,832,10.7,4
313,Dwayne Frampton,Arkansas State,Sun Belt,12,69,738,10.7,6,14,12,0.9,0,83,750,9.0,6
314,Sam Kirkland,Kent State,MAC,12,56,599,10.7,1,3,84,28.0,0,59,683,11.6,1
315,Keenan Allen,California,Pac-10,11,46,490,10.7,5,18,136,7.6,1,64,626,9.8,6
316,Doug Beaumont,Louisville,Big East,11,41,440,10.7,1,,,,,41,440,10.7,1
317,Ryan Whalen,Stanford,Pac-10,11,41,439,10.7,2,,,,,41,439,10.7,2
318,Luke Stocker,Tennessee,SEC,13,39,417,10.7,2,,,,,39,417,10.7,2
319,Nelson Rosario,UCLA,Pac-10,9,29,309,10.7,1,,,,,29,309,10.7,1
320,Adrian Hilburn,Kansas State,Big 12,13,28,299,10.7,2,,,,,28,299,10.7,2
321,Jock Sanders,West Virginia,Big East,13,69,728,10.6,4,14,92,6.6,1,83,820,9.9,5
322,Jared Karstetter,Washington State,Pac-10,12,62,658,10.6,7,,,,,62,658,10.6,7
323,Bert Reed,Florida State,ACC,14,58,614,10.6,2,6,53,8.8,1,64,667,10.4,3
324,Taulib Ikharo,Louisiana Tech,WAC,12,50,530,10.6,4,,,,,50,530,10.6,4
325,Rodney Bradley,Hawaii,WAC,12,48,511,10.6,1,1,2,2.0,0,49,513,10.5,1
326,Tori Gurley,South Carolina,SEC,14,44,465,10.6,4,1,5,5.0,0,45,470,10.4,4
327,Preston Dial,Alabama,SEC,13,25,264,10.6,3,,,,,25,264,10.6,3
328,George Bryan,North Carolina State,ACC,13,35,369,10.5,3,,,,,35,369,10.5,3
329,Kama Bailey,Idaho,WAC,13,31,326,10.5,2,40,290,7.3,1,71,616,8.7,3
330,Marquise Goodwin,Texas,Big 12,11,31,324,10.5,1,9,37,4.1,0,40,361,9.0,1
331,Briggs Orsbon,Ball State,MAC,12,28,295,10.5,1,,,,,28,295,10.5,1
332,Bo Bowling,Oklahoma State,Big 12,13,42,437,10.4,0,1,9,9.0,0,43,446,10.4,0
333,Theo Riddick,Notre Dame,Ind,9,40,414,10.4,3,11,29,2.6,0,51,443,8.7,3
334,Zack Pianalto,North Carolina,ACC,6,30,311,10.4,1,,,,,30,311,10.4,1
335,Jeremy Kerley,TCU,MWC,13,56,575,10.3,10,18,97,5.4,2,74,672,9.1,12
336,Austin Kelly,Duke,ACC,11,47,486,10.3,4,,,,,47,486,10.3,4
337,Richie Casey,Louisiana Tech,WAC,12,42,432,10.3,3,,,,,42,432,10.3,3
338,Terrance Turner,Indiana,Big Ten,12,67,681,10.2,3,,,,,67,681,10.2,3
339,Mike Davis,Texas,Big 12,11,47,478,10.2,2,3,-6,-2.0,0,50,472,9.4,2
340,Johnathan Wilson,Kansas,Big 12,12,38,387,10.2,2,,,,,38,387,10.2,2
341,Jacoby Franks,Texas Tech,Big 12,7,25,254,10.2,0,1,-2,-2.0,0,26,252,9.7,0
342,Robert Arnheim,Western Michigan,MAC,12,23,235,10.2,1,1,-1,-1.0,0,24,234,9.8,1
343,Ronnie Wingo Jr.,Arkansas,SEC,13,27,274,10.1,4,41,253,6.2,1,68,527,7.8,5
344,Jonathan Krause,Vanderbilt,SEC,12,24,243,10.1,0,6,121,20.2,2,30,364,12.1,2
345,Pat Shed,UAB,CUSA,12,47,471,10.0,4,157,847,5.4,3,204,1318,6.5,7
346,Rodney Stewart,Colorado,Big 12,12,29,290,10.0,0,290,1318,4.5,10,319,1608,5.0,10
347,Ryan Deehan,Colorado,Big 12,12,25,249,10.0,1,,,,,25,249,10.0,1
348,David Douglas,Arizona,Pac-10,13,52,515,9.9,5,2,10,5.0,1,54,525,9.7,6
349,Cody Sparks,Tulane,CUSA,12,43,427,9.9,6,,,,,43,427,9.9,6
350,Anthony Robinson,Arkansas State,Sun Belt,12,35,348,9.9,2,5,6,1.2,1,40,354,8.9,3
351,Antavian Edison,Purdue,Big Ten,12,32,316,9.9,4,36,130,3.6,0,68,446,6.6,4
352,Detron Lewis,Texas Tech,Big 12,13,87,852,9.8,6,9,22,2.4,0,96,874,9.1,6
353,Jerrel Jernigan,Troy,Sun Belt,13,84,822,9.8,6,45,322,7.2,3,129,1144,8.9,9
354,Collin Franklin,Iowa State,Big 12,12,54,530,9.8,3,,,,,54,530,9.8,3
355,JJ Di Luigi,Brigham Young,MWC,13,45,443,9.8,1,178,917,5.2,8,223,1360,6.1,9
356,Sam McGuffie,Rice,CUSA,12,39,384,9.8,3,197,883,4.5,6,236,1267,5.4,9
357,Paris Cotton,Central Michigan,MAC,11,25,245,9.8,0,142,651,4.6,6,167,896,5.4,6
358,Duane Bennett,Minnesota,Big Ten,12,33,319,9.7,1,123,529,4.3,3,156,848,5.4,4
359,David Leonard,Wyoming,MWC,12,47,452,9.6,3,,,,,47,452,9.6,3
360,Mohamed Sanu,Rutgers,Big East,12,44,418,9.5,2,59,309,5.2,4,103,727,7.1,6
361,Drake Dunsmore,Northwestern,Big Ten,13,40,381,9.5,5,,,,,40,381,9.5,5
362,Stepfan Taylor,Stanford,Pac-10,13,28,266,9.5,1,223,1137,5.1,15,251,1403,5.6,16
363,Lee Smith,Marshall,CUSA,12,38,358,9.4,3,,,,,38,358,9.4,3
364,Jamie Harper,Clemson,ACC,13,35,328,9.4,3,197,760,3.9,7,232,1088,4.7,10
365,Derrick Locke,Kentucky,SEC,9,34,318,9.4,0,166,887,5.3,10,200,1205,6.0,10
366,Lanear Sampson,Baylor,Big 12,13,42,390,9.3,0,,,,,42,390,9.3,0
367,Tyson Liggett,Colorado State,MWC,12,41,380,9.3,0,2,13,6.5,0,43,393,9.1,0
368,Andrew Bodenheimer,East Carolina,CUSA,13,40,370,9.3,2,,,,,40,370,9.3,2
369,Jarred Fayson,Illinois,Big Ten,12,38,355,9.3,1,0,0,,0,38,355,9.3,1
370,Bradley Haynes,SMU,CUSA,14,35,326,9.3,3,,,,,35,326,9.3,3
371,Zac Pauga,Colorado State,MWC,12,33,308,9.3,1,12,53,4.4,0,45,361,8.0,1
372,Michael Bowman,East Carolina,CUSA,13,47,434,9.2,3,3,25,8.3,0,50,459,9.2,3
373,Terrell Jackson,Buffalo,MAC,12,43,397,9.2,3,7,13,1.9,0,50,410,8.2,3
374,Ryan Taylor,North Carolina,ACC,13,36,330,9.2,2,,,,,36,330,9.2,2
375,Chris McNeill,Wyoming,MWC,12,28,257,9.2,3,4,-10,-2.5,0,32,247,7.7,3
376,Carl Volny,Central Michigan,MAC,12,26,240,9.2,1,81,402,5.0,5,107,642,6.0,6
377,Tyron Carrier,Houston,CUSA,12,53,480,9.1,1,3,50,16.7,0,56,530,9.5,1
378,Mustafa Greene,North Carolina State,ACC,13,30,272,9.1,2,134,597,4.5,4,164,869,5.3,6
379,Trey Franks,Oklahoma,Big 12,14,29,263,9.1,1,4,19,4.8,0,33,282,8.5,1
380,Kyle Nelson,New Mexico State,WAC,12,41,371,9.0,1,,,,,41,371,9.0,1
381,Adrian Cannon,Maryland,ACC,13,36,324,9.0,1,1,5,5.0,0,37,329,8.9,1
382,D.J. Banks,Tulane,CUSA,12,47,419,8.9,3,18,83,4.6,2,65,502,7.7,5
383,Tevin Reese,Baylor,Big 12,13,45,401,8.9,0,2,13,6.5,0,47,414,8.8,0
384,Chandler Jones,San Jose State,WAC,13,54,474,8.8,1,4,16,4.0,0,58,490,8.4,1
385,Lyle Fitte,Louisiana Tech,WAC,12,25,219,8.8,0,12,57,4.8,1,37,276,7.5,1
386,William Spight,Southern Mississippi,CUSA,13,25,219,8.8,0,,,,,25,219,8.8,0
387,Antwon Bailey,Syracuse,Big East,13,35,306,8.7,3,114,554,4.9,2,149,860,5.8,5
388,Preston Davis,Idaho,WAC,12,31,267,8.6,1,,,,,31,267,8.6,1
389,Chris Rainey,Florida,SEC,8,25,216,8.6,3,51,366,7.2,2,76,582,7.7,5
390,Michael Egnew,Missouri,Big 12,13,90,762,8.5,5,,,,,90,762,8.5,5
391,Demarco Murray,Oklahoma,Big 12,14,71,594,8.4,5,282,1214,4.3,15,353,1808,5.1,20
392,DeMarco Paine,Miami (OH),MAC,14,32,270,8.4,0,2,-16,-8.0,0,34,254,7.5,0
393,Chuck Walker,Marshall,CUSA,11,26,219,8.4,1,1,2,2.0,0,27,221,8.2,1
394,Deonte Jackson,Idaho,WAC,13,25,211,8.4,1,113,442,3.9,4,138,653,4.7,5
395,Jon Williams,East Carolina,CUSA,13,52,431,8.3,1,154,847,5.5,10,206,1278,6.2,11
396,Tramain Swindall,Texas Tech,Big 12,13,33,271,8.2,1,,,,,33,271,8.2,1
397,Ben Guidugli,Cincinnati,Big East,11,24,197,8.2,2,,,,,24,197,8.2,2
398,Daymond Patterson,Kansas,Big 12,12,60,487,8.1,2,8,55,6.9,0,68,542,8.0,2
399,Jamal Miles,Arizona State,Pac-10,12,25,203,8.1,4,27,63,2.3,2,52,266,5.1,6
400,Kenny Turner,New Mexico State,WAC,10,25,203,8.1,0,115,461,4.0,2,140,664,4.7,2
401,Evan Royster,Penn State,Big Ten,13,25,202,8.1,1,208,1014,4.9,6,233,1216,5.2,7
402,Eddie Wide,Utah,MWC,13,34,271,8.0,2,149,717,4.8,11,183,988,5.4,13
403,Dion Lewis,Pitt,Big East,12,27,216,8.0,0,219,1061,4.8,13,246,1277,5.2,13
404,Calvin Wiley,Bowling Green State,MAC,12,25,201,8.0,2,11,62,5.6,1,36,263,7.3,3
405,Ryan Griffin,Connecticut,Big East,13,31,245,7.9,1,,,,,31,245,7.9,1
406,Bobby Rainey,Western Kentucky,Sun Belt,12,29,230,7.9,0,340,1649,4.9,15,369,1879,5.1,15
407,Desmond Scott,Duke,ACC,12,34,266,7.8,0,120,530,4.4,3,154,796,5.2,3
408,Tracy Lampley,Southern Mississippi,CUSA,12,26,203,7.8,0,65,384,5.9,1,91,587,6.5,1
409,Devon Brown,Wake Forest,ACC,12,39,302,7.7,1,18,134,7.4,2,57,436,7.6,3
410,Russell Shepard,LSU,SEC,13,33,254,7.7,1,32,226,7.1,2,65,480,7.4,3
411,Alexander Robinson,Iowa State,Big 12,12,26,201,7.7,1,202,946,4.7,9,228,1147,5.0,10
412,Noel Devine,West Virginia,Big East,13,34,258,7.6,1,208,934,4.5,6,242,1192,4.9,7
413,Willie Geter,Bowling Green State,MAC,12,31,236,7.6,1,197,718,3.6,6,228,954,4.2,7
414,Nic Grigsby,Arizona,Pac-10,12,25,189,7.6,1,118,533,4.5,8,143,722,5.0,9
415,Cyrus Gray,Texas A&M,Big 12,13,34,251,7.4,1,200,1133,5.7,12,234,1384,5.9,13
416,Ansel Ponder,Western Michigan,MAC,12,28,205,7.3,2,4,6,1.5,0,32,211,6.6,2
417,Keola Antolin,Arizona,Pac-10,13,28,204,7.3,2,143,668,4.7,7,171,872,5.1,9
418,Isaiah Pead,Cincinnati,Big East,11,26,190,7.3,1,157,1029,6.6,6,183,1219,6.7,7
419,Perry Jones,Virginia,ACC,12,31,224,7.2,1,137,646,4.7,1,168,870,5.2,2
420,Lennon Creer,Louisiana Tech,WAC,12,25,181,7.2,0,212,1181,5.6,10,237,1362,5.7,10
421,Baron Batch,Texas Tech,Big 12,13,32,226,7.1,3,177,816,4.6,5,209,1042,5.0,8
422,Chris Hernandez,New Mexico,MWC,11,35,246,7.0,0,0,45,,1,35,291,8.3,1
423,Henry Hynoski,Pitt,Big East,13,25,174,7.0,1,12,33,2.8,0,37,207,5.6,1
424,James Washington,North Carolina State,ACC,8,27,185,6.9,1,71,215,3.0,1,98,400,4.1,2
425,Kyle Adams,Purdue,Big Ten,12,36,244,6.8,0,,,,,36,244,6.8,0
426,Trey Burton,Florida,SEC,13,32,210,6.6,1,75,349,4.7,11,107,559,5.2,12
427,Jacquizz Rodgers,Oregon State,Pac-10,12,44,287,6.5,3,256,1184,4.6,14,300,1471,4.9,17
428,Fozzy Whittaker,Texas,Big 12,11,34,217,6.4,0,80,351,4.4,2,114,568,5.0,2
429,Eric Stephens,Texas Tech,Big 12,13,33,212,6.4,2,127,668,5.3,6,160,880,5.5,8
430,Lindsey Lamar,South Florida,Big East,13,25,161,6.4,0,12,37,3.1,0,37,198,5.4,0
431,Daniel Thomas,Kansas State,Big 12,13,27,171,6.3,0,298,1585,5.3,19,325,1756,5.4,19
432,Giavanni Ruffin,East Carolina,CUSA,13,25,157,6.3,1,85,384,4.5,2,110,541,4.9,3
433,Matt Asiata,Utah,MWC,13,32,195,6.1,1,155,695,4.5,8,187,890,4.8,9
