Rk,Player,School,Conf,G,Rec,RecYds,RecAvg,RecTD,RushAtt,RushYds,RushAvg,RushTD,Plays,TotalYds,YardsPerPlay,TotalTDs
1,Devon Cajuste,Stanford,Pac-12,10,28,642,22.9,5,0,0,,0,28,642,22.9,5
2,Tevin Reese,Baylor,Big 12,8,38,867,22.8,8,0,0,,0,38,867,22.8,8
3,Sammie Coates,Auburn,SEC,13,42,902,21.5,7,0,0,,0,42,902,21.5,7
4,Quintin Payton,North Carolina State,ACC,10,23,481,20.9,3,0,0,,0,23,481,20.9,3
5,Breshad Perriman,UCF,American,12,39,811,20.8,4,0,0,,0,39,811,20.8,4
6,Mario Alford,West Virginia,Big 12,9,27,552,20.4,2,5,47,9.4,0,32,599,18.7,2
7,Mike Evans,Texas A&M,SEC,13,69,1394,20.2,12,0,0,,0,69,1394,20.2,12
8,J.J. Nelson,UAB,CUSA,10,42,846,20.1,8,2,22,11.0,0,44,868,19.7,8
9,Martavis Bryant,Clemson,ACC,13,42,828,19.7,7,0,0,,0,42,828,19.7,7
10,Odell Beckham Jr.,LSU,SEC,13,59,1152,19.5,8,5,58,11.6,0,64,1210,18.9,8
11,Ronnie Moore,Bowling Green State,MAC,14,28,547,19.5,7,14,138,9.9,0,42,685,16.3,7
12,Antwan Goodley,Baylor,Big 12,13,71,1339,18.9,13,6,33,5.5,0,77,1372,17.8,13
13,Dres Anderson,Utah,Pac-12,12,53,1002,18.9,7,8,30,3.8,1,61,1032,16.9,8
14,Shavarez Smith,South Alabama,Sun Belt,12,50,940,18.8,6,0,0,,0,50,940,18.8,6
15,Allen Hurns,Miami (FL),ACC,13,62,1162,18.7,6,1,13,13.0,0,63,1175,18.7,6
16,Kelvin Benjamin,Florida State,ACC,14,54,1011,18.7,15,0,0,,0,54,1011,18.7,15
17,Chase Cochran,Ohio,MAC,12,37,689,18.6,4,1,4,4.0,0,38,693,18.2,4
18,Josh Huff,Oregon,Pac-12,13,62,1140,18.4,12,6,28,4.7,0,68,1168,17.2,12
19,Titus Davis,Central Michigan,MAC,11,61,1109,18.2,8,7,74,10.6,0,68,1183,17.4,8
20,Shaq Roland,South Carolina,SEC,9,25,455,18.2,5,0,0,,0,25,455,18.2,5
21,Robby Anderson,Temple,American,10,44,791,18.0,9,2,-4,-2.0,0,46,787,17.1,9
22,L'Damian Washington,Missouri,SEC,13,50,893,17.9,10,0,0,,0,50,893,17.9,10
23,Stacy Coley,Miami (FL),ACC,12,33,591,17.9,7,2,80,40.0,1,35,671,19.2,8
24,L.T. Smith,Akron,MAC,11,24,428,17.8,3,0,0,,0,24,428,17.8,3
25,Dennis Parks,Rice,CUSA,12,29,508,17.5,3,3,6,2.0,0,32,514,16.1,3
26,Damiere Byrd,South Carolina,SEC,11,33,575,17.4,4,1,13,13.0,0,34,588,17.3,4
27,Kenny Shaw,Florida State,ACC,14,54,933,17.3,6,0,0,,0,54,933,17.3,6
28,Bennie Fowler,Michigan State,Big Ten,12,36,622,17.3,6,5,20,4.0,0,41,642,15.7,6
29,Stefon Diggs,Maryland,ACC,7,34,587,17.3,3,7,45,6.4,0,41,632,15.4,3
30,Chandler Jones,San Jose State,MWC,12,79,1356,17.2,15,5,12,2.4,0,84,1368,16.3,15
31,Tramaine Thompson,Kansas State,Big 12,11,32,551,17.2,5,2,17,8.5,0,34,568,16.7,5
32,Deangelo Yancey,Purdue,Big Ten,8,32,546,17.1,2,0,0,,0,32,546,17.1,2
33,Leonte Carroo,Rutgers,American,9,28,478,17.1,9,0,0,,0,28,478,17.1,9
34,Kivon Cartwright,Colorado State,MWC,13,27,462,17.1,6,4,18,4.5,0,31,480,15.5,6
35,Jonathan Krause,Vanderbilt,SEC,11,42,714,17.0,3,1,11,11.0,0,43,725,16.9,3
36,Bryan Holmes,Troy,Sun Belt,12,40,676,16.9,7,0,0,,0,40,676,16.9,7
37,Markese Triplett,Southern Mississippi,CUSA,10,33,558,16.9,4,0,0,,0,33,558,16.9,4
38,Nick O'Leary,Florida State,ACC,12,33,557,16.9,7,0,0,,0,33,557,16.9,7
39,Danny Woodson Jr.,South Alabama,Sun Belt,8,26,439,16.9,4,0,0,,0,26,439,16.9,4
40,Alex Neutz,Buffalo,MAC,13,61,1024,16.8,12,1,-1,-1.0,0,62,1023,16.5,12
41,Steve Hull,Illinois,Big Ten,9,59,993,16.8,7,1,-19,-19.0,0,60,974,16.2,7
42,Shaun Joplin,Bowling Green State,MAC,14,54,908,16.8,3,0,0,,0,54,908,16.8,3
43,Ezell Ruffin,San Diego State,MWC,13,68,1136,16.7,3,8,4,0.5,0,76,1140,15.0,3
44,Devin Street,Pitt,ACC,10,51,854,16.7,7,3,6,2.0,0,54,860,15.9,7
45,Devon Smith,Marshall,CUSA,13,39,653,16.7,4,1,7,7.0,0,40,660,16.5,4
46,Deandrew White,Alabama,SEC,13,32,534,16.7,4,0,0,,0,32,534,16.7,4
47,David Porter,TCU,Big 12,9,26,435,16.7,5,0,0,,0,26,435,16.7,5
48,Jake Murphy,Utah,Pac-12,8,25,417,16.7,5,0,0,,0,25,417,16.7,5
49,Maxx Williams,Minnesota,Big Ten,11,25,417,16.7,5,1,7,7.0,0,26,424,16.3,5
50,Albert Wilson,Georgia State,Sun Belt,12,71,1177,16.6,8,24,251,10.5,1,95,1428,15.0,9
51,Chris Gant,Hawaii,MWC,12,59,973,16.5,9,5,14,2.8,1,64,987,15.4,10
52,Nelson Agholor,USC,Pac-12,14,56,918,16.4,6,2,8,4.0,0,58,926,16.0,6
53,Gator Hoskins,Marshall,CUSA,14,50,821,16.4,15,0,0,,0,50,821,16.4,15
54,Amari Cooper,Alabama,SEC,11,45,736,16.4,4,1,28,28.0,0,46,764,16.6,4
55,Travis Reynolds,Utah State,MWC,11,51,832,16.3,4,1,-5,-5.0,0,52,827,15.9,4
56,Da'Ron Brown,Northern Illinois,MAC,12,46,752,16.3,9,7,45,6.4,0,53,797,15.0,9
57,Paul Richardson,Colorado,Pac-12,12,83,1343,16.2,10,1,7,7.0,0,84,1350,16.1,10
58,Robert Davis,Georgia State,Sun Belt,12,44,711,16.2,4,0,0,,0,44,711,16.2,4
59,Dom Williams,Washington State,Pac-12,13,40,647,16.2,7,0,0,,0,40,647,16.2,7
60,Devante Parker,Louisville,American,12,55,885,16.1,12,0,0,,0,55,885,16.1,12
61,Quron Pratt,Rutgers,American,12,32,516,16.1,0,1,-2,-2.0,0,33,514,15.6,0
62,Amba Etta,Maryland,ACC,10,31,500,16.1,2,0,0,,0,31,500,16.1,2
63,Chandler Worthy,Troy,Sun Belt,9,25,403,16.1,2,8,44,5.5,1,33,447,13.5,3
64,Jamal Robinson,Louisiana,Sun Belt,13,54,862,16.0,8,0,0,,0,54,862,16.0,8
65,Derel Walker,Texas A&M,SEC,13,51,818,16.0,5,0,0,,0,51,818,16.0,5
66,Joshua Stanford,Virginia Tech,ACC,13,40,640,16.0,1,0,0,,0,40,640,16.0,1
67,Alex Bayer,Bowling Green State,MAC,14,37,593,16.0,4,0,0,,0,37,593,16.0,4
68,Clay Fuller,Baylor,Big 12,12,32,512,16.0,3,0,0,,0,32,512,16.0,3
69,Derrick Engel,Minnesota,Big Ten,9,25,401,16.0,5,2,12,6.0,0,27,413,15.3,5
70,Donte Moncrief,Ole Miss,SEC,13,59,938,15.9,6,0,0,,0,59,938,15.9,6
71,Ryan Burbrink,Bowling Green State,MAC,13,30,477,15.9,2,0,0,,0,30,477,15.9,2
72,T.J. Jones,Notre Dame,Ind,13,70,1108,15.8,9,9,67,7.4,2,79,1175,14.9,11
73,Bruce Ellington,South Carolina,SEC,12,49,775,15.8,8,3,14,4.7,0,52,789,15.2,8
74,William Dukes,Florida Atlantic,CUSA,12,35,553,15.8,6,0,0,,0,35,553,15.8,6
75,Brandon Coleman,Rutgers,American,12,34,538,15.8,4,0,0,,0,34,538,15.8,4
76,Billy Freeman,San Jose State,MWC,12,27,427,15.8,2,0,0,,0,27,427,15.8,2
77,Eric Ebron,North Carolina,ACC,13,62,973,15.7,3,2,7,3.5,0,64,980,15.3,3
78,Ty Montgomery,Stanford,Pac-12,14,61,958,15.7,10,13,159,12.2,2,74,1117,15.1,12
79,Cody Hoffman,Brigham Young,Ind,11,57,894,15.7,5,0,0,,0,57,894,15.7,5
80,Kofi Hughes,Indiana,Big Ten,11,47,739,15.7,7,0,0,,0,47,739,15.7,7
81,Tyler Lockett,Kansas State,Big 12,12,81,1262,15.6,11,2,10,5.0,0,83,1272,15.3,11
82,Levi Norwood,Baylor,Big 12,13,47,733,15.6,8,0,0,,0,47,733,15.6,8
83,Richard Rodgers,California,Pac-12,11,39,608,15.6,1,7,9,1.3,0,46,617,13.4,1
84,Troy Niklas,Notre Dame,Ind,13,32,498,15.6,5,0,0,,0,32,498,15.6,5
85,Jarvis Landry,LSU,SEC,13,77,1193,15.5,10,0,0,,0,77,1193,15.5,10
86,Keenan Holman,SMU,American,12,67,1037,15.5,9,0,0,,0,67,1037,15.5,9
87,Rannell Hall,UCF,American,13,57,886,15.5,5,14,121,8.6,1,71,1007,14.2,6
88,D.J. Coles,Virginia Tech,ACC,12,25,387,15.5,6,2,1,0.5,0,27,388,14.4,6
89,Jeremy Gallon,Michigan,Big Ten,13,89,1373,15.4,9,3,4,1.3,0,92,1377,15.0,9
90,Jordan Taylor,Rice,CUSA,14,55,848,15.4,8,0,0,,0,55,848,15.4,8
91,Max Morrison,Cincinnati,American,13,29,447,15.4,3,1,3,3.0,0,30,450,15.0,3
92,Kendrick Roberts,Western Michigan,MAC,10,23,354,15.4,1,0,0,,0,23,354,15.4,1
93,Geremy Davis,Connecticut,American,12,71,1085,15.3,3,0,0,,0,71,1085,15.3,3
94,Kevin Smith,Washington,Pac-12,13,50,765,15.3,4,1,-10,-10.0,0,51,755,14.8,4
95,Devin Funchess,Michigan,Big Ten,13,49,748,15.3,6,6,34,5.7,0,55,782,14.2,6
96,J.J. Worton,UCF,American,13,47,721,15.3,7,0,0,,0,47,721,15.3,7
97,Deon Long,Maryland,ACC,7,32,489,15.3,1,1,18,18.0,0,33,507,15.4,1
98,Arthur Lynch,Georgia,SEC,11,30,459,15.3,5,0,0,,0,30,459,15.3,5
99,Jarrod West,Syracuse,ACC,9,26,397,15.3,1,0,0,,0,26,397,15.3,1
100,Cody Latimer,Indiana,Big Ten,12,72,1096,15.2,9,0,0,,0,72,1096,15.2,9
101,Richard Mullaney,Oregon State,Pac-12,13,52,788,15.2,3,0,0,,0,52,788,15.2,3
102,Davaris Daniels,Notre Dame,Ind,13,49,745,15.2,7,2,-4,-2.0,0,51,741,14.5,7
103,Quinshad Davis,North Carolina,ACC,13,48,730,15.2,10,2,1,0.5,0,50,731,14.6,10
104,Gerald Christian,Louisville,American,12,28,426,15.2,4,0,0,,0,28,426,15.2,4
105,Dawan Scott,Miami (OH),MAC,11,28,425,15.2,2,37,231,6.2,0,65,656,10.1,2
106,Dominique Sullivan,Southern Mississippi,CUSA,11,23,350,15.2,3,0,0,,0,23,350,15.2,3
107,Shaquelle Evans,UCLA,Pac-12,13,47,709,15.1,9,0,0,,0,47,709,15.1,9
108,Corey Coleman,Baylor,Big 12,12,35,527,15.1,2,0,0,,0,35,527,15.1,2
109,Juwan Brescacin,Northern Illinois,MAC,11,33,499,15.1,6,0,0,,0,33,499,15.1,6
110,Jaelen Strong,Arizona State,Pac-12,14,75,1122,15.0,7,0,0,,0,75,1122,15.0,7
111,Eric Thomas,Troy,Sun Belt,12,66,993,15.0,12,2,1,0.5,0,68,994,14.6,12
112,Dorial Green-Beckham,Missouri,SEC,14,59,883,15.0,12,1,3,3.0,0,60,886,14.8,12
113,Andre Davis,South Florida,American,12,49,735,15.0,2,0,0,,0,49,735,15.0,2
114,Devin Smith,Ohio State,Big Ten,14,44,660,15.0,8,0,0,,0,44,660,15.0,8
115,Tim Smith,Virginia,ACC,12,26,389,15.0,1,0,0,,0,26,389,15.0,1
116,Brelan Chancellor,North Texas,CUSA,13,53,792,14.9,4,16,123,7.7,2,69,915,13.3,6
117,Kevin Norwood,Alabama,SEC,12,38,568,14.9,7,0,0,,0,38,568,14.9,7
118,Rashad Lawrence,Northwestern,Big Ten,9,31,463,14.9,1,0,0,,0,31,463,14.9,1
119,Allen Robinson,Penn State,Big Ten,12,97,1432,14.8,6,6,36,6.0,0,103,1468,14.3,6
120,Devante Davis,UNLV,MWC,13,87,1290,14.8,14,0,0,,0,87,1290,14.8,14
121,Rashad Greene,Florida State,ACC,14,76,1128,14.8,9,1,9,9.0,0,77,1137,14.8,9
122,Donte Foster,Ohio,MAC,13,69,1018,14.8,7,1,5,5.0,0,70,1023,14.6,7
123,Rashon Ceaser,Louisiana-Monroe,Sun Belt,12,65,964,14.8,5,0,0,,0,65,964,14.8,5
124,Tyler Winston,San Jose State,MWC,10,58,858,14.8,5,0,0,,0,58,858,14.8,5
125,Daniel Spencer,Houston,American,13,52,768,14.8,6,10,138,13.8,1,62,906,14.6,7
126,Quincy Enunwa,Nebraska,Big Ten,12,51,753,14.8,12,3,-1,-0.3,0,54,752,13.9,12
127,Jamari Staples,UAB,CUSA,9,31,458,14.8,4,0,0,,0,31,458,14.8,4
128,Deontay Greenberry,Houston,American,12,82,1202,14.7,11,2,6,3.0,0,84,1208,14.4,11
129,Jerrel Brown,New Mexico State,Ind,12,33,484,14.7,2,0,0,,0,33,484,14.7,2
130,Sean Fitzgerald,Utah,Pac-12,12,32,471,14.7,5,0,0,,0,32,471,14.7,5
131,Jumichael Ramos,North Carolina State,ACC,10,24,352,14.7,3,0,0,,0,24,352,14.7,3
132,Jordan Williams,Ball State,MAC,13,72,1050,14.6,9,0,0,,0,72,1050,14.6,9
133,Bralon Addison,Oregon,Pac-12,13,61,890,14.6,7,3,21,7.0,0,64,911,14.2,7
134,Jhajuan Seales,Oklahoma State,Big 12,13,39,571,14.6,3,1,11,11.0,0,40,582,14.6,3
135,Christopher Coyle,Arizona State,Pac-12,12,29,423,14.6,4,0,0,,0,29,423,14.6,4
136,Hunter Henry,Arkansas,SEC,10,28,409,14.6,4,0,0,,0,28,409,14.6,4
137,Sammy Watkins,Clemson,ACC,13,101,1464,14.5,12,6,11,1.8,0,107,1475,13.8,12
138,Tracy Moore,Oklahoma State,Big 12,13,51,738,14.5,6,1,3,3.0,0,52,741,14.3,6
139,Chris Conley,Georgia,SEC,11,45,651,14.5,4,0,0,,0,45,651,14.5,4
140,Kevin White,West Virginia,Big 12,10,35,507,14.5,5,0,0,,0,35,507,14.5,5
141,Kasen Williams,Washington,Pac-12,8,29,421,14.5,1,1,7,7.0,0,30,428,14.3,1
142,Herb Waters,Miami (FL),ACC,9,28,406,14.5,5,2,58,29.0,1,30,464,15.5,6
143,Shakim Phillips,Connecticut,American,6,28,406,14.5,3,0,0,,0,28,406,14.5,3
144,Xavier Maxwell,Houston,American,11,28,405,14.5,4,0,0,,0,28,405,14.5,4
145,Lacoltan Bester,Oklahoma,Big 12,12,27,392,14.5,2,1,35,35.0,1,28,427,15.3,3
146,Jameon Lewis,Mississippi State,SEC,13,64,923,14.4,5,13,117,9.0,3,77,1040,13.5,8
147,Marcus Henry,Middle Tennessee State,CUSA,13,38,549,14.4,3,0,0,,0,38,549,14.4,3
148,Willie Snead,Ball State,MAC,13,106,1516,14.3,15,0,0,,0,106,1516,14.3,15
149,Mike Davis,Texas,Big 12,12,51,727,14.3,8,0,0,,0,51,727,14.3,8
150,Chris Moore,Cincinnati,American,13,45,645,14.3,9,2,16,8.0,0,47,661,14.1,9
151,Der'Rikk Thompson,SMU,American,8,32,459,14.3,2,0,0,,0,32,459,14.3,2
152,Justin Coleman,Iowa State,Big 12,10,31,442,14.3,3,0,0,,0,31,442,14.3,3
153,Reese Wiggins,East Carolina,CUSA,10,26,372,14.3,4,0,0,,0,26,372,14.3,4
154,Colin Lockett,San Diego State,MWC,12,52,736,14.2,5,2,52,26.0,1,54,788,14.6,6
155,Demitri Knowles,Virginia Tech,ACC,13,45,641,14.2,2,4,23,5.8,0,49,664,13.6,2
156,Ian Hamilton,UTEP,CUSA,8,25,354,14.2,1,0,0,,0,25,354,14.2,1
157,Quenton Bundrage,Iowa State,Big 12,12,48,676,14.1,9,1,-5,-5.0,0,49,671,13.7,9
158,Jacob Pedersen,Wisconsin,Big Ten,11,39,551,14.1,3,0,0,,0,39,551,14.1,3
159,Javontee Herndon,Arkansas,SEC,12,31,437,14.1,4,4,60,15.0,1,35,497,14.2,5
160,Rantavious Wooten,Georgia,SEC,10,30,424,14.1,5,1,11,11.0,0,31,435,14.0,5
161,Corey Davis,Western Michigan,MAC,11,67,941,14.0,6,1,2,2.0,0,68,943,13.9,6
162,Kyle Nunn,San Jose State,MWC,10,36,505,14.0,5,0,0,,0,36,505,14.0,5
163,James Butler,Louisiana,Sun Belt,10,26,363,14.0,1,0,0,,0,26,363,14.0,1
164,Jared Abbrederis,Wisconsin,Big Ten,13,78,1081,13.9,7,6,119,19.8,2,84,1200,14.3,9
165,Marqise Lee,USC,Pac-12,11,57,791,13.9,4,6,7,1.2,0,63,798,12.7,4
166,Tony Lippett,Michigan State,Big Ten,12,44,613,13.9,2,1,3,3.0,0,45,616,13.7,2
167,Jordan Leslie,UTEP,CUSA,12,44,612,13.9,7,3,8,2.7,0,47,620,13.2,7
168,Matt Waters,Ohio,MAC,11,32,446,13.9,3,0,0,,0,32,446,13.9,3
169,Tony Pierson,Kansas,Big 12,6,24,333,13.9,1,24,163,6.8,0,48,496,10.3,1
170,Tyler Boyd,Pitt,ACC,13,85,1174,13.8,7,11,108,9.8,1,96,1282,13.4,8
171,Shane Wynn,Indiana,Big Ten,12,46,633,13.8,11,4,12,3.0,1,50,645,12.9,12
172,Keevan Lucas,Tulsa,CUSA,12,32,442,13.8,1,12,73,6.1,0,44,515,11.7,1
173,Quinton Dunbar,Florida,SEC,12,40,548,13.7,0,0,0,,0,40,548,13.7,0
174,Ryan Alderman,Temple,American,12,40,548,13.7,2,0,0,,0,40,548,13.7,2
175,Jalen Claiborne,Wyoming,MWC,11,33,452,13.7,5,0,0,,0,33,452,13.7,5
176,Caleb Smith,Oregon State,Pac-12,11,25,343,13.7,4,0,0,,0,25,343,13.7,4
177,Jamill Smith,Ball State,MAC,13,67,911,13.6,8,4,33,8.3,1,71,944,13.3,9
178,Nate Phillips,Arizona,Pac-12,13,51,696,13.6,7,2,7,3.5,0,53,703,13.3,7
179,Levern Jacobs,Maryland,ACC,12,47,640,13.6,3,6,26,4.3,0,53,666,12.6,3
180,Javess Blue,Kentucky,SEC,11,43,586,13.6,4,4,19,4.8,0,47,605,12.9,4
181,Nigel King,Maryland,ACC,11,33,450,13.6,4,0,0,,0,33,450,13.6,4
182,Marcel Jensen,Fresno State,MWC,11,26,353,13.6,3,0,0,,0,26,353,13.6,3
183,Joseph Matthews,New Mexico State,Ind,11,23,313,13.6,0,0,0,,0,23,313,13.6,0
184,Brandin Cooks,Oregon State,Pac-12,13,128,1730,13.5,16,32,217,6.8,2,160,1947,12.2,18
185,Ryan Grant,Tulane,CUSA,13,77,1039,13.5,9,0,0,,0,77,1039,13.5,9
186,Bernard Reedy,Toledo,MAC,12,62,840,13.5,8,5,15,3.0,0,67,855,12.8,8
187,Tyreese Russell,Eastern Michigan,MAC,12,44,594,13.5,3,0,0,,0,44,594,13.5,3
188,Zach D'Orazio,Akron,MAC,12,42,567,13.5,4,1,-2,-2.0,0,43,565,13.1,4
189,Geraldo Boldewijn,Boise State,MWC,12,39,528,13.5,2,0,0,,0,39,528,13.5,2
190,De'Runnya Wilson,Mississippi State,SEC,10,26,351,13.5,3,0,0,,0,26,351,13.5,3
191,Alex Amidon,Boston College,ACC,13,77,1032,13.4,5,8,47,5.9,1,85,1079,12.7,6
192,Damian Copeland,Louisville,American,13,58,780,13.4,5,3,21,7.0,0,61,801,13.1,5
193,Charlie Moore,Oklahoma State,Big 12,13,35,468,13.4,5,0,0,,0,35,468,13.4,5
194,Xavier Moss,Army,Ind,10,35,468,13.4,1,2,-9,-4.5,0,37,459,12.4,1
195,Clive Walford,Miami (FL),ACC,12,34,454,13.4,2,0,0,,0,34,454,13.4,2
196,Thomas Roberson,Tulsa,CUSA,7,27,363,13.4,4,1,-5,-5.0,0,28,358,12.8,4
197,River Cracraft,Washington State,Pac-12,12,46,614,13.3,3,0,0,,0,46,614,13.3,3
198,Tavarres Jefferson,Middle Tennessee State,CUSA,11,46,611,13.3,5,0,0,,0,46,611,13.3,5
199,Ja-Mes Logan,Ole Miss,SEC,11,44,583,13.3,3,0,0,,0,44,583,13.3,3
200,Tyler Kroft,Rutgers,American,13,43,573,13.3,4,0,0,,0,43,573,13.3,4
201,Jesse James,Penn State,Big Ten,10,25,333,13.3,3,0,0,,0,25,333,13.3,3
202,Jordan Matthews,Vanderbilt,SEC,13,112,1477,13.2,7,6,54,9.0,0,118,1531,13.0,7
203,Davante Adams,Fresno State,MWC,13,131,1719,13.1,24,0,0,,0,131,1719,13.1,24
204,Michael Bennett,Georgia,SEC,11,41,538,13.1,4,0,0,,0,41,538,13.1,4
205,Marquez North,Tennessee,SEC,11,38,496,13.1,1,1,9,9.0,0,39,505,12.9,1
206,Nicholas Norris,Western Kentucky,Sun Belt,11,33,431,13.1,4,2,15,7.5,0,35,446,12.7,4
207,Dri Archer,Kent State,MAC,10,25,327,13.1,4,68,527,7.8,6,93,854,9.2,10
208,Matt Miller,Boise State,MWC,13,88,1140,13.0,12,0,0,,0,88,1140,13.0,12
209,Anthony McClung,Cincinnati,American,12,72,939,13.0,5,0,0,,0,72,939,13.0,5
210,Braxton Deaver,Duke,ACC,14,46,600,13.0,4,0,0,,0,46,600,13.0,4
211,Willie McNeal,Western Kentucky,Sun Belt,12,46,599,13.0,5,0,0,,0,46,599,13.0,5
212,Chris Williams,Troy,Sun Belt,11,31,402,13.0,2,1,4,4.0,0,32,406,12.7,2
213,Malcolm Johnson,Mississippi State,SEC,12,30,391,13.0,2,0,0,,0,30,391,13.0,2
214,Joel German,Western Kentucky,Sun Belt,8,26,339,13.0,0,0,0,,0,26,339,13.0,0
215,Bradley Miller,Texas State,Sun Belt,12,24,311,13.0,0,0,0,,0,24,311,13.0,0
216,Jenson Stoshak,Florida Atlantic,CUSA,9,23,298,13.0,0,0,0,,0,23,298,13.0,0
217,Dominic Rufran,Wyoming,MWC,12,75,965,12.9,8,1,1,1.0,0,76,966,12.7,8
218,Robert Herron,Wyoming,MWC,12,72,932,12.9,9,2,12,6.0,0,74,944,12.8,9
219,Austin Franklin,New Mexico State,Ind,8,52,670,12.9,7,14,69,4.9,0,66,739,11.2,7
220,Willie Byrn,Virginia Tech,ACC,12,51,660,12.9,2,0,0,,0,51,660,12.9,2
221,Bradley Marquez,Texas Tech,Big 12,13,49,633,12.9,6,0,0,,0,49,633,12.9,6
222,Dustin Creel,Eastern Michigan,MAC,11,46,593,12.9,5,0,0,,0,46,593,12.9,5
223,Darryl Surgent,Louisiana,Sun Belt,13,31,400,12.9,5,5,20,4.0,0,36,420,11.7,5
224,Jace Amaro,Texas Tech,Big 12,13,106,1352,12.8,7,0,0,,0,106,1352,12.8,7
225,Josh Harper,Fresno State,MWC,12,79,1011,12.8,13,0,0,,0,79,1011,12.8,13
226,Vince Mayle,Washington State,Pac-12,11,42,539,12.8,7,0,0,,0,42,539,12.8,7
227,Craig Wilkins,Marshall,CUSA,12,32,408,12.8,2,0,0,,0,32,408,12.8,2
228,Allen Muse,Arkansas State,Sun Belt,12,29,370,12.8,2,0,0,,0,29,370,12.8,2
229,Keon Hatcher,Arkansas,SEC,10,27,346,12.8,2,11,140,12.7,0,38,486,12.8,2
230,T.J. Lowder,Florida International,CUSA,11,24,307,12.8,3,0,0,,0,24,307,12.8,3
231,Marquise Ricard,Southern Mississippi,CUSA,10,24,306,12.8,3,0,0,,0,24,306,12.8,3
232,Travis Van Leeuwen,Utah State,MWC,13,52,661,12.7,3,0,0,,0,52,661,12.7,3
233,Wes Saxton,South Alabama,Sun Belt,11,50,635,12.7,0,0,0,,0,50,635,12.7,0
234,Je'Ron Hamm,Louisiana-Monroe,Sun Belt,9,24,304,12.7,2,0,0,,0,24,304,12.7,2
235,Jamison Crowder,Duke,ACC,14,108,1360,12.6,8,8,71,8.9,1,116,1431,12.3,9
236,Dezmon Epps,Idaho,Ind,12,77,971,12.6,4,8,15,1.9,0,85,986,11.6,4
237,Daniel McKinney,Florida Atlantic,CUSA,11,49,615,12.6,1,0,0,,0,49,615,12.6,1
238,Solomon Patton,Florida,SEC,12,44,556,12.6,6,16,71,4.4,0,60,627,10.5,6
239,Austin Seferian-Jenkins,Washington,Pac-12,12,36,450,12.5,8,0,0,,0,36,450,12.5,8
240,Mike McFarland,South Florida,American,11,23,288,12.5,2,0,0,,0,23,288,12.5,2
241,Richy Turner,Nevada,MWC,11,61,755,12.4,4,0,0,,0,61,755,12.4,4
242,Christian Jones,Northwestern,Big Ten,12,54,668,12.4,4,0,0,,0,54,668,12.4,4
243,Deshon Foxx,Connecticut,American,12,43,534,12.4,2,14,59,4.2,0,57,593,10.4,2
244,Keiwone Malone,Memphis,American,12,25,311,12.4,1,1,14,14.0,0,26,325,12.5,1
245,Rashard Higgins,Colorado State,MWC,14,68,837,12.3,6,0,0,,0,68,837,12.3,6
246,Alonzo Russell,Toledo,MAC,12,59,728,12.3,6,0,0,,0,59,728,12.3,6
247,Julian Jones,Arkansas State,Sun Belt,13,52,641,12.3,4,0,0,,0,52,641,12.3,4
248,Travis Labhart,Texas A&M,SEC,11,51,626,12.3,8,0,0,,0,51,626,12.3,8
249,Crockett Gillmore,Colorado State,MWC,12,47,577,12.3,2,0,0,,0,47,577,12.3,2
250,Adam Shapiro,New Mexico State,Ind,12,35,431,12.3,2,2,12,6.0,2,37,443,12.0,4
251,Kalvin Cline,Virginia Tech,ACC,12,26,321,12.3,2,0,0,,0,26,321,12.3,2
252,Andrew Guillot,Louisiana Tech,CUSA,8,26,320,12.3,2,4,29,7.3,2,30,349,11.6,4
253,Jerrod Dillard,Akron,MAC,10,26,320,12.3,1,0,0,,0,26,320,12.3,1
254,Chris Harper,California,Pac-12,11,70,852,12.2,5,2,6,3.0,0,72,858,11.9,5
255,Jakeem Grant,Texas Tech,Big 12,11,65,796,12.2,7,12,77,6.4,0,77,873,11.3,7
256,Corey Brown,Ohio State,Big Ten,14,63,771,12.2,10,4,42,10.5,0,67,813,12.1,10
257,Philly Brown,Ohio State,Big Ten,14,63,771,12.2,10,4,42,10.5,0,67,813,12.1,10
258,Eli Rogers,Louisville,American,13,44,536,12.2,4,0,0,,0,44,536,12.2,4
259,Josh Doctson,TCU,Big 12,10,36,440,12.2,4,0,0,,0,36,440,12.2,4
260,Najee Lovett,Idaho,Ind,12,35,428,12.2,1,2,7,3.5,0,37,435,11.8,1
261,Vasquez Haynes,Hawaii,MWC,8,29,354,12.2,3,1,19,19.0,0,30,373,12.4,3
262,Mitchell Henry,Western Kentucky,Sun Belt,12,25,305,12.2,2,0,0,,0,25,305,12.2,2
263,Jordan James,Tulsa,CUSA,11,39,471,12.1,2,0,0,,0,39,471,12.1,2
264,Anthony Denham,Utah,Pac-12,10,24,291,12.1,2,0,0,,0,24,291,12.1,2
265,Michael Campanaro,Wake Forest,ACC,8,67,803,12.0,6,4,10,2.5,0,71,813,11.5,6
266,Jalen Saunders,Oklahoma,Big 12,13,61,729,12.0,8,5,44,8.8,0,66,773,11.7,8
267,Chris Humphrey,Kent State,MAC,12,51,613,12.0,3,1,2,2.0,0,52,615,11.8,3
268,Skyler Ridley,Brigham Young,Ind,11,39,469,12.0,2,0,0,,0,39,469,12.0,2
269,Andrew Flory,Central Michigan,MAC,12,32,384,12.0,2,0,0,,0,32,384,12.0,2
270,Kevin Cummings,Oregon State,Pac-12,9,25,299,12.0,2,0,0,,0,25,299,12.0,2
271,Fred Lee,Buffalo,MAC,13,58,692,11.9,5,1,2,2.0,0,59,694,11.8,5
272,Marcus Lucas,Missouri,SEC,14,58,692,11.9,3,0,0,,0,58,692,11.9,3
273,Macgarrett Kings Jr.,Michigan State,Big Ten,14,43,513,11.9,3,3,6,2.0,0,46,519,11.3,3
274,Aaron Bradley,Nevada,MWC,10,40,474,11.9,2,0,0,,0,40,474,11.9,2
275,Todd Gurley,Georgia,SEC,10,37,441,11.9,6,165,989,6.0,10,202,1430,7.1,16
276,Bryan Underwood,North Carolina State,ACC,6,32,382,11.9,1,12,135,11.3,0,44,517,11.8,1
277,Brandon Carter,TCU,Big 12,10,31,370,11.9,0,4,-18,-4.5,1,35,352,10.1,1
278,Nelson Spruce,Colorado,Pac-12,12,55,650,11.8,4,0,0,,0,55,650,11.8,4
279,Joe Hansley,Colorado State,MWC,12,52,613,11.8,1,11,61,5.5,0,63,674,10.7,1
280,Sterling Shepard,Oklahoma,Big 12,12,51,603,11.8,7,6,44,7.3,1,57,647,11.4,8
281,Carlos Harris,North Texas,CUSA,12,47,553,11.8,2,4,48,12.0,0,51,601,11.8,2
282,Adam Humphries,Clemson,ACC,12,41,483,11.8,2,0,0,,0,41,483,11.8,2
283,E.J. Bibbs,Iowa State,Big 12,12,39,462,11.8,2,0,0,,0,39,462,11.8,2
284,Manasseh Garner,Pitt,ACC,12,33,391,11.8,3,0,0,,0,33,391,11.8,3
285,Josh Stewart,Oklahoma State,Big 12,12,60,703,11.7,3,10,49,4.9,0,70,752,10.7,3
286,Antonio Andrews,Western Kentucky,Sun Belt,12,41,478,11.7,0,267,1730,6.5,16,308,2208,7.2,16
287,Terrence Miller,Arizona,Pac-12,12,40,467,11.7,1,0,0,,0,40,467,11.7,1
288,Trey Burton,Florida,SEC,12,38,445,11.7,1,12,56,4.7,0,50,501,10.0,1
289,Jay Jones,Eastern Michigan,MAC,9,25,293,11.7,1,0,0,,0,25,293,11.7,1
290,Tevin Jones,Memphis,American,11,25,292,11.7,1,2,12,6.0,0,27,304,11.3,1
291,Jordan Payton,UCLA,Pac-12,12,38,440,11.6,1,0,0,,0,38,440,11.6,1
292,Justyn Shackleford,Tulane,CUSA,11,36,419,11.6,5,0,0,,0,36,419,11.6,5
293,Ricardo Louis,Auburn,SEC,14,28,325,11.6,2,19,198,10.4,0,47,523,11.1,2
294,Rob Blanchflower,Massachusetts,MAC,5,27,313,11.6,3,1,3,3.0,0,28,316,11.3,3
295,Deon Watson,Idaho,Ind,12,24,279,11.6,1,0,0,,0,24,279,11.6,1
296,Tony Jones,Northwestern,Big Ten,11,55,630,11.5,4,2,9,4.5,0,57,639,11.2,4
297,Isiah Myers,Washington State,Pac-12,12,37,425,11.5,3,0,0,,0,37,425,11.5,3
298,Bryant Lavender,South Alabama,Sun Belt,11,23,265,11.5,1,0,0,,0,23,265,11.5,1
299,Eric Ward,Texas Tech,Big 12,12,83,947,11.4,8,0,0,,0,83,947,11.4,8
300,Jereme Jones,South Alabama,Sun Belt,12,40,457,11.4,3,0,0,,0,40,457,11.4,3
301,Curry Sexton,Kansas State,Big 12,13,39,446,11.4,0,1,8,8.0,0,40,454,11.4,0
302,Maika Mataele,UNLV,MWC,12,36,411,11.4,3,0,0,,0,36,411,11.4,3
303,Robert Johnson,Mississippi State,SEC,12,34,389,11.4,0,1,9,9.0,0,35,398,11.4,0
304,Heath Jackson,Bowling Green State,MAC,7,32,364,11.4,3,0,0,,0,32,364,11.4,3
305,Cameron Posey,Purdue,Big Ten,9,26,297,11.4,3,0,0,,0,26,297,11.4,3
306,Justin Hardy,East Carolina,CUSA,13,114,1284,11.3,8,0,0,,0,114,1284,11.3,8
307,Darnell Smith,North Texas,CUSA,12,70,791,11.3,4,0,0,,0,70,791,11.3,4
308,Scott Harding,Hawaii,MWC,12,56,631,11.3,1,0,0,,0,56,631,11.3,1
309,Jalen Fitzpatrick,Temple,American,12,38,429,11.3,3,1,-7,-7.0,0,39,422,10.8,3
310,Taywan Taylor,Western Kentucky,Sun Belt,10,24,270,11.3,0,0,0,,0,24,270,11.3,0
311,Marcus Sullivan,UNLV,MWC,9,45,505,11.2,5,6,81,13.5,1,51,586,11.5,6
312,Dan Vitale,Northwestern,Big Ten,12,34,382,11.2,3,4,27,6.8,0,38,409,10.8,3
313,Hasaan Henderson,Nevada,MWC,8,29,326,11.2,1,3,9,3.0,0,32,335,10.5,1
314,Tajae Sharpe,Massachusetts,MAC,12,61,680,11.1,4,0,0,,0,61,680,11.1,4
315,Kenny Bell,Nebraska,Big Ten,13,52,577,11.1,4,1,1,1.0,0,53,578,10.9,4
316,Jaylen Walton,Ole Miss,SEC,13,29,322,11.1,2,113,523,4.6,6,142,845,6.0,8
317,Brandon Felder,Penn State,Big Ten,8,28,312,11.1,3,0,0,,0,28,312,11.1,3
318,Tommy Shuler,Marshall,CUSA,14,106,1165,11.0,10,0,0,,0,106,1165,11.0,10
319,Malcome Kennedy,Texas A&M,SEC,11,60,658,11.0,7,0,0,,0,60,658,11.0,7
320,Daikiel Shorts,West Virginia,Big 12,9,45,495,11.0,2,0,0,,0,45,495,11.0,2
321,Devin Fuller,UCLA,Pac-12,12,43,471,11.0,4,4,8,2.0,1,47,479,10.2,5
322,Casey Pierce,Kent State,MAC,11,33,364,11.0,5,0,0,,0,33,364,11.0,5
323,Ryan Jackson,Houston,American,13,27,296,11.0,2,139,661,4.8,6,166,957,5.8,8
324,Gabe Marks,Washington State,Pac-12,12,74,807,10.9,7,0,0,,0,74,807,10.9,7
325,Ladarius Brown,TCU,Big 12,10,36,393,10.9,2,0,0,,0,36,393,10.9,2
326,Sam Craft,Memphis,American,11,31,337,10.9,1,25,102,4.1,5,56,439,7.8,6
327,Bishop Sankey,Washington,Pac-12,13,28,304,10.9,1,327,1870,5.7,20,355,2174,6.1,21
328,Courtney Williams,Central Michigan,MAC,12,23,251,10.9,1,0,0,,0,23,251,10.9,1
329,Rashard Smith,North Carolina State,ACC,11,49,530,10.8,3,17,121,7.1,0,66,651,9.9,3
330,Sterling Griffin,Louisiana Tech,CUSA,12,33,357,10.8,2,0,0,,0,33,357,10.8,2
331,Richie Casey,Louisiana Tech,CUSA,11,29,313,10.8,0,0,0,,0,29,313,10.8,0
332,David Frazier,Miami (OH),MAC,8,28,302,10.8,2,1,-5,-5.0,0,29,297,10.2,2
333,Kennard Backman,UAB,CUSA,11,28,302,10.8,2,0,0,,0,28,302,10.8,2
334,Kenzee Jackson,Louisiana-Monroe,Sun Belt,9,25,271,10.8,2,2,-8,-4.0,0,27,263,9.7,2
335,Josh Ferguson,Illinois,Big Ten,12,50,535,10.7,4,141,779,5.5,7,191,1314,6.9,11
336,Ryan Switzer,North Carolina,ACC,13,32,341,10.7,3,10,29,2.9,0,42,370,8.8,3
337,John Christopher,Temple,American,11,31,331,10.7,2,2,-16,-8.0,0,33,315,9.5,2
338,Jaydon Mickens,Washington,Pac-12,13,65,688,10.6,5,5,17,3.4,0,70,705,10.1,5
339,Ryan Timmons,Kentucky,SEC,11,32,338,10.6,2,12,91,7.6,0,44,429,9.8,2
340,Brandon Freeman,UTSA,CUSA,9,24,255,10.6,0,0,0,,0,24,255,10.6,0
341,Jaxon Shipley,Texas,Big 12,13,56,589,10.5,1,0,0,,0,56,589,10.5,1
342,D.J. Foster,Arizona State,Pac-12,14,63,653,10.4,4,93,501,5.4,6,156,1154,7.4,10
343,Fransohn Bickley,Akron,MAC,12,39,407,10.4,2,6,27,4.5,0,45,434,9.6,2
344,Mike Davis,South Carolina,SEC,12,34,352,10.4,0,203,1183,5.8,11,237,1535,6.5,11
345,Nick Jones,South Carolina,SEC,11,27,281,10.4,5,0,0,,0,27,281,10.4,5
346,Isaiah Burse,Fresno State,MWC,13,100,1026,10.3,6,9,81,9.0,2,109,1107,10.2,8
347,Kyle Griswould,Middle Tennessee State,CUSA,13,45,465,10.3,4,1,1,1.0,0,46,466,10.1,4
348,Brandon Wimberly,Nevada,MWC,12,97,989,10.2,8,1,-13,-13.0,0,98,976,10.0,8
349,Tyshon Goode,Kent State,MAC,12,45,458,10.2,2,0,0,,0,45,458,10.2,2
350,Christopher Clark,Syracuse,ACC,12,36,365,10.1,3,0,0,,0,36,365,10.1,3
351,Kam Jones,UTSA,CUSA,11,34,345,10.1,1,29,302,10.4,5,63,647,10.3,6
352,Eric Tomlinson,UTEP,CUSA,10,30,304,10.1,1,0,0,,0,30,304,10.1,1
353,Darrin Reaves,UAB,CUSA,12,29,294,10.1,2,201,928,4.6,12,230,1222,5.3,14
354,Andy Erickson,Texas State,Sun Belt,11,27,273,10.1,0,2,23,11.5,0,29,296,10.2,0
355,Thomas Tucker,San Jose State,MWC,8,23,232,10.1,1,66,338,5.1,3,89,570,6.4,4
356,Shaq Washington,Cincinnati,American,13,78,783,10.0,1,5,67,13.4,1,83,850,10.2,2
357,Zane Fakes,Ball State,MAC,12,41,410,10.0,2,7,48,6.9,0,48,458,9.5,2
358,Miles Osei,Illinois,Big Ten,12,35,349,10.0,1,0,0,,0,35,349,10.0,1
359,C.J. Fiedorowicz,Iowa,Big Ten,13,30,299,10.0,6,0,0,,0,30,299,10.0,6
360,Ruhann Peele,Rutgers,American,12,28,281,10.0,1,0,0,,0,28,281,10.0,1
361,Jeremy Johnson,SMU,American,12,112,1112,9.9,6,0,0,,0,112,1112,9.9,6
362,Jonnu Smith,Florida International,CUSA,12,39,388,9.9,2,0,0,,0,39,388,9.9,2
363,Bryce Treggs,California,Pac-12,12,77,751,9.8,1,1,-4,-4.0,0,78,747,9.6,1
364,Kendall Sanders,Texas,Big 12,12,37,361,9.8,1,0,0,,0,37,361,9.8,1
365,Brandon Swindall,Utah State,MWC,11,29,285,9.8,6,0,0,,0,29,285,9.8,6
366,Zay Jones,East Carolina,CUSA,12,62,604,9.7,5,0,0,,0,62,604,9.7,5
367,Kevonte Martin-Manley,Iowa,Big Ten,12,40,388,9.7,5,1,-1,-1.0,0,41,387,9.4,5
368,Christion Jones,Alabama,SEC,13,36,349,9.7,2,2,34,17.0,0,38,383,10.1,2
369,Tyre Bracken,Southern Mississippi,CUSA,11,31,301,9.7,0,47,144,3.1,0,78,445,5.7,0
370,Kristoff Williams,Washington State,Pac-12,12,51,490,9.6,0,1,1,1.0,0,52,491,9.4,0
371,Tanner Gentry,Wyoming,MWC,9,39,376,9.6,0,0,0,,0,39,376,9.6,0
372,Isaiah Battle,Texas State,Sun Belt,12,27,259,9.6,2,3,5,1.7,0,30,264,8.8,2
373,Martize Barr,Illinois,Big Ten,11,26,246,9.5,1,1,24,24.0,0,27,270,10.0,1
374,Storm Woods,Oregon State,Pac-12,11,47,440,9.4,1,127,477,3.8,6,174,917,5.3,7
375,Vintavious Cooper,East Carolina,CUSA,13,44,412,9.4,1,230,1193,5.2,13,274,1605,5.9,14
376,Jeff Godfrey,UCF,American,12,43,406,9.4,4,6,64,10.7,0,49,470,9.6,4
377,Kenny Lawler,California,Pac-12,11,37,347,9.4,5,0,0,,0,37,347,9.4,5
378,Clark Evans,Hawaii,MWC,11,40,373,9.3,4,0,0,,0,40,373,9.3,4
379,Brandon Braxton,Duke,ACC,11,39,361,9.3,2,0,0,,0,39,361,9.3,2
380,Trent Taylor,Louisiana Tech,CUSA,10,28,260,9.3,2,0,0,,0,28,260,9.3,2
381,Kenneth Harper,Temple,American,12,26,241,9.3,2,136,613,4.5,9,162,854,5.3,11
382,Jake McGee,Virginia,ACC,11,43,395,9.2,2,0,0,,0,43,395,9.2,2
383,J.D. Falslev,Brigham Young,Ind,11,34,313,9.2,3,1,9,9.0,0,35,322,9.2,3
384,Brisly Estime,Syracuse,ACC,9,28,257,9.2,1,4,11,2.8,0,32,268,8.4,1
385,Ladarius Perkins,Mississippi State,SEC,12,27,248,9.2,3,137,542,4.0,2,164,790,4.8,5
386,Darius Powe,California,Pac-12,10,25,231,9.2,1,0,0,,0,25,231,9.2,1
387,Shane Williams-Rhodes,Boise State,MWC,11,77,702,9.1,6,10,73,7.3,1,87,775,8.9,7
388,Connor Hamlett,Oregon State,Pac-12,9,40,364,9.1,5,0,0,,0,40,364,9.1,5
389,Joe Craig,Memphis,American,12,37,338,9.1,0,2,5,2.5,0,39,343,8.8,0
390,Ted Bolser,Indiana,Big Ten,11,35,320,9.1,6,0,0,,0,35,320,9.1,6
391,Bobby Ratliff,Washington State,Pac-12,10,27,243,9.0,2,0,0,,0,27,243,9.0,2
392,Charles Sims,West Virginia,Big 12,12,45,401,8.9,3,208,1095,5.3,11,253,1496,5.9,14
393,Akeem Hunt,Purdue,Big Ten,12,38,340,8.9,2,123,464,3.8,1,161,804,5.0,3
394,Darius Jennings,Virginia,ACC,12,38,340,8.9,3,4,19,4.8,0,42,359,8.5,3
395,Ameer Abdullah,Nebraska,Big Ten,13,26,232,8.9,2,281,1690,6.0,9,307,1922,6.3,11
396,Marion Grice,Arizona State,Pac-12,11,50,438,8.8,6,191,996,5.2,14,241,1434,6.0,20
397,Pig Howard,Tennessee,SEC,11,44,388,8.8,3,18,93,5.2,0,62,481,7.8,3
398,Tavarese Maye,Louisiana-Monroe,Sun Belt,8,42,370,8.8,1,1,0,0.0,0,43,370,8.6,1
399,Kenny Williams,Texas Tech,Big 12,13,30,264,8.8,1,125,497,4.0,8,155,761,4.9,9
400,Robert Clark,Louisville,American,13,25,219,8.8,1,1,5,5.0,0,26,224,8.6,1
401,Ashton Broyld,Syracuse,ACC,12,52,452,8.7,0,2,2,1.0,0,54,454,8.4,0
402,Kevin Parks,Virginia,ACC,12,38,329,8.7,1,227,1031,4.5,11,265,1360,5.1,12
403,Storm Johnson,UCF,American,13,30,260,8.7,3,213,1139,5.3,14,243,1399,5.8,17
404,Jordan Davis,Texas Tech,Big 12,9,28,243,8.7,1,0,0,,0,28,243,8.7,1
405,Jon Greenwalt,Louisiana Tech,CUSA,12,26,227,8.7,1,0,0,,0,26,227,8.7,1
406,Kenny Harrison,UTSA,CUSA,11,23,201,8.7,0,1,3,3.0,0,24,204,8.5,0
407,Trey Watts,Tulsa,CUSA,12,46,395,8.6,1,268,1329,5.0,11,314,1724,5.5,12
408,Richard Smith,Arizona State,Pac-12,13,32,276,8.6,2,7,78,11.1,0,39,354,9.1,2
409,Lance Ray,East Carolina,CUSA,12,28,237,8.5,3,0,0,,0,28,237,8.5,3
410,Laquon Treadwell,Ole Miss,SEC,13,72,608,8.4,5,3,2,0.7,0,75,610,8.1,5
411,Spencer Harris,Illinois,Big Ten,10,39,328,8.4,1,0,0,,0,39,328,8.4,1
412,Brandon Miller,Wyoming,MWC,11,23,193,8.4,2,83,385,4.6,3,106,578,5.5,5
413,Tommylee Lewis,Northern Illinois,MAC,12,86,715,8.3,3,30,356,11.9,1,116,1071,9.2,4
414,Justin Sinz,Purdue,Big Ten,12,41,340,8.3,4,1,9,9.0,0,42,349,8.3,4
415,Joshua Bowen,New Mexico State,Ind,10,39,324,8.3,2,0,0,,0,39,324,8.3,2
416,Jon Davis,Illinois,Big Ten,11,25,208,8.3,2,9,36,4.0,0,34,244,7.2,2
417,Terron Ward,Oregon State,Pac-12,13,34,280,8.2,3,113,521,4.6,5,147,801,5.4,8
418,David Fluellen,Toledo,MAC,9,27,222,8.2,0,167,1121,6.7,10,194,1343,6.9,10
419,J.D. McKissic,Arkansas State,Sun Belt,13,82,662,8.1,4,18,139,7.7,1,100,801,8.0,5
420,B.J. Chitty,Troy,Sun Belt,9,23,187,8.1,1,2,11,5.5,0,25,198,7.9,1
421,Rickey Galvin,Washington State,Pac-12,13,39,311,8.0,4,0,0,,0,39,311,8.0,4
422,Samajie Grant,Arizona,Pac-12,12,47,373,7.9,1,1,0,0.0,0,48,373,7.8,1
423,Deandre Washington,Texas Tech,Big 12,12,34,269,7.9,0,107,450,4.2,4,141,719,5.1,4
424,James Poole,Utah,Pac-12,12,29,229,7.9,0,149,607,4.1,2,178,836,4.7,2
425,Darius Joseph,SMU,American,12,103,808,7.8,5,1,-1,-1.0,0,104,807,7.8,5
426,Kirby Moore,Boise State,MWC,6,36,280,7.8,2,0,0,,0,36,280,7.8,2
427,Jawon Chisholm,Akron,MAC,12,27,211,7.8,1,189,869,4.6,8,216,1080,5.0,9
428,Trevone Boykin,TCU,Big 12,12,26,204,7.8,0,105,313,3.0,7,131,517,3.9,7
429,Sean McQuillan,Connecticut,American,7,25,196,7.8,1,0,0,,0,25,196,7.8,1
430,Tyre'Oune Holmes,Southern Mississippi,CUSA,10,53,410,7.7,2,4,3,0.8,0,57,413,7.2,2
431,James White,Wisconsin,Big Ten,13,39,300,7.7,2,221,1444,6.5,13,260,1744,6.7,15
432,Jordan Thompson,West Virginia,Big 12,10,23,178,7.7,0,1,6,6.0,0,24,184,7.7,0
433,Marcus Mason,Washington State,Pac-12,13,52,390,7.5,2,87,429,4.9,2,139,819,5.9,4
434,D.J. Banks,Louisiana Tech,CUSA,11,36,262,7.3,0,7,46,6.6,0,43,308,7.2,0
435,Jordan Bergstrom,New Mexico State,Ind,9,30,206,6.9,0,2,9,4.5,0,32,215,6.7,0
436,Roderick McDowell,Clemson,ACC,13,29,199,6.9,2,189,1025,5.4,5,218,1224,5.6,7
437,Branden Oliver,Buffalo,MAC,12,25,173,6.9,1,310,1535,5.0,15,335,1708,5.1,16
438,Jabari Carr,San Jose State,MWC,6,25,173,6.9,0,0,0,,0,25,173,6.9,0
439,Bruce Natson,Utah State,MWC,14,59,395,6.7,2,28,98,3.5,3,87,493,5.7,5
440,Ka'Deem Carey,Arizona,Pac-12,12,26,173,6.7,1,349,1885,5.4,19,375,2058,5.5,20
441,James Sims,Kansas,Big 12,12,25,166,6.6,0,230,1110,4.8,7,255,1276,5.0,7
442,Brendan Bigelow,California,Pac-12,12,34,202,5.9,0,105,421,4.0,2,139,623,4.5,2
443,Joshua Quezada,Fresno State,MWC,13,51,290,5.7,1,155,807,5.2,6,206,1097,5.3,7
444,Taquan Mizzell,Virginia,ACC,10,29,164,5.7,1,45,184,4.1,1,74,348,4.7,2
445,Jeremy Langford,Michigan State,Big Ten,14,28,157,5.6,1,292,1422,4.9,18,320,1579,4.9,19
446,Tim Cornett,UNLV,MWC,13,30,164,5.5,0,264,1284,4.9,15,294,1448,4.9,15
447,Khalek Shepherd,Virginia,ACC,11,23,125,5.4,0,51,304,6.0,1,74,429,5.8,1
448,Brandon Burks,Troy,Sun Belt,12,36,188,5.2,0,133,664,5.0,2,169,852,5.0,2
449,Teondray Caldwell,Washington State,Pac-12,13,26,130,5.0,0,50,271,5.4,1,76,401,5.3,1
450,Rajion Neal,Tennessee,SEC,12,27,108,4.0,0,215,1124,5.2,12,242,1232,5.1,12
