Rk,Player,School,Conf,G,Rec,RecYds,RecAvg,RecTD,RushAtt,RushYds,RushAvg,RushTD,Plays,TotalYds,YardsPerPlay,TotalTDs
1,Aaron Cephus,Rice,CUSA,10,25,622,24.9,5,0,0,,0,25,622,24.9,5
2,Emanuel Hall,Missouri,SEC,10,33,817,24.8,8,0,0,,0,33,817,24.8,8
3,Byron Pringle,Kansas State,Big 12,12,30,724,24.1,6,1,15,15.0,0,31,739,23.8,6
4,Damion Ratley,Texas A&M,SEC,12,30,694,23.1,6,0,0,,0,30,694,23.1,6
5,Darius Slayton,Auburn,SEC,11,29,643,22.2,5,0,0,,0,29,643,22.2,5
6,D.J. Chark,LSU,SEC,13,40,874,21.9,3,12,63,5.3,1,52,937,18.0,4
7,Ricky Jeune,Georgia Tech,ACC,11,25,545,21.8,6,1,30,30.0,0,26,575,22.1,6
8,Arkeel Newsome,Connecticut,American,10,25,541,21.6,2,67,261,3.9,3,92,802,8.7,5
9,Kwadarrius Smith,Akron,MAC,11,34,726,21.4,7,0,0,,0,34,726,21.4,7
10,James Washington,Oklahoma State,Big 12,13,74,1549,20.9,13,3,12,4.0,1,77,1561,20.3,14
11,Jamire Jordan,Fresno State,MWC,13,27,562,20.8,3,1,-7,-7.0,0,28,555,19.8,3
12,Chris Jones,Coastal Carolina,Sun Belt,10,26,536,20.6,4,4,45,11.3,0,30,581,19.4,4
13,James Proche,SMU,American,12,40,816,20.4,6,0,0,,0,40,816,20.4,6
14,Andre Levrone,Virginia,ACC,12,34,689,20.3,7,0,0,,0,34,689,20.3,7
15,Tre'Quan Smith,UCF,American,13,59,1171,19.8,13,5,23,4.6,1,64,1194,18.7,14
16,James Gardner,Miami (OH),MAC,11,47,927,19.7,11,0,0,,0,47,927,19.7,11
17,Marcell Ateman,Oklahoma State,Big 12,13,59,1156,19.6,8,0,0,,0,59,1156,19.6,8
18,Tyler Johnson,Minnesota,Big Ten,10,35,677,19.3,7,0,0,,0,35,677,19.3,7
19,Marquise Brown,Oklahoma,Big 12,13,57,1095,19.2,7,1,0,0.0,0,58,1095,18.9,7
20,Cody Thompson,Toledo,MAC,5,28,537,19.2,4,0,0,,0,28,537,19.2,4
21,Tyree McCants,South Florida,American,11,36,686,19.1,7,1,30,30.0,0,37,716,19.4,7
22,Marcus Simms,West Virginia,Big 12,12,35,663,18.9,5,1,-1,-1.0,0,36,662,18.4,5
23,Datrin Guyton,Bowling Green State,MAC,11,31,585,18.9,2,0,0,,0,31,585,18.9,2
24,T.J. Vasher,Texas Tech,Big 12,9,29,545,18.8,6,0,0,,0,29,545,18.8,6
25,Terren Encalade,Tulane,American,12,39,730,18.7,4,4,91,22.8,1,43,821,19.1,5
26,Tyrie Cleveland,Florida,SEC,9,22,410,18.6,2,2,6,3.0,0,24,416,17.3,2
27,Malcolm Williams,Coastal Carolina,Sun Belt,11,43,793,18.4,7,12,54,4.5,0,55,847,15.4,7
28,Jordan Lasley,UCLA,Pac-12,9,69,1264,18.3,9,4,-6,-1.5,0,73,1258,17.2,9
29,Cedric Wilson,Boise State,MWC,14,83,1511,18.2,7,9,13,1.4,0,92,1524,16.6,7
30,RJ Turner,Louisiana-Monroe,Sun Belt,10,38,693,18.2,6,1,9,9.0,0,39,702,18.0,6
31,Anthony Ratliff-Williams,North Carolina,ACC,12,35,630,18.0,6,1,1,1.0,0,36,631,17.5,6
32,Devonte Boyd,UNLV,MWC,11,34,612,18.0,3,0,0,,0,34,612,18.0,3
33,Anthony Johnson,Buffalo,MAC,12,76,1356,17.8,14,4,-5,-1.3,0,80,1351,16.9,14
34,Denzel Mims,Baylor,Big 12,12,61,1087,17.8,8,1,-6,-6.0,0,62,1081,17.4,8
35,Trevon Brown,East Carolina,American,12,60,1069,17.8,7,2,16,8.0,0,62,1085,17.5,7
36,Turner Smiley,North Texas,CUSA,11,35,623,17.8,5,0,0,,0,35,623,17.8,5
37,Adonis Jennings,Temple,American,13,42,742,17.7,7,2,22,11.0,0,44,764,17.4,7
38,Johnathon Johnson,Missouri,SEC,13,41,724,17.7,6,1,0,0.0,0,42,724,17.2,6
39,C.J. Johnson,Wyoming,MWC,12,30,531,17.7,7,2,15,7.5,0,32,546,17.1,7
40,Darnell Mooney,Tulane,American,11,34,599,17.6,4,0,0,,0,34,599,17.6,4
41,Rhashid Bonnette,Louisiana Tech,CUSA,10,33,582,17.6,2,1,3,3.0,0,34,585,17.2,2
42,CeeDee Lamb,Oklahoma,Big 12,13,46,807,17.5,7,0,0,,0,46,807,17.5,7
43,Papi White,Ohio,MAC,9,36,631,17.5,3,4,46,11.5,0,40,677,16.9,3
44,Jalen Reagor,TCU,Big 12,14,33,576,17.5,8,8,65,8.1,0,41,641,15.6,8
45,Diontae Johnson,Toledo,MAC,14,74,1278,17.3,13,2,9,4.5,0,76,1287,16.9,13
46,Anthony Mahoungou,Purdue,Big Ten,12,40,688,17.2,8,0,0,,0,40,688,17.2,8
47,Kamathi Holsey,Buffalo,MAC,8,32,548,17.1,1,0,0,,0,32,548,17.1,1
48,DaMarkus Lodge,Ole Miss,SEC,12,41,698,17.0,7,0,0,,0,41,698,17.0,7
49,Jester Weah,Pitt,ACC,11,41,698,17.0,4,0,2,,0,41,700,17.1,4
50,Hakeem Butler,Iowa State,Big 12,13,41,697,17.0,7,0,0,,0,41,697,17.0,7
51,Jalen Harvey,Arizona State,Pac-12,11,33,558,16.9,1,1,2,2.0,0,34,560,16.5,1
52,D'Wayne Eskridge,Western Michigan,MAC,12,30,506,16.9,3,4,13,3.3,0,34,519,15.3,3
53,Marquez Callaway,Tennessee,SEC,10,24,406,16.9,5,1,4,4.0,0,25,410,16.4,5
54,Terry Godwin,Georgia,SEC,13,38,639,16.8,6,0,0,,0,38,639,16.8,6
55,A.J. Brown,Ole Miss,SEC,11,75,1252,16.7,11,0,0,,0,75,1252,16.7,11
56,Quintez Cephus,Wisconsin,Big Ten,10,30,501,16.7,6,4,5,1.3,0,34,506,14.9,6
57,J'Mon Moore,Missouri,SEC,13,65,1082,16.6,10,0,0,,0,65,1082,16.6,10
58,Marquez Valdes-Scantling,South Florida,American,12,53,879,16.6,6,8,108,13.5,1,61,987,16.2,7
59,D.K. Metcalf,Ole Miss,SEC,12,39,646,16.6,7,0,0,,0,39,646,16.6,7
60,Ka'Raun White,West Virginia,Big 12,13,61,1004,16.5,12,0,0,,0,61,1004,16.5,12
61,Kalija Lipscomb,Vanderbilt,SEC,12,37,610,16.5,8,3,17,5.7,0,40,627,15.7,8
62,Ricky Smalling,Illinois,Big Ten,11,31,510,16.5,2,0,0,,0,31,510,16.5,2
63,Noah Fant,Iowa,Big Ten,12,30,494,16.5,11,2,-1,-0.5,0,32,493,15.4,11
64,Jon'Vea Johnson,Toledo,MAC,13,42,689,16.4,5,0,0,,0,42,689,16.4,5
65,John Diarse,TCU,Big 12,13,35,575,16.4,3,0,0,,0,35,575,16.4,3
66,David Sills,West Virginia,Big 12,12,60,980,16.3,18,0,0,,0,60,980,16.3,18
67,Jaylen Smith,Louisville,ACC,10,60,980,16.3,7,0,0,,0,60,980,16.3,7
68,Sergio Bailey,Eastern Michigan,MAC,12,54,878,16.3,9,2,25,12.5,0,56,903,16.1,9
69,Justin McInnis,Arkansas State,Sun Belt,12,49,800,16.3,4,1,3,3.0,0,50,803,16.1,4
70,JJ Arcega-Whiteside,Stanford,Pac-12,11,48,781,16.3,9,0,0,,0,48,781,16.3,9
71,Stanley Morgan Jr.,Nebraska,Big Ten,11,61,986,16.2,10,1,2,2.0,0,62,988,15.9,10
72,DaeSean Hamilton,Penn State,Big Ten,13,53,857,16.2,9,1,2,2.0,0,54,859,15.9,9
73,Jamarius Way,South Alabama,Sun Belt,11,47,762,16.2,3,6,37,6.2,0,53,799,15.1,3
74,Tony Ellison,Arizona,Pac-12,13,37,598,16.2,5,3,36,12.0,1,40,634,15.9,6
75,Brandon Presley,UNLV,MWC,12,34,552,16.2,3,5,40,8.0,0,39,592,15.2,3
76,Jordan Akins,UCF,American,11,32,515,16.1,4,0,0,,0,32,515,16.1,4
77,Courtland Sutton,SMU,American,13,68,1085,16.0,12,1,2,2.0,1,69,1087,15.8,13
78,Javon Wims,Georgia,SEC,14,45,720,16.0,7,0,0,,0,45,720,16.0,7
79,Darnell Salomon,South Florida,American,10,32,512,16.0,5,0,0,,0,32,512,16.0,5
80,Devin Gray,Cincinnati,American,12,28,444,15.9,3,0,0,,0,28,444,15.9,3
81,Jalen Guyton,North Texas,CUSA,12,49,775,15.8,9,3,12,4.0,0,52,787,15.1,9
82,Scotty Washington,Wake Forest,ACC,12,45,711,15.8,3,0,0,,0,45,711,15.8,3
83,Brendan O'Leary-Orange,Nevada,MWC,10,39,618,15.8,4,0,0,,0,39,618,15.8,4
84,Stephen Louis,North Carolina State,ACC,10,37,583,15.8,2,1,-6,-6.0,0,38,577,15.2,2
85,DeAndre Thompkins,Penn State,Big Ten,13,28,443,15.8,3,0,0,,0,28,443,15.8,3
86,Andy Isabella,Massachusetts,Ind,12,65,1020,15.7,10,14,135,9.6,1,79,1155,14.6,11
87,Steven Mitchell,USC,Pac-12,10,41,644,15.7,4,1,10,10.0,0,42,654,15.6,4
88,Equanimeous St. Brown,Notre Dame,Ind,12,33,515,15.6,4,0,0,,0,33,515,15.6,4
89,Mark Andrews,Oklahoma,Big 12,14,62,958,15.5,8,0,0,,0,62,958,15.5,8
90,Dez Fitzpatrick,Louisville,ACC,12,45,699,15.5,9,0,0,,0,45,699,15.5,9
91,Keke Coutee,Texas Tech,Big 12,13,93,1429,15.4,10,5,15,3.0,0,98,1444,14.7,10
92,Ryheem Malone,Louisiana,Sun Belt,11,44,676,15.4,4,4,57,14.3,0,48,733,15.3,4
93,Lucky Jackson,Western Kentucky,CUSA,10,39,600,15.4,3,1,6,6.0,0,40,606,15.2,3
94,Calvin Ridley,Alabama,SEC,14,63,967,15.3,5,2,17,8.5,0,65,984,15.1,5
95,Seth Dawkins,Louisville,ACC,12,42,642,15.3,4,0,0,,0,42,642,15.3,4
96,A.J. Taylor,Wisconsin,Big Ten,14,31,475,15.3,5,6,26,4.3,0,37,501,13.5,5
97,Anthony Miller,Memphis,American,13,96,1462,15.2,18,10,25,2.5,0,106,1487,14.0,18
98,Tyre Brady,Marshall,CUSA,11,62,942,15.2,8,0,0,,0,62,942,15.2,8
99,Aaron McLean,Connecticut,American,10,31,472,15.2,2,0,0,,0,31,472,15.2,2
100,Shane Tucker,Middle Tennessee State,CUSA,10,25,381,15.2,2,3,22,7.3,0,28,403,14.4,2
101,Penny Hart,Georgia State,Sun Belt,12,74,1121,15.1,8,6,27,4.5,0,80,1148,14.4,8
102,JD Spielman,Nebraska,Big Ten,11,55,830,15.1,2,10,73,7.3,0,65,903,13.9,2
103,Justin Hobbs,Tulsa,American,11,55,830,15.1,3,0,0,,0,55,830,15.1,3
104,Dredrick Snelson,UCF,American,12,46,695,15.1,8,2,11,5.5,1,48,706,14.7,9
105,Nyqwan Murray,Florida State,ACC,12,40,604,15.1,4,3,15,5.0,0,43,619,14.4,4
106,Thomas Owens,Florida International,CUSA,9,59,887,15.0,6,1,-1,-1.0,0,60,886,14.8,6
107,Davon Grayson,East Carolina,American,11,59,886,15.0,6,6,40,6.7,0,65,926,14.2,6
108,Marcus Green,Louisiana-Monroe,Sun Belt,12,54,812,15.0,5,14,175,12.5,0,68,987,14.5,5
109,A.J. Richardson,Boise State,MWC,11,33,494,15.0,2,0,0,,0,33,494,15.0,2
110,Terry McLaurin,Ohio State,Big Ten,13,29,436,15.0,6,0,0,,0,29,436,15.0,6
111,Ian Thomas,Indiana,Big Ten,9,25,376,15.0,5,0,0,,0,25,376,15.0,5
112,Keith Kirkwood,Temple,American,12,45,671,14.9,7,0,0,,0,45,671,14.9,7
113,Corey Willis,Central Michigan,MAC,9,45,669,14.9,9,0,0,,0,45,669,14.9,9
114,Tony Pollard,Memphis,American,13,36,536,14.9,4,30,230,7.7,2,66,766,11.6,6
115,Phil Mayhue,Memphis,American,11,35,521,14.9,3,0,0,,0,35,521,14.9,3
116,Chad Beebe,Northern Illinois,MAC,9,28,417,14.9,1,1,-1,-1.0,0,29,416,14.3,1
117,Trent Bostick,Charlotte,CUSA,11,24,357,14.9,3,1,3,3.0,0,25,360,14.4,3
118,Mark Chapman,Central Michigan,MAC,13,59,875,14.8,5,2,17,8.5,0,61,892,14.6,5
119,Damion Willis,Troy,Sun Belt,12,42,620,14.8,3,0,0,,0,42,620,14.8,3
120,Raelon Singleton,Utah,Pac-12,12,36,531,14.8,4,0,0,,0,36,531,14.8,4
121,Sadiq Palmer,Massachusetts,Ind,10,35,518,14.8,1,0,0,,0,35,518,14.8,1
122,Kelvin Harmon,North Carolina State,ACC,13,69,1017,14.7,4,0,0,,0,69,1017,14.7,4
123,Korey Robertson,Southern Mississippi,CUSA,13,76,1106,14.6,12,0,0,,0,76,1106,14.6,12
124,Trent Sherfield,Vanderbilt,SEC,12,50,729,14.6,5,8,92,11.5,1,58,821,14.2,6
125,Parris Campbell,Ohio State,Big Ten,13,40,584,14.6,3,10,132,13.2,1,50,716,14.3,4
126,Jonathan Nance,Arkansas,SEC,11,37,539,14.6,5,5,62,12.4,0,42,601,14.3,5
127,Keenan Barnes,Louisiana,Sun Belt,10,37,539,14.6,2,0,0,,0,37,539,14.6,2
128,Jessie Britt,Massachusetts,Ind,12,29,422,14.6,3,0,0,,0,29,422,14.6,3
129,Isaiah Wright,Temple,American,13,46,668,14.5,4,25,188,7.5,1,71,856,12.1,5
130,Olabisi Johnson,Colorado State,MWC,12,41,595,14.5,2,0,0,,0,41,595,14.5,2
131,Gabriel Davis,UCF,American,10,27,391,14.5,4,0,0,,0,27,391,14.5,4
132,Christian Booker,Arkansas State,Sun Belt,9,25,363,14.5,6,1,-3,-3.0,0,26,360,13.8,6
133,Elijah King,Texas State,Sun Belt,11,52,750,14.4,3,1,6,6.0,0,53,756,14.3,3
134,Ike Lewis,Appalachian State,Sun Belt,13,51,733,14.4,8,3,31,10.3,0,54,764,14.1,8
135,Rico Bussey Jr.,North Texas,CUSA,13,47,677,14.4,7,0,0,,0,47,677,14.4,7
136,Tyler Conklin,Central Michigan,MAC,8,35,504,14.4,5,0,0,,0,35,504,14.4,5
137,Austin Wolf,Akron,MAC,10,33,476,14.4,5,0,0,,0,33,476,14.4,5
138,Sam Martin,Miami (OH),MAC,10,25,359,14.4,3,0,0,,0,25,359,14.4,3
139,Ben Skowronek,Northwestern,Big Ten,13,45,644,14.3,5,0,0,,0,45,644,14.3,5
140,Hergy Mayala,Connecticut,American,9,43,615,14.3,7,0,0,,0,43,615,14.3,7
141,Albert Okwuegbunam,Missouri,SEC,9,29,415,14.3,11,0,0,,0,29,415,14.3,11
142,Micah Simon,Brigham Young,Ind,12,27,386,14.3,3,0,0,,0,27,386,14.3,3
143,Michael Gallup,Colorado State,MWC,13,100,1418,14.2,7,0,0,,0,100,1418,14.2,7
144,Jaleel Scott,New Mexico State,Sun Belt,12,76,1079,14.2,9,0,0,,0,76,1079,14.2,9
145,Steven Sims Jr.,Kansas,Big 12,11,59,839,14.2,6,5,5,1.0,0,64,844,13.2,6
146,Tyler Vaughns,USC,Pac-12,13,57,809,14.2,5,0,0,,0,57,809,14.2,5
147,Collin Johnson,Texas,Big 12,13,54,765,14.2,2,0,-7,,0,54,758,14.0,2
148,John Ursua,Hawaii,MWC,6,47,667,14.2,5,0,0,,0,47,667,14.2,5
149,Trey Hartley,San Jose State,MWC,12,37,527,14.2,2,0,0,,0,37,527,14.2,2
150,Tommy Sweeney,Boston College,ACC,12,36,512,14.2,4,0,0,,0,36,512,14.2,4
151,Steven Dunbar,Houston,American,12,76,1070,14.1,3,0,0,,0,76,1070,14.1,3
152,Kanawai Noa,California,Pac-12,11,56,788,14.1,4,0,0,,0,56,788,14.1,4
153,Felton Davis III,Michigan State,Big Ten,11,55,776,14.1,9,1,16,16.0,0,56,792,14.1,9
154,Brendan Cope,Ohio,MAC,10,35,494,14.1,4,1,-2,-2.0,0,36,492,13.7,4
155,K.J. Osborn,Buffalo,MAC,12,35,493,14.1,4,4,22,5.5,1,39,515,13.2,5
156,Shi Smith,South Carolina,SEC,12,29,409,14.1,3,0,0,,0,29,409,14.1,3
157,Jay MacIntyre,Colorado,Pac-12,10,28,396,14.1,2,1,1,1.0,0,29,397,13.7,2
158,Darren Carrington,Utah,Pac-12,12,70,980,14.0,6,0,0,,0,70,980,14.0,6
159,Micah Holder,San Diego State,MWC,11,43,602,14.0,2,3,30,10.0,0,46,632,13.7,2
160,Cody White,Michigan State,Big Ten,11,35,490,14.0,4,4,19,4.8,0,39,509,13.1,4
161,Jimmy Williams,East Carolina,American,9,32,447,14.0,3,1,2,2.0,0,33,449,13.6,3
162,CJ Windham,Middle Tennessee State,CUSA,12,25,351,14.0,1,0,0,,0,25,351,14.0,1
163,Brycen Hopkins,Purdue,Big Ten,11,25,349,14.0,3,0,0,,0,25,349,14.0,3
164,Evan Fairs,Kansas,Big 12,9,24,335,14.0,1,0,0,,0,24,335,14.0,1
165,N'Keal Harry,Arizona State,Pac-12,13,82,1142,13.9,8,13,65,5.0,0,95,1207,12.7,8
166,Brian Williams,Louisiana-Monroe,Sun Belt,11,45,626,13.9,4,1,2,2.0,1,46,628,13.7,5
167,Teo Redding,Bowling Green State,MAC,11,45,624,13.9,8,0,0,,0,45,624,13.9,8
168,Sam Harris,South Alabama,Sun Belt,11,41,570,13.9,2,0,0,,0,41,570,13.9,2
169,Macan Wilson,Northwestern,Big Ten,11,32,446,13.9,1,0,0,,0,32,446,13.9,1
170,Chase Claypool,Notre Dame,Ind,11,29,402,13.9,2,2,-3,-1.5,0,31,399,12.9,2
171,Demornay Pierson-El,Nebraska,Big Ten,12,45,623,13.8,5,4,32,8.0,0,49,655,13.4,5
172,Andrew Meyer,Ohio,MAC,12,35,483,13.8,2,1,-1,-1.0,0,36,482,13.4,2
173,Omar Bayless,Arkansas State,Sun Belt,11,31,428,13.8,6,2,-3,-1.5,0,33,425,12.9,6
174,Chris Murray,Arkansas State,Sun Belt,12,51,701,13.7,9,3,3,1.0,0,54,704,13.0,9
175,Auden Tate,Florida State,ACC,12,40,548,13.7,10,0,0,,0,40,548,13.7,10
176,JaQuan Blackwell,San Jose State,MWC,11,32,437,13.7,2,0,0,,0,32,437,13.7,2
177,Matt Vandeberg,Iowa,Big Ten,13,28,384,13.7,2,0,0,,0,28,384,13.7,2
178,Tavin Richardson,Kentucky,SEC,12,27,371,13.7,1,0,0,,0,27,371,13.7,1
179,Mathew Sexton,Eastern Michigan,MAC,12,26,357,13.7,2,0,0,,0,26,357,13.7,2
180,Cam Phillips,Virginia Tech,ACC,12,71,964,13.6,7,1,10,10.0,0,72,974,13.5,7
181,Wyatt Demps,Nevada,MWC,12,67,908,13.6,11,0,0,,0,67,908,13.6,11
182,McLane Mannix,Nevada,MWC,12,57,778,13.6,6,2,3,1.5,0,59,781,13.2,6
183,Greg Dortch,Wake Forest,ACC,8,53,722,13.6,9,7,9,1.3,0,60,731,12.2,9
184,Noah Togiai,Oregon State,Pac-12,9,34,461,13.6,2,0,0,,0,34,461,13.6,2
185,Jay Griffin IV,New Mexico,MWC,12,29,393,13.6,4,13,116,8.9,1,42,509,12.1,5
186,John Niupalau,Eastern Michigan,MAC,9,27,368,13.6,4,0,0,,0,27,368,13.6,4
187,Ky'Jon Tyler,Coastal Carolina,Sun Belt,11,23,313,13.6,2,11,73,6.6,0,34,386,11.4,2
188,Shay Fields,Colorado,Pac-12,12,46,623,13.5,4,0,0,,0,46,623,13.5,4
189,Renard Bell,Washington State,Pac-12,13,40,538,13.5,3,0,0,,0,40,538,13.5,3
190,Workpeh Kofa,Charlotte,CUSA,9,25,338,13.5,1,2,3,1.5,0,27,341,12.6,1
191,Taysir Mack,Indiana,Big Ten,6,23,310,13.5,3,0,0,,0,23,310,13.5,3
192,Alfonso Onunwor,Idaho,Sun Belt,11,64,856,13.4,8,0,0,,0,64,856,13.4,8
193,Thomas Geddis,Cincinnati,American,11,29,388,13.4,3,0,0,,0,29,388,13.4,3
194,Dawson Knox,Ole Miss,SEC,8,24,321,13.4,0,0,0,,0,24,321,13.4,0
195,Allen Lazard,Iowa State,Big 12,13,71,941,13.3,10,0,0,,0,71,941,13.3,10
196,Shun Brown,Arizona,Pac-12,13,43,573,13.3,6,5,51,10.2,0,48,624,13.0,6
197,Josh Stewart,UTSA,CUSA,11,39,518,13.3,3,0,0,,0,39,518,13.3,3
198,Collin Lisa,UAB,CUSA,12,33,439,13.3,1,1,0,0.0,0,34,439,12.9,1
199,Chris Taylor,Duke,ACC,11,25,332,13.3,1,0,0,,0,25,332,13.3,1
200,KeeSean Johnson,Fresno State,MWC,14,77,1013,13.2,8,1,0,0.0,0,78,1013,13.0,8
201,Michael Lawrence,North Texas,CUSA,14,62,819,13.2,4,0,0,,0,62,819,13.2,4
202,Deon Yelder,Western Kentucky,CUSA,12,52,688,13.2,7,2,15,7.5,1,54,703,13.0,8
203,Deondre Douglas,Troy,Sun Belt,12,48,628,13.1,4,3,43,14.3,1,51,671,13.2,5
204,Dillon Stoner,Oklahoma State,Big 12,12,44,576,13.1,6,0,0,,0,44,576,13.1,6
205,Travis Fulgham,Old Dominion,CUSA,11,30,394,13.1,1,0,0,,0,30,394,13.1,1
206,Deontay Burnett,USC,Pac-12,14,86,1114,13.0,9,2,-2,-1.0,0,88,1112,12.6,9
207,Vic Wharton,California,Pac-12,12,67,871,13.0,5,1,-5,-5.0,0,68,866,12.7,5
208,Juwan Johnson,Penn State,Big Ten,19,54,701,13.0,1,0,0,,0,54,701,13.0,1
209,Thomas Hennigan,Appalachian State,Sun Belt,12,45,585,13.0,7,0,0,,0,45,585,13.0,7
210,Brandon Johnson,Tennessee,SEC,10,37,482,13.0,1,0,0,,0,37,482,13.0,1
211,Ryan Smith,Miami (OH),MAC,10,35,454,13.0,4,0,0,,0,35,454,13.0,4
212,Jordan Nathan,Utah State,MWC,13,25,324,13.0,2,7,30,4.3,0,32,354,11.1,2
213,D.J. Moore,Maryland,Big Ten,12,80,1033,12.9,8,5,61,12.2,1,85,1094,12.9,9
214,Christian Kirk,Texas A&M,SEC,13,71,919,12.9,10,4,31,7.8,0,75,950,12.7,10
215,Darren Andrews,UCLA,Pac-12,9,60,773,12.9,10,4,49,12.3,0,64,822,12.8,10
216,Tabari Hines,Wake Forest,ACC,12,53,683,12.9,7,2,-6,-3.0,0,55,677,12.3,7
217,Doni Dowling,Virginia,ACC,13,50,647,12.9,5,0,0,,0,50,647,12.9,5
218,Jalen McCleskey,Oklahoma State,Big 12,12,50,645,12.9,5,0,0,,0,50,645,12.9,5
219,Blake Mack,Arkansas State,Sun Belt,12,48,618,12.9,7,0,0,,0,48,618,12.9,7
220,Jordan Veasy,California,Pac-12,12,38,491,12.9,6,0,0,,0,38,491,12.9,6
221,Caleb Wilson,UCLA,Pac-12,5,38,490,12.9,1,0,0,,0,38,490,12.9,1
222,Kerry Thomas,UTSA,CUSA,9,35,453,12.9,4,2,6,3.0,0,37,459,12.4,4
223,Pooh Stricklin,Baylor,Big 12,8,32,414,12.9,1,0,0,,0,32,414,12.9,1
224,Johnathan Boone,New Mexico State,Sun Belt,9,31,399,12.9,1,0,0,,0,31,399,12.9,1
225,Steve Ishmael,Syracuse,ACC,12,105,1347,12.8,7,0,0,,0,105,1347,12.8,7
226,Teddy Veal,Louisiana Tech,CUSA,13,74,950,12.8,7,4,6,1.5,0,78,956,12.3,7
227,A.J. Coney,Akron,MAC,14,43,551,12.8,3,0,0,,0,43,551,12.8,3
228,Harrison Bryant,Florida Atlantic,CUSA,10,32,408,12.8,5,0,0,,0,32,408,12.8,5
229,Deon Cain,Clemson,ACC,14,58,734,12.7,6,0,0,,0,58,734,12.7,6
230,Hayden Hurst,South Carolina,SEC,13,44,559,12.7,2,9,30,3.3,1,53,589,11.1,3
231,Cam Serigne,Wake Forest,ACC,11,44,556,12.6,9,0,0,,0,44,556,12.6,9
232,Charles Nelson,Oregon,Pac-12,10,32,404,12.6,1,11,25,2.3,1,43,429,10.0,2
233,Akrum Wadley,Iowa,Big Ten,13,28,353,12.6,3,252,1109,4.4,10,280,1462,5.2,13
234,Dijon Paschal,Arkansas State,Sun Belt,10,25,315,12.6,1,0,0,,0,25,315,12.6,1
235,Andre Wilson,UAB,CUSA,13,54,677,12.5,6,3,27,9.0,0,57,704,12.4,6
236,Marchie Murdock,Iowa State,Big 12,12,41,513,12.5,5,0,0,,0,41,513,12.5,5
237,Marcel Williams,Marshall,CUSA,9,41,512,12.5,2,1,3,3.0,0,42,515,12.3,2
238,Brady Jones,UTSA,CUSA,11,26,325,12.5,2,1,-11,-11.0,0,27,314,11.6,2
239,Bryan Edwards,South Carolina,SEC,13,64,793,12.4,5,4,19,4.8,0,68,812,11.9,5
240,Kobay White,Boston College,ACC,12,34,423,12.4,2,0,0,,0,34,423,12.4,2
241,Xavier Lane,Western Kentucky,CUSA,8,27,336,12.4,0,0,0,,0,27,336,12.4,0
242,Braxton Berrios,Miami (FL),ACC,13,55,679,12.3,9,0,0,,0,55,679,12.3,9
243,Keenen Johnson,Tulsa,American,10,44,539,12.3,1,1,4,4.0,0,45,543,12.1,1
244,Rafael Araujo-Lopes,Pitt,ACC,11,43,531,12.3,2,5,6,1.2,0,48,537,11.2,2
245,Spencer Tears,Northern Illinois,MAC,13,43,528,12.3,4,4,-5,-1.3,0,47,523,11.1,4
246,Dillon Mitchell,Oregon,Pac-12,11,42,517,12.3,4,4,6,1.5,0,46,523,11.4,4
247,Detrich Clark,Colorado State,MWC,11,41,504,12.3,6,15,40,2.7,0,56,544,9.7,6
248,Willie Johnson,Marshall,CUSA,11,36,443,12.3,4,0,0,,0,36,443,12.3,4
249,Grant Perry,Michigan,Big Ten,9,25,307,12.3,1,0,0,,0,25,307,12.3,1
250,T.J. Rahming,Duke,ACC,13,65,795,12.2,2,4,3,0.8,0,69,798,11.6,2
251,Ja'Marcus Bradley,Louisiana,Sun Belt,12,39,475,12.2,2,2,25,12.5,0,41,500,12.2,2
252,Deon Stewart,Arkansas,SEC,11,33,404,12.2,3,8,10,1.3,0,41,414,10.1,3
253,Darren Woods Jr,UNLV,MWC,12,30,366,12.2,0,3,30,10.0,0,33,396,12.0,0
254,Demari Simpkins,Utah,Pac-12,13,29,354,12.2,1,4,-16,-4.0,0,33,338,10.2,1
255,Ty Lee,Middle Tennessee State,CUSA,13,79,955,12.1,5,39,109,2.8,1,118,1064,9.0,6
256,Dante Pettis,Washington,Pac-12,13,63,761,12.1,7,3,50,16.7,0,66,811,12.3,7
257,Ben Johnson,Kansas,Big 12,11,30,363,12.1,1,0,0,,0,30,363,12.1,1
258,Tamir Jones,Georgia State,Sun Belt,11,33,396,12.0,0,0,0,,0,33,396,12.0,0
259,Malik Stanley,South Alabama,Sun Belt,8,27,324,12.0,3,1,3,3.0,0,28,327,11.7,3
260,Tavares Martin Jr.,Washington State,Pac-12,11,70,831,11.9,9,0,0,,0,70,831,11.9,9
261,Adam Breneman,Massachusetts,Ind,11,64,764,11.9,4,0,0,,0,64,764,11.9,4
262,Ron'Quavion Tarver,Utah State,MWC,13,48,569,11.9,7,0,9,,0,48,578,12.0,7
263,Antoine Porter,Eastern Michigan,MAC,12,46,548,11.9,4,1,-16,-16.0,0,47,532,11.3,4
264,Troy Fumagalli,Wisconsin,Big Ten,12,46,547,11.9,4,0,0,,0,46,547,11.9,4
265,Christopher Herndon IV,Miami (FL),ACC,11,40,477,11.9,4,0,0,,0,40,477,11.9,4
266,Timmy Hernandez,Oregon State,Pac-12,11,30,357,11.9,3,0,0,,0,30,357,11.9,3
267,Jordan Villamin,Oregon State,Pac-12,9,30,356,11.9,1,0,0,,0,30,356,11.9,1
268,Dalyn Dawkins,Colorado State,MWC,13,26,310,11.9,1,226,1399,6.2,8,252,1709,6.8,9
269,Taivon Jacobs,Maryland,Big Ten,12,47,553,11.8,5,2,6,3.0,0,49,559,11.4,5
270,Devin Ross,Colorado,Pac-12,10,43,508,11.8,2,3,21,7.0,0,46,529,11.5,2
271,Isaiah Harper,Old Dominion,CUSA,11,39,462,11.8,0,14,59,4.2,0,53,521,9.8,0
272,Aleva Hifo,Brigham Young,Ind,10,37,437,11.8,2,0,0,,0,37,437,11.8,2
273,Kamrin Solomon,Florida Atlantic,CUSA,11,33,388,11.8,1,5,22,4.4,0,38,410,10.8,1
274,Tay Martin,Washington State,Pac-12,11,31,366,11.8,6,0,0,,0,31,366,11.8,6
275,Jordan Cunningham,North Carolina,ACC,11,26,307,11.8,1,0,0,,0,26,307,11.8,1
276,Jeff Smith,Boston College,ACC,13,25,296,11.8,0,10,107,10.7,1,35,403,11.5,1
277,Simmie Cobbs,Indiana,Big Ten,12,72,841,11.7,8,0,0,,1,72,841,11.7,9
278,Willie Wright,Florida Atlantic,CUSA,12,56,657,11.7,6,19,139,7.3,1,75,796,10.6,7
279,Saquon Barkley,Penn State,Big Ten,13,54,632,11.7,3,217,1271,5.9,18,271,1903,7.0,21
280,Otis Anderson,UCF,American,12,30,351,11.7,3,69,494,7.2,4,99,845,8.5,7
281,Kyle Williams,Arizona State,Pac-12,13,66,763,11.6,7,10,86,8.6,0,76,849,11.2,7
282,Sean Savoy,Virginia Tech,ACC,12,39,454,11.6,4,24,116,4.8,2,63,570,9.0,6
283,Lil'Jordan Humphrey,Texas,Big 12,11,37,431,11.6,1,6,41,6.8,1,43,472,11.0,2
284,Donnie Ernsberger,Western Michigan,MAC,12,34,394,11.6,4,0,0,,0,34,394,11.6,4
285,Eric Kumah,Virginia Tech,ACC,10,28,324,11.6,2,0,0,,0,28,324,11.6,2
286,Dylan Cantrell,Texas Tech,Big 12,13,71,816,11.5,7,1,3,3.0,1,72,819,11.4,8
287,Jakobi Meyers,North Carolina State,ACC,12,63,727,11.5,5,5,-5,-1.0,0,68,722,10.6,5
288,Scott Miller,Bowling Green State,MAC,12,63,722,11.5,4,2,22,11.0,0,65,744,11.4,4
289,Anthony Muse,New Mexico State,Sun Belt,12,39,449,11.5,2,0,0,,0,39,449,11.5,2
290,Keelan Ewaliko,Hawaii,MWC,12,26,299,11.5,0,0,0,,0,26,299,11.5,0
291,Dylan Collie,Hawaii,MWC,11,56,636,11.4,4,1,23,23.0,0,57,659,11.6,4
292,Jhamon Ausbon,Texas A&M,SEC,12,50,571,11.4,3,0,0,,0,50,571,11.4,3
293,Kendrick Edwards,Arkansas State,Sun Belt,12,38,434,11.4,3,0,0,,0,38,434,11.4,3
294,Tevaris McCormick,Troy,Sun Belt,12,37,421,11.4,3,5,14,2.8,0,42,435,10.4,3
295,Gary Jennings,West Virginia,Big 12,13,97,1096,11.3,1,0,0,,0,97,1096,11.3,1
296,Cameron Echols-Luper,Western Kentucky,CUSA,9,42,473,11.3,4,2,6,3.0,0,44,479,10.9,4
297,Jared Murphy,Miami (OH),MAC,12,38,430,11.3,2,1,3,3.0,0,39,433,11.1,2
298,Patrick Smith,Middle Tennessee State,CUSA,10,29,329,11.3,2,0,0,,0,29,329,11.3,2
299,Bryce Bobo,Colorado,Pac-12,12,62,693,11.2,5,1,9,9.0,0,63,702,11.1,5
300,Garrett Johnson,Kentucky,SEC,12,48,539,11.2,2,2,12,6.0,0,50,551,11.0,2
301,Aaron Fuller,Washington,Pac-12,10,26,291,11.2,1,0,0,,0,26,291,11.2,1
302,Phillip Lindsay,Colorado,Pac-12,12,23,257,11.2,1,301,1474,4.9,14,324,1731,5.3,15
303,Linell Bonner,Houston,American,11,80,889,11.1,5,1,-2,-2.0,0,81,887,11.0,5
304,Kahlil Lewis,Cincinnati,American,12,61,676,11.1,7,2,33,16.5,0,63,709,11.3,7
305,Dax Raymond,Utah State,MWC,12,41,456,11.1,1,0,0,,0,41,456,11.1,1
306,David Ungerer,Idaho,Sun Belt,12,39,432,11.1,6,0,0,,0,39,432,11.1,6
307,Emanuel Thompson,Troy,Sun Belt,11,38,420,11.1,0,0,0,,0,38,420,11.1,0
308,Tyler Hoppes,Nebraska,Big Ten,12,34,377,11.1,3,0,0,,0,34,377,11.1,3
309,Mark Quattlebaum,Charlotte,CUSA,11,31,343,11.1,1,0,0,,0,31,343,11.1,1
310,Pharoah McKever,Florida International,CUSA,11,27,301,11.1,3,0,0,,0,27,301,11.1,3
311,Greg Campbell Jr.,UTSA,CUSA,10,27,300,11.1,0,8,75,9.4,0,35,375,10.7,0
312,Tre Walker,San Jose State,MWC,9,26,288,11.1,1,0,0,,0,26,288,11.1,1
313,Van Jefferson,Ole Miss,SEC,10,42,456,10.9,1,0,0,,0,42,456,10.9,1
314,Reggie Hemphill-Mapps,Texas,Big 12,12,37,402,10.9,0,8,31,3.9,0,45,433,9.6,0
315,Quin Jernighan,Western Kentucky,CUSA,10,36,393,10.9,3,1,-3,-3.0,0,37,390,10.5,3
316,Keyion Dixon,Connecticut,American,11,33,360,10.9,1,9,41,4.6,0,42,401,9.5,1
317,OrTre Smith,South Carolina,SEC,10,30,326,10.9,3,0,0,,0,30,326,10.9,3
318,Marcus Baugh,Ohio State,Big Ten,14,28,304,10.9,5,1,5,5.0,0,29,309,10.7,5
319,Maurice Ffrench,Pitt,ACC,11,25,272,10.9,0,9,71,7.9,0,34,343,10.1,0
320,Mike Dudek,Illinois,Big Ten,7,24,262,10.9,1,0,0,,0,24,262,10.9,1
321,Trey Quinn,SMU,American,13,114,1236,10.8,13,1,0,0.0,0,115,1236,10.7,13
322,Christian Blake,Northern Illinois,MAC,13,41,442,10.8,4,16,58,3.6,0,57,500,8.8,4
323,Garrett Dickerson,Northwestern,Big Ten,11,38,410,10.8,4,1,-1,-1.0,0,39,409,10.5,4
324,Dezmon Patmon,Washington State,Pac-12,9,35,379,10.8,0,0,0,,0,35,379,10.8,0
325,Allen Staggers,Southern Mississippi,CUSA,13,44,471,10.7,5,8,64,8.0,0,52,535,10.3,5
326,Trenton Irwin,Stanford,Pac-12,14,43,461,10.7,2,0,0,,0,43,461,10.7,2
327,Melvin Vaughn,Old Dominion,CUSA,8,33,354,10.7,4,0,0,,0,33,354,10.7,4
328,Theo Howard,UCLA,Pac-12,13,56,594,10.6,4,2,0,0.0,0,58,594,10.2,4
329,Matt Bushman,Brigham Young,Ind,13,49,520,10.6,3,0,0,,0,49,520,10.6,3
330,OJ Clark,New Mexico State,Sun Belt,11,47,500,10.6,3,0,0,,0,47,500,10.6,3
331,Charles Standberry,Louisville,ACC,13,29,306,10.6,4,0,0,,0,29,306,10.6,4
332,Olamide Zaccheaus,Virginia,ACC,13,85,895,10.5,5,27,182,6.7,1,112,1077,9.6,6
333,Jake Roh,Boise State,MWC,11,39,410,10.5,9,7,28,4.0,2,46,438,9.5,11
334,Sean Modster,Boise State,MWC,14,32,335,10.5,3,0,0,,0,32,335,10.5,3
335,Malik Turner,Illinois,Big Ten,10,31,326,10.5,0,0,0,,0,31,326,10.5,0
336,Gregory Hogan,New Mexico State,Sun Belt,10,26,272,10.5,1,0,0,,0,26,272,10.5,1
337,Chris Davis,New Mexico,MWC,11,25,262,10.5,1,0,0,,0,25,262,10.5,1
338,Nick Easley,Iowa,Big Ten,13,51,530,10.4,4,2,11,5.5,0,53,541,10.2,4
339,Justin Holmes,San Jose State,MWC,11,26,270,10.4,2,0,0,,0,26,270,10.4,2
340,Justin Hall,Ball State,MAC,12,78,801,10.3,3,11,59,5.4,0,89,860,9.7,3
341,Jacob Sannon,Idaho,Sun Belt,11,59,608,10.3,1,0,0,,0,59,608,10.3,1
342,Ray-Ray McCloud,Clemson,ACC,14,49,503,10.3,1,6,30,5.0,0,55,533,9.7,1
343,Desmon White,TCU,Big 12,13,41,423,10.3,5,2,9,4.5,0,43,432,10.0,5
344,Keith Gavin,Florida State,ACC,10,27,278,10.3,0,1,6,6.0,0,28,284,10.1,0
345,Talon Shumway,Brigham Young,Ind,11,25,257,10.3,0,0,0,,0,25,257,10.3,0
346,Ethan Wolf,Tennessee,SEC,11,24,246,10.3,3,0,0,,0,24,246,10.3,3
347,Ervin Phillips,Syracuse,ACC,12,89,904,10.2,4,11,76,6.9,1,100,980,9.8,5
348,Flynn Nagel,Northwestern,Big Ten,13,48,489,10.2,2,1,4,4.0,0,49,493,10.1,2
349,Ammon Barker,Hawaii,MWC,11,39,398,10.2,1,0,0,,0,39,398,10.2,1
350,Brad Anderson,Middle Tennessee State,CUSA,9,33,338,10.2,3,89,491,5.5,0,122,829,6.8,3
351,Whop Philyor,Indiana,Big Ten,10,33,335,10.2,3,5,15,3.0,0,38,350,9.2,3
352,Jesse Jackson,Mississippi State,SEC,12,27,276,10.2,0,2,8,4.0,0,29,284,9.8,0
353,Samson Nacua,Utah,Pac-12,10,29,294,10.1,1,1,3,3.0,0,30,297,9.9,1
354,Alexander Mattison,Boise State,MWC,14,28,284,10.1,1,212,1086,5.1,12,240,1370,5.7,13
355,Jerome Washington,Rutgers,Big Ten,11,28,282,10.1,1,1,-2,-2.0,0,29,280,9.7,1
356,Tyler Mabry,Buffalo,MAC,11,24,242,10.1,1,0,0,,0,24,242,10.1,1
357,Hunter Renfrow,Clemson,ACC,14,60,602,10.0,3,0,0,,0,60,602,10.0,3
358,Isaiah Zuber,Kansas State,Big 12,13,51,510,10.0,4,2,35,17.5,0,53,545,10.3,4
359,Darrell Stewart Jr.,Michigan State,Big Ten,13,50,501,10.0,2,20,140,7.0,0,70,641,9.2,2
360,Trever Ryen,Iowa State,Big 12,13,47,469,10.0,1,2,7,3.5,0,49,476,9.7,1
361,Riley Miller,Ball State,MAC,11,30,300,10.0,1,0,0,,0,30,300,10.0,1
362,Da'Mari Scott,Fresno State,MWC,14,57,566,9.9,1,14,93,6.6,0,71,659,9.3,1
363,Mike Gesicki,Penn State,Big Ten,13,57,563,9.9,9,0,0,,0,57,563,9.9,9
364,C.J. Duncan,Vanderbilt,SEC,12,52,517,9.9,5,0,10,,0,52,527,10.1,5
365,Quay Johnson,East Carolina,American,10,47,464,9.9,3,3,3,1.0,0,50,467,9.3,3
366,Ito Smith,Southern Mississippi,CUSA,13,40,396,9.9,2,248,1415,5.7,13,288,1811,6.3,15
367,Devin Butler,Syracuse,ACC,12,33,327,9.9,1,2,14,7.0,0,35,341,9.7,1
368,K.J. Hill,Ohio State,Big Ten,14,56,549,9.8,3,2,1,0.5,0,58,550,9.5,3
369,Jonathan Ward,Central Michigan,MAC,13,48,470,9.8,3,178,1024,5.8,10,226,1494,6.6,13
370,Eric Cooper,Central Michigan,MAC,10,29,285,9.8,2,0,0,,0,29,285,9.8,2
371,Deshaunte Jones,Iowa State,Big 12,13,28,273,9.8,0,0,0,,0,28,273,9.8,0
372,Kelvin Smith,North Texas,CUSA,13,27,264,9.8,0,0,0,,0,27,264,9.8,0
373,Ryan Davis,Auburn,SEC,14,84,815,9.7,5,0,0,,0,84,815,9.7,5
374,Brandon Powell,Florida,SEC,11,42,406,9.7,3,4,15,3.8,1,46,421,9.2,4
375,Sean McKeon,Michigan,Big Ten,12,31,301,9.7,3,0,0,,0,31,301,9.7,3
376,Kyle Hicks,TCU,Big 12,12,30,291,9.7,1,139,637,4.6,4,169,928,5.5,5
377,Ventell Bryant,Temple,American,10,29,280,9.7,0,0,0,,0,29,280,9.7,0
378,Terry Juniel,UTEP,CUSA,12,23,224,9.7,0,2,4,2.0,0,25,228,9.1,0
379,Gregory Phillips,Purdue,Big Ten,12,44,424,9.6,2,2,26,13.0,0,46,450,9.8,2
380,KaVontae Turpin,TCU,Big 12,14,41,394,9.6,1,11,86,7.8,2,52,480,9.2,3
381,Quayvon Skanes,Connecticut,American,12,35,335,9.6,1,2,-1,-0.5,0,37,334,9.0,1
382,Kendal Keys,UNLV,MWC,11,27,260,9.6,3,0,0,,0,27,260,9.6,3
383,Nacarius Fant,Western Kentucky,CUSA,13,74,704,9.5,4,1,-21,-21.0,0,75,683,9.1,4
384,Larry Rose III,New Mexico State,Sun Belt,12,55,522,9.5,2,186,934,5.0,10,241,1456,6.0,12
385,Johnathan Lloyd,Duke,ACC,12,39,367,9.4,1,1,3,3.0,0,40,370,9.3,1
386,Richie James,Middle Tennessee State,CUSA,5,31,290,9.4,3,10,57,5.7,0,41,347,8.5,3
387,Shane Wimann,Northern Illinois,MAC,11,30,283,9.4,7,0,0,,0,30,283,9.4,7
388,Terry Wright,Purdue,Big Ten,10,29,274,9.4,0,5,45,9.0,0,34,319,9.4,0
389,Ronnie Turner Jr.,UAB,CUSA,9,28,262,9.4,1,0,0,,0,28,262,9.4,1
390,Isaiah Johnson-Mack,Washington State,Pac-12,12,60,555,9.3,5,0,0,,0,60,555,9.3,5
391,Jason Huntley,New Mexico State,Sun Belt,12,39,363,9.3,2,71,435,6.1,1,110,798,7.3,3
392,Michael Jacquet,Louisiana,Sun Belt,10,31,288,9.3,2,0,0,,0,31,288,9.3,2
393,Jordan Wilkins,Ole Miss,SEC,12,26,241,9.3,1,155,1011,6.5,9,181,1252,6.9,10
394,Kyle Sweet,Washington State,Pac-12,13,58,533,9.2,2,0,0,,0,58,533,9.2,2
395,Tony Gaiter IV,Florida International,CUSA,12,34,314,9.2,1,0,0,,0,34,314,9.2,1
396,Jaron Johnson,Eastern Michigan,MAC,12,23,212,9.2,1,0,0,,0,23,212,9.2,1
397,Ryan Yurachek,Marshall,CUSA,13,54,490,9.1,10,1,4,4.0,0,55,494,9.0,10
398,Keishawn Watson,Western Michigan,MAC,10,41,374,9.1,7,1,4,4.0,0,42,378,9.0,7
399,Jamire Calvin,Washington State,Pac-12,13,33,300,9.1,3,0,0,,0,33,300,9.1,3
400,Eli Stove,Auburn,SEC,14,29,265,9.1,0,30,315,10.5,2,59,580,9.8,2
401,D'Eriq King,Houston,American,10,29,264,9.1,2,72,379,5.3,8,101,643,6.4,10
402,Ravian Pierce,Syracuse,ACC,10,29,263,9.1,4,0,0,,0,29,263,9.1,4
403,Austin Conway,Wyoming,MWC,13,61,549,9.0,3,15,70,4.7,1,76,619,8.1,4
404,Tra'Von Chapman,Akron,MAC,14,53,475,9.0,2,0,0,,0,53,475,9.0,2
405,Jackson Anthrop,Purdue,Big Ten,13,47,423,9.0,5,10,17,1.7,2,57,440,7.7,7
406,Armanti Foreman,Texas,Big 12,9,31,280,9.0,4,5,32,6.4,1,36,312,8.7,5
407,Isaiah Hodgins,Oregon State,Pac-12,11,31,275,8.9,2,0,0,,0,31,275,8.9,2
408,Tyraiq Beals,Connecticut,American,11,30,266,8.9,0,2,4,2.0,0,32,270,8.4,0
409,Kenny Young,Miami (OH),MAC,11,29,259,8.9,2,143,781,5.5,6,172,1040,6.0,8
410,Ryan Nall,Oregon State,Pac-12,11,27,240,8.9,2,165,810,4.9,8,192,1050,5.5,10
411,Jaelon Darden,North Texas,CUSA,13,32,281,8.8,3,1,1,1.0,0,33,282,8.5,3
412,Chase Harrell,Kansas,Big 12,10,25,221,8.8,3,0,0,,0,25,221,8.8,3
413,Deondre Farrier,East Carolina,American,7,24,211,8.8,3,2,20,10.0,0,26,231,8.9,3
414,Luke Timian,Indiana,Big Ten,12,68,589,8.7,2,1,7,7.0,0,69,596,8.6,2
415,D.J. Brown,Northern Illinois,MAC,13,42,365,8.7,3,22,108,4.9,1,64,473,7.4,4
416,Justin Stockton,Texas Tech,Big 12,11,27,235,8.7,1,132,797,6.0,4,159,1032,6.5,5
417,Bryce Wolma,Arizona,Pac-12,10,28,241,8.6,2,0,0,,0,28,241,8.6,2
418,Josh Oliver,San Jose State,MWC,10,35,296,8.5,1,0,0,,0,35,296,8.5,1
419,Jamal Morrow,Washington State,Pac-12,13,60,506,8.4,5,86,522,6.1,4,146,1028,7.0,9
420,Tony Nicholson,Baylor,Big 12,11,41,344,8.4,0,4,41,10.3,0,45,385,8.6,0
421,Conner Cramer,New Mexico State,Sun Belt,11,33,277,8.4,2,0,0,,0,33,277,8.4,2
422,Zack Moss,Utah,Pac-12,13,29,243,8.4,0,214,1173,5.5,10,243,1416,5.8,10
423,Andrew Celis,Nevada,MWC,8,23,194,8.4,0,1,2,2.0,0,24,196,8.2,0
424,Qadree Ollison,Pitt,ACC,12,23,194,8.4,2,90,398,4.4,5,113,592,5.2,7
425,Cameron Batson,Texas Tech,Big 12,13,59,487,8.3,5,6,38,6.3,0,65,525,8.1,5
426,Tyler Watts,Texas State,Sun Belt,10,40,332,8.3,2,5,138,27.6,1,45,470,10.4,3
427,Evan Butts,Virginia,ACC,11,32,266,8.3,2,0,0,,0,32,266,8.3,2
428,David Montgomery,Iowa State,Big 12,13,36,296,8.2,0,258,1146,4.4,11,294,1442,4.9,11
429,Jordon Brown,North Carolina,ACC,12,29,237,8.2,0,138,613,4.4,4,167,850,5.1,4
430,John Kelly,Tennessee,SEC,11,37,299,8.1,0,189,778,4.1,9,226,1077,4.8,9
431,Glenn Smith,Georgia State,Sun Belt,12,47,377,8.0,1,170,594,3.5,3,217,971,4.5,4
432,Marquis Young,Massachusetts,Ind,12,35,280,8.0,2,182,982,5.4,9,217,1262,5.8,11
433,Jaylen Samuels,North Carolina State,ACC,13,75,593,7.9,4,78,407,5.2,12,153,1000,6.5,16
434,Connor Wedington,Stanford,Pac-12,13,31,243,7.8,0,3,57,19.0,0,34,300,8.8,0
435,Marcus Armstrong-Brown,Hawaii,MWC,9,24,184,7.7,1,0,0,,0,24,184,7.7,1
436,Justin Rankin,Kent State,MAC,12,42,311,7.4,2,123,490,4.0,3,165,801,4.9,5
437,Mike Boone,Cincinnati,American,10,24,177,7.4,1,110,463,4.2,4,134,640,4.8,5
438,Shaun Wilson,Duke,ACC,13,36,263,7.3,4,162,818,5.0,6,198,1081,5.5,10
439,Hussein Howe,East Carolina,American,12,30,219,7.3,0,96,419,4.4,3,126,638,5.1,3
440,Jordan Chunn,Troy,Sun Belt,10,28,204,7.3,0,154,774,5.0,10,182,978,5.4,10
441,Troy McCormick,Utah,Pac-12,11,25,183,7.3,2,10,60,6.0,0,35,243,6.9,2
442,Patrick Laird,California,Pac-12,11,45,322,7.2,1,191,1127,5.9,8,236,1449,6.1,9
443,Brandon Fritts,North Carolina,ACC,9,25,177,7.1,4,0,0,,0,25,177,7.1,4
444,David Hood,Temple,American,13,25,172,6.9,1,130,638,4.9,5,155,810,5.2,6
445,James Williams,Washington State,Pac-12,13,71,482,6.8,3,92,395,4.3,1,163,877,5.4,4
446,Adrian Killins,UCF,American,13,25,169,6.8,1,123,790,6.4,10,148,959,6.5,11
447,Tyler Cogswell,Cincinnati,American,11,23,149,6.5,2,0,0,,0,23,149,6.5,2
448,Nolan Givan,Ball State,MAC,11,25,159,6.4,4,0,0,,0,25,159,6.4,4
449,Justin Jackson,Northwestern,Big Ten,13,44,276,6.3,0,287,1311,4.6,11,331,1587,4.8,11
450,Lajuan Hunt,Utah State,MWC,13,30,187,6.2,1,169,828,4.9,11,199,1015,5.1,12
451,Justice Hill,Oklahoma State,Big 12,13,31,190,6.1,1,268,1467,5.5,15,299,1657,5.5,16
452,Nyheim Hines,North Carolina State,ACC,13,26,152,5.8,0,197,1113,5.6,12,223,1265,5.7,12
453,Diocemy Saint Juste,Hawaii,MWC,12,28,157,5.6,1,282,1510,5.4,7,310,1667,5.4,8
454,John Leday,Houston,American,11,25,141,5.6,1,1,3,3.0,0,26,144,5.5,1
455,JaMycal Hasty,Baylor,Big 12,8,25,105,4.2,0,76,314,4.1,1,101,419,4.1,1
