Round,Pick,Team,Player,Position,Age,School
1,1,ATL,Michael Vick,QB,21,Virginia Tech
1,2,ARI,Leonard Davis,T,23,Texas
1,3,CLE,Gerard Warren,DT,23,Florida
1,4,CIN,Justin Smith,DE,21,Missouri
1,5,SDG,LaDainian Tomlinson HOF,RB,22,TCU
1,6,NWE,Richard Seymour HOF,DE,21,Georgia
1,7,SFO,Andre Carter,DE,22,California
1,8,CHI,David Terrell,WR,22,Michigan
1,9,SEA,Koren Robinson,WR,21,North Carolina St.
1,10,GNB,Jamal Reynolds,DE,22,Florida St.
1,11,CAR,Dan Morgan,LB,22,Miami (FL)
1,12,STL,Damione Lewis,DT,23,Miami (FL)
1,13,JAX,Marcus Stroud,DT,23,Georgia
1,14,TAM,Kenyatta Walker,T,22,Florida
1,15,WAS,Rod Gardner,WR,23,Clemson
1,16,NYJ,Santana Moss,WR,22,Miami (FL)
1,17,SEA,Steve Hutchinson HOF,G,23,Michigan
1,18,DET,Jeff Backus,T,23,Michigan
1,19,PIT,Casey Hampton,NT,24,Texas
1,20,STL,Adam Archuleta,DB,23,Arizona St.
1,21,BUF,Nate Clements,DB,21,Ohio St.
1,22,NYG,Will Allen,DB,23,Syracuse
1,23,NOR,Deuce McAllister,RB,22,Mississippi
1,24,DEN,Willie Middlebrooks,DB,22,Minnesota
1,25,PHI,Freddie Mitchell,WR,22,UCLA
1,26,MIA,Jamar Fletcher,DB,22,Wisconsin
1,27,MIN,Michael Bennett,RB,23,Wisconsin
1,28,OAK,Derrick Gibson,DB,22,Florida St.
1,29,STL,Ryan Pickett,DT,21,Ohio St.
1,30,IND,Reggie Wayne,WR,22,Miami (FL)
1,31,BAL,Todd Heap,TE,21,Arizona St.
2,32,SDG,Drew Brees,QB,22,Purdue
2,33,CLE,Quincy Morgan,WR,23,Kansas St.
2,34,ARI,Kyle Vanden Bosch,DE,22,Nebraska
2,35,ATL,Alge Crumpler,TE,23,North Carolina
2,36,CIN,Chad Johnson,WR,23,Oregon St.
2,37,IND,Idrees Bashir,DB,22,Memphis
2,38,CHI,Anthony Thomas,RB,23,Michigan
2,39,PIT,Kendrell Bell,LB,23,Georgia
2,40,SEA,Ken Lucas,DB,22,Mississippi
2,41,GNB,Robert Ferguson,WR,21,Texas A&M
2,42,STL,Tommy Polley,LB,23,Florida St.
2,43,JAX,Maurice Williams,T,22,Michigan
2,44,CAR,Kris Jenkins,DT,22,Maryland
2,45,WAS,Fred Smoot,DB,22,Mississippi St.
2,46,BUF,Aaron Schobel,DE,24,TCU
2,47,SFO,Jamie Winborn,LB,22,Vanderbilt
2,48,NWE,Matt Light,T,23,Purdue
2,49,NYJ,LaMont Jordan,RB,22,Maryland
2,50,DET,Dominic Raiola,C,22,Nebraska
2,51,DEN,Paul Toviessi,DE,,Marshall
2,52,MIA,Chris Chambers,WR,23,Wisconsin
2,53,DAL,Quincy Carter,QB,23,Georgia
2,54,ARI,Michael Stone,DB,23,Memphis
2,55,PHI,Quinton Caver,LB,23,Arkansas
2,56,DAL,Tony Dixon,DB,22,Alabama
2,57,MIN,Willie Howard,DE,23,Stanford
2,58,BUF,Travis Henry,RB,22,Tennessee
2,59,OAK,Marques Tuiasosopo,QB,22,Washington
2,60,TEN,Andre Dyson,DB,22,Utah
2,61,DET,Shaun Rogers,DT,22,Texas
2,62,BAL,Gary Baxter,DB,22,Baylor
3,63,PHI,Derrick Burgess,DE,23,Mississippi
3,64,ARI,Adrian Wilson,DB,21,North Carolina St.
3,65,CLE,James Jackson,RB,25,Miami (FL)
3,66,CIN,Sean Brewer,TE,23,San Jose St.
3,67,SDG,Tay Cody,DB,23,Florida St.
3,68,CHI,Mike Gandy,T,22,Notre Dame
3,69,MIN,Eric Kelly,DB,24,Kentucky
3,70,NOR,Sedrick Hodge,LB,22,North Carolina
3,71,GNB,Bhawoh Jue,DB,22,Penn St.
3,72,GNB,Torrance Marshall,LB,24,Oklahoma
3,73,JAX,Eric Westmoreland,LB,24,Tennessee
3,74,CAR,Steve Smith Sr.,WR,22,Utah
3,75,KAN,Eric Downing,DT,22,Syracuse
3,76,BUF,Ron Edwards,DT,22,Texas A&M
3,77,KAN,Snoop Minnis,WR,24,Florida St.
3,78,NYG,Will Peterson,DB,22,Western Illinois
3,79,NYJ,Kareem McKenzie,T,22,Penn St.
3,80,SFO,Kevan Barlow,RB,22,Pittsburgh
3,81,NOR,Kenny Smith,DT,23,Alabama
3,82,SEA,Heath Evans,FB,22,Auburn
3,83,STL,Brian Allen,LB,23,Florida St.
3,84,TAM,Dwight Smith,DB,23,Akron
3,85,MIA,Travis Minor,RB,22,Florida St.
3,86,NWE,Brock Williams,DB,22,Notre Dame
3,87,DEN,Reggie Hayward,DE,22,Iowa St.
3,88,MIA,Morlon Greenwood,LB,23,Syracuse
3,89,OAK,DeLawrence Grant,DE,21,Oregon St.
3,90,TEN,Shad Meier,TE,23,Kansas St.
3,91,IND,Cory Bird,DB,23,Virginia Tech
3,92,BAL,Casey Rabach,C,23,Wisconsin
3,93,DAL,Willie Blade,DT,22,Mississippi St.
3,94,JAX,James Boyd,DB,23,Penn St.
3,95,BUF,Jonas Jennings,T,23,Georgia
4,96,NWE,Kenyatta Jones,T,22,South Florida
4,97,CLE,Anthony Henry,DB,24,South Florida
4,98,ARI,Bill Gramatica,K,23,South Florida
4,99,ATL,Roberto Garza,G,22,Texas A&M-Kingsville
4,100,CIN,Rudi Johnson,RB,21,Auburn
4,101,NYJ,Jamie Henderson,DB,22,Georgia
4,102,ATL,Matt Stewart,LB,22,Vanderbilt
4,103,CHI,Karon Riley,LB,23,Minnesota
4,104,SEA,Orlando Huff,LB,23,Fresno St.
4,105,GNB,Bill Ferrario,G,22,Wisconsin
4,106,CAR,Chris Weinke,QB,29,Florida St.
4,107,KAN,Monty Beisel,LB,23,Kansas St.
4,108,KAN,George Layne,RB,22,TCU
4,109,WAS,Sage Rosenfels,QB,23,Iowa St.
4,110,BUF,Brandon Spoon,LB,23,North Carolina
4,111,PIT,Mathias Nkwenti,T,23,Temple
4,112,SDG,Carlos Polk,LB,24,Nebraska
4,113,DEN,Ben Hamilton,G,24,Minnesota
4,114,NYG,Cedric Scott,DE,23,Southern Miss
4,115,NOR,Moran Norris,FB,23,Kansas
4,116,STL,Milton Wynn,WR,22,Washington St.
4,117,TAM,John Howell,DB,23,Colorado St.
4,118,IND,Ryan Diem,T,22,Northern Illinois
4,119,NWE,Jabari Holloway,TE,22,Notre Dame
4,120,DEN,Nick Harris,P,23,California
4,121,PHI,Correll Buckhalter,RB,22,Nebraska
4,122,DAL,Markus Steele,LB,22,USC
4,123,ARI,Marcus Bell,DT,22,Memphis
4,124,TEN,Justin McCareins,WR,22,Northern Illinois
4,125,NYG,Jesse Palmer,QB,22,Florida
4,126,BAL,Ed Hartwell,LB,23,Western Illinois
4,127,SEA,Curtis Fuller,DB,23,TCU
4,128,SEA,Floyd Womack,T,22,Mississippi St.
4,129,STL,Brandon Manumaleuna,TE,21,Arizona
4,130,MIN,Shawn Worthen,DT,25,TCU
4,131,MIN,Cedric James,WR,22,TCU
5,132,SDG,Elliot Silvers,T,,Washington
5,133,ARI,Mario Fatafehi,DT,22,Kansas St.
5,134,CLE,Jeremiah Pharms,LB,,Washington
5,135,CIN,Victor Leyva,G,23,Arizona St.
5,136,ATL,Vinny Sutherland,WR,23,Purdue
5,137,DAL,Matt Lehr,C,22,Virginia Tech
5,138,CHI,Bernard Robertson,T,22,Tulane
5,139,SDG,Zeke Moreno,LB,22,USC
5,140,SEA,Alex Bannister,WR,22,East. Kentucky
5,141,KAN,Bill Baber,TE,22,Virginia
5,142,JAX,David Leaverton,P,,Tennessee
5,143,CAR,Jarrod Cooper,DB,23,Kansas St.
5,144,BUF,Marques Sullivan,G,23,Illinois
5,145,STL,Jerametrius Butler,DB,22,Kansas St.
5,146,PIT,Chukky Okobi,C,22,Purdue
5,147,PHI,Tony Stewart,TE,22,Penn St.
5,148,DET,Scotty Anderson,WR,21,Grambling St.
5,149,DET,Mike McMahon,QB,22,Rutgers
5,150,KAN,Derrick Blaylock,RB,22,S.F. Austin
5,151,TAM,Russ Hochstein,C,23,Nebraska
5,152,IND,Raymond Walls,DB,22,Southern Miss
5,153,NOR,Onomo Ojo,WR,,UC Davis
5,154,WAS,Darnerien McCants,WR,24,Delaware St.
5,155,PHI,A.J. Feeley,QB,24,Oregon
5,156,MIA,Shawn Draper,T,,Alabama
5,157,MIN,Patrick Chukwurah,LB,22,Wyoming
5,158,OAK,Ray Perryman,DB,22,Northern Arizona
5,159,TEN,Eddie Berlin,WR,23,Northern Iowa
5,160,NYG,John Markham,K,,Vanderbilt
5,161,BAL,Chris Barnes,RB,,New Mexico St.
5,162,NYG,Jonathan Carter,WR,22,Troy
5,163,NWE,Hakim Akbar,LB,21,Washington
6,164,MIA,Brandon Winey,T,23,LSU
6,165,CLE,Michael Jameson,DB,22,Texas A&M
6,166,ARI,Bobby Newcombe,WR,,Nebraska
6,167,ATL,Randy Garner,DE,,Arkansas
6,168,CIN,Riall Johnson,LB,23,Stanford
6,169,SFO,Cedrick Wilson,WR,22,Tennessee
6,170,JAX,Chad Ward,G,,Washington
6,171,DAL,Daleroy Stewart,DT,22,Southern Miss
6,172,SEA,Josh Booty,QB,,LSU
6,173,DET,Jason Glenn,LB,22,Texas A&M
6,174,TAM,Jameel Cook,FB,22,Illinois
6,175,CAR,Dee Brown,RB,23,Syracuse
6,176,KAN,Alex Sulfsted,T,23,Miami (OH)
6,177,MIA,Josh Heupel,QB,,Oklahoma
6,178,BUF,Tony Driver,DB,24,Notre Dame
6,179,SFO,Rashad Holman,DB,23,Louisville
6,180,NWE,Arther Love,TE,,South Carolina St.
6,181,PIT,Rodney Bailey,DE,21,Ohio St.
6,182,PIT,Roger Knight,LB,22,Wisconsin
6,183,TAM,Ellis Wyms,DE,22,Mississippi St.
6,184,OAK,Chris Cooper,DT,24,Nebraska-Omaha
6,185,NOR,Mitch White,T,,Oregon St.
6,186,WAS,Mario Monds,DT,24,Cincinnati
6,187,MIA,Otis Leverette,DE,23,Ala-Birmingham
6,188,MIA,Rick Crowell,LB,,Colorado St.
6,189,MIN,Carey Scott,DB,23,Kentucky St.
6,190,DEN,Kevin Kasper,WR,23,Iowa
6,191,SFO,Menson Holloway,DE,,Texas-El Paso
6,192,TEN,Dan Alexander,RB,23,Nebraska
6,193,IND,Jason Doering,DB,23,Wisconsin
6,194,BAL,Joe Maese,C,22,New Mexico
6,195,BUF,Dan O'Leary,TE,24,Notre Dame
6,196,BUF,Jimmy Williams,DB,22,Vanderbilt
6,197,STL,Francis St. Paul,WR,,Northern Arizona
6,198,GNB,David Martin,TE,22,Tennessee
6,199,TEN,Adam Haayer,T,24,Minnesota
6,200,NWE,Leonard Myers,DB,22,Miami (FL)
7,201,SDG,Brandon Gorin,T,23,Purdue
7,202,ARI,Renaldo Hill,DB,22,Michigan St.
7,203,CLE,Paul Zukauskas,G,22,Boston Col.
7,204,CIN,T.J. Houshmandzadeh,WR,23,Oregon St.
7,205,TAM,Dauntae' Finger,TE,,North Carolina
7,206,NYJ,James Reed,DT,24,Iowa St.
7,207,DAL,Colston Weatherington,DE,23,Central Missouri St.
7,208,CHI,John Capel,WR,,Florida
7,209,SFO,Alex Lincoln,LB,,Auburn
7,210,SEA,Harold Blackmon,DB,23,Northwestern
7,211,CAR,Louis Williams,C,22,LSU
7,212,KAN,Shaunard Harts,DB,23,Boise St.
7,213,JAX,Anthony Denman,LB,21,Notre Dame
7,214,BUF,Reggie Germany,WR,23,Ohio St.
7,215,ATL,Corey Hall,DB,22,Appalachian St.
7,216,NWE,Owen Pochman,K,24,BYU
7,217,NYJ,Tupe Peko,G,22,Michigan St.
7,218,PIT,Chris Taylor,WR,22,Texas A&M
7,219,ATL,Kynan Forney,G,22,Hawaii
7,220,IND,Rick DeMulling,G,24,Idaho
7,221,NOR,Ennis Davis,DT,,USC
7,222,SEA,Dennis Norman,C,21,Princeton
7,223,TAM,Than Merrill,DB,23,Yale
7,224,SFO,Eric Johnson,TE,21,Yale
7,225,MIN,Brian Crawford,T,,Western Oregon
7,226,ATL,Ronald Flemons,DE,21,Texas A&M
7,227,CAR,Mike Roberg,TE,23,Idaho
7,228,OAK,Derek Combs,DB,22,Ohio St.
7,229,OAK,Ken-Yon Rambo,WR,22,Ohio St.
7,230,NYG,Ross Kolodziej,DT,23,Wisconsin
7,231,BAL,Dwayne Missouri,DE,22,Northwestern
7,232,TEN,Keith Adams,LB,21,Clemson
7,233,JAX,Marlon McCree,DB,24,Kentucky
7,234,TAM,Joe Tafoya,DE,23,Arizona
7,235,JAX,Richmond Flowers III,WR,,Chattanooga
7,236,ATL,Quentin McCord,WR,23,Kentucky
7,237,SEA,Kris Kocurek,DT,22,Texas Tech
7,238,BUF,Tyrone Robertson,DT,22,Georgia
7,239,NWE,T.J. Turner,LB,22,Michigan St.
7,240,DAL,John Nix,DT,24,Southern Miss
7,241,JAX,Randy Chevrier,DT,25,McGill
7,242,DAL,Char-ron Dorsey,T,23,Florida St.
7,243,KAN,Terdell Sands,DT,21,Chattanooga
7,244,SDG,Robert Carswell,DB,22,Clemson
7,245,CLE,Andre King,WR,27,Miami (FL)
7,246,ARI,Tevita Ofahengaue,TE,,BYU
