Round,Pick,Team,Player,Position,Age,School
1,1,MIA,Jake Long,T,23,Michigan
1,2,STL,Chris Long,DE,23,Virginia
1,3,ATL,Matt Ryan,QB,23,Boston Col.
1,4,OAK,Darren McFadden,RB,21,Arkansas
1,5,KAN,Glenn Dorsey,DT,23,LSU
1,6,NYJ,Vernon Gholston,DE,22,Ohio St.
1,7,NOR,Sedrick Ellis,DT,23,USC
1,8,JAX,Derrick Harvey,DE,21,Florida
1,9,CIN,Keith Rivers,LB,22,USC
1,10,NWE,Jerod Mayo,LB,22,Tennessee
1,11,BUF,Leodis McKelvin,DB,23,Troy
1,12,DEN,Ryan Clady,T,22,Boise St.
1,13,CAR,Jonathan Stewart,RB,21,Oregon
1,14,CHI,Chris Williams,T,23,Vanderbilt
1,15,KAN,Branden Albert,G,23,Virginia
1,16,ARI,Dominique Rodgers-Cromartie,DB,22,Tennessee St.
1,17,DET,Gosder Cherilus,T,24,Boston Col.
1,18,BAL,Joe Flacco,QB,23,Delaware
1,19,CAR,Jeff Otah,T,22,Pittsburgh
1,20,TAM,Aqib Talib,DB,22,Kansas
1,21,ATL,Sam Baker,T,23,USC
1,22,DAL,Felix Jones,RB,21,Arkansas
1,23,PIT,Rashard Mendenhall,RB,21,Illinois
1,24,TEN,Chris Johnson,RB,22,East Carolina
1,25,DAL,Mike Jenkins,DB,23,South Florida
1,26,HOU,Duane Brown,T,23,Virginia Tech
1,27,SDG,Antoine Cason,DB,22,Arizona
1,28,SEA,Lawrence Jackson,DE,23,USC
1,29,SFO,Kentwan Balmer,DT,21,North Carolina
1,30,NYJ,Dustin Keller,TE,23,Purdue
1,31,NYG,Kenny Phillips,DB,21,Miami (FL)
2,32,MIA,Phillip Merling,DE,23,Clemson
2,33,STL,Donnie Avery,WR,24,Houston
2,34,WAS,Devin Thomas,WR,21,Michigan St.
2,35,KAN,Brandon Flowers,DB,22,Virginia Tech
2,36,GNB,Jordy Nelson,WR,23,Kansas St.
2,37,ATL,Curtis Lofton,LB,22,Oklahoma
2,38,SEA,John Carlson,TE,24,Notre Dame
2,39,SFO,Chilo Rachal,G,22,USC
2,40,NOR,Tracy Porter,DB,22,Indiana
2,41,BUF,James Hardy,WR,22,Indiana
2,42,DEN,Eddie Royal,WR,22,Virginia Tech
2,43,MIN,Tyrell Johnson,DB,23,Arkansas St.
2,44,CHI,Matt Forte,RB,22,Tulane
2,45,DET,Jordon Dizon,LB,22,Colorado
2,46,CIN,Jerome Simpson,WR,22,Coastal Carolina
2,47,PHI,Trevor Laws,DT,23,Notre Dame
2,48,WAS,Fred Davis,TE,22,USC
2,49,PHI,DeSean Jackson,WR,21,California
2,50,ARI,Calais Campbell,DE,22,Miami (FL)
2,51,WAS,Malcolm Kelly,WR,21,Oklahoma
2,52,JAX,Quentin Groves,DE,24,Auburn
2,53,PIT,Limas Sweed,WR,23,Texas
2,54,TEN,Jason Jones,DE,22,East. Michigan
2,55,BAL,Ray Rice,RB,21,Rutgers
2,56,GNB,Brian Brohm,QB,22,Louisville
2,57,MIA,Chad Henne,QB,23,Michigan
2,58,TAM,Dexter Jackson,WR,22,Appalachian St.
2,59,IND,Mike Pollak,T,23,Arizona St.
2,60,GNB,Pat Lee,DB,24,Auburn
2,61,DAL,Martellus Bennett,TE,21,Texas A&M
2,62,NWE,Terrence Wheatley,DB,23,Colorado
2,63,NYG,Terrell Thomas,DB,23,USC
3,64,DET,Kevin Smith,RB,21,Central Florida
3,65,STL,John Greco,T,23,Toledo
3,66,MIA,Kendall Langford,DE,22,Hampton
3,67,CAR,Charles Godfrey,DB,22,Iowa
3,68,ATL,Chevis Jackson,DB,22,LSU
3,69,SDG,Jacob Hester,FB,23,LSU
3,70,CHI,Earl Bennett,WR,21,Vanderbilt
3,71,BAL,Tavares Gooden,LB,23,Miami (FL)
3,72,BUF,Chris Ellis,DE,23,Virginia Tech
3,73,KAN,Jamaal Charles,RB,21,Texas
3,74,CAR,Dan Connor,LB,22,Penn St.
3,75,SFO,Reggie Smith,DB,21,Oklahoma
3,76,KAN,Brad Cottam,TE,23,Tennessee
3,77,CIN,Pat Sims,DT,22,Auburn
3,78,NWE,Shawn Crable,LB,23,Michigan
3,79,HOU,Antwaun Molden,DB,23,East. Kentucky
3,80,PHI,Bryan Smith,LB,24,McNeese St.
3,81,ARI,Early Doucet,WR,22,LSU
3,82,KAN,DaJuan Morgan,DB,22,North Carolina St.
3,83,TAM,Jeremy Zuttah,G,22,Rutgers
3,84,ATL,Harry Douglas,WR,23,Louisville
3,85,TEN,Craig Stevens,TE,24,California
3,86,BAL,Tom Zbikowski,DB,23,Notre Dame
3,87,DET,Andre Fluellen,DT,23,Florida St.
3,88,PIT,Bruce Davis,LB,23,UCLA
3,89,HOU,Steve Slaton,RB,22,West Virginia
3,90,CHI,Marcus Harrison,DT,24,Arkansas
3,91,GNB,Jermichael Finley,TE,21,Texas
3,92,DET,Cliff Avril,LB,22,Purdue
3,93,IND,Philip Wheeler,LB,23,Georgia Tech
3,94,NWE,Kevin O'Connell,QB,23,San Diego St.
3,95,NYG,Mario Manningham,WR,22,Michigan
3,96,WAS,Chad Rinehart,T,23,Northern Iowa
3,97,CIN,Andre Caldwell,WR,23,Florida
3,98,ATL,Thomas DeCoud,DB,23,California
3,99,BAL,Oniel Cousins,G,24,Texas-El Paso
4,100,OAK,Tyvon Branch,DB,21,Connecticut
4,101,STL,Justin King,DB,21,Penn St.
4,102,GNB,Jeremy Thompson,DE,22,Wake Forest
4,103,TEN,William Hayes,DE,23,Winston-Salem St.
4,104,CLE,Beau Bell,LB,22,UNLV
4,105,KAN,Will Franklin,WR,22,Missouri
4,106,BAL,Marcus Smith,WR,23,New Mexico
4,107,SFO,Cody Wallace,C,23,Texas A&M
4,108,DEN,Kory Lichtensteiger,C,23,Bowling Green
4,109,PHI,Mike McGlynn,T,23,Pittsburgh
4,110,MIA,Shawn Murphy,T,25,Utah St.
4,111,CLE,Martin Rucker,TE,23,Missouri
4,112,CIN,Anthony Collins,T,22,Kansas
4,113,NYJ,Dwight Lowery,DB,22,San Jose St.
4,114,BUF,Reggie Corner,DB,24,Akron
4,115,TAM,Dre Moore,DT,23,Maryland
4,116,ARI,Kenny Iwebema,DE,23,Iowa
4,117,PHI,Quintin Demps,DB,23,Texas-El Paso
4,118,HOU,Xavier Adibi,LB,23,Virginia Tech
4,119,DEN,Jack Williams,DB,23,Kent St.
4,120,CHI,Craig Steltz,DB,22,LSU
4,121,SEA,Red Bryant,DT,24,Texas A&M
4,122,DAL,Tashard Choice,RB,23,Georgia Tech
4,123,NYG,Bryan Kehl,LB,24,BYU
4,124,WAS,Justin Tryon,DB,24,Arizona St.
4,125,OAK,Arman Shields,WR,23,Richmond
4,126,TEN,Lavelle Hawkins,WR,22,California
4,127,IND,Jacob Tamme,TE,23,Kentucky
4,128,STL,Keenan Burton,WR,23,Kentucky
4,129,NWE,Jonathan Wilhite,DB,24,Auburn
4,130,PIT,Tony Hills,T,23,Texas
4,131,PHI,Jack Ikegwuonu,DB,22,Wisconsin
4,132,BUF,Derek Fine,TE,25,Kansas
4,133,BAL,David Hale,T,25,Weber St.
4,134,TEN,Stanford Keglar,LB,23,Purdue
4,135,GNB,Josh Sitton,T,22,Central Florida
5,136,DET,Kenny Moore,WR,23,Wake Forest
5,137,MIN,John David Booty,QB,,USC
5,138,ATL,Robert James,LB,24,Arizona St.
5,139,DEN,Ryan Torain,RB,22,Arizona St.
5,140,KAN,Brandon Carr,DB,22,Grand Valley St.
5,141,CAR,Gary Barnidge,TE,22,Louisville
5,142,CHI,Zackary Bowman,DB,23,Nebraska
5,143,DAL,Orlando Scandrick,DB,21,Boise St.
5,144,NOR,DeMario Pressley,DT,22,North Carolina St.
5,145,CIN,Jason Shirley,DT,22,Fresno St.
5,146,DET,Jerome Felton,FB,22,Furman
5,147,BUF,Alvin Bowen,LB,24,Iowa St.
5,148,DEN,Carlton Powell,DT,23,Virginia Tech
5,149,ARI,Tim Hightower,RB,22,Richmond
5,150,GNB,Breno Giacomini,T,22,Louisville
5,151,HOU,Frank Okam,DT,22,Texas
5,152,MIN,Letroy Guion,DT,21,Florida St.
5,153,NWE,Matthew Slater,WR,22,UCLA
5,154,ATL,Kroy Biermann,LB,22,Montana
5,155,JAX,Thomas Williams,LB,23,USC
5,156,PIT,Dennis Dixon,QB,23,Oregon
5,157,STL,Roy Schuening,G,24,Oregon St.
5,158,CHI,Kellen Davis,TE,22,Michigan St.
5,159,JAX,Trae Williams,DB,23,South Florida
5,160,TAM,Josh Johnson,QB,22,San Diego
5,161,IND,Marcus Howard,LB,22,Georgia
5,162,NYJ,Erik Ainge,QB,22,Tennessee
5,163,SEA,Owen Schmitt,FB,23,West Virginia
5,164,NOR,Carl Nicks,T,23,Nebraska
5,165,NYG,Jonathan Goff,LB,22,Vanderbilt
5,166,SDG,Marcus Thomas,RB,24,Texas-El Paso
6,167,DAL,Erik Walden,DE,23,Middle Tenn. St.
6,168,WAS,Durant Brooks,P,23,Georgia Tech
6,169,OAK,Trevor Scott,DE,24,Buffalo
6,170,KAN,Barry Richardson,T,22,Clemson
6,171,NYJ,Marcus Henry,WR,22,Kansas
6,172,ATL,Thomas Brown,RB,22,Georgia
6,173,HOU,Dominique Barber,DB,22,Minnesota
6,174,SFO,Josh Morgan,WR,23,Virginia Tech
6,175,TAM,Geno Hayes,LB,21,Florida St.
6,176,MIA,Jalen Parmele,RB,22,Toledo
6,177,CIN,Corey Lynch,DB,23,Appalachian St.
6,178,NOR,Taylor Mehlhaff,K,23,Wisconsin
6,179,BUF,Xavier Omon,RB,23,NW Missouri St.
6,180,WAS,Kareem Moore,DB,24,Nicholls St.
6,181,CAR,Nick Hayden,DT,22,Wisconsin
6,182,KAN,Kevin Robinson,WR,23,Utah St.
6,183,DEN,Spencer Larsen,LB,24,Arizona
6,184,PHI,Mike Gibson,T,22,California
6,185,ARI,Chris Harrington,DE,23,Texas A&M
6,186,WAS,Colt Brennan,QB,25,Hawaii
6,187,MIN,John Sullivan,C,23,Notre Dame
6,188,PIT,Mike Humpal,LB,23,Iowa
6,189,SEA,Tyler Schmitt,LB,22,San Diego St.
6,190,CLE,Ahtyba Rubin,DT,22,Iowa St.
6,191,CLE,Paul Hubbard,WR,23,Wisconsin
6,192,SDG,DeJuan Tribble,DB,23,Boston Col.
6,193,MIN,Jaymar Johnson,WR,24,Jackson St.
6,194,PIT,Ryan Mundy,DB,23,West Virginia
6,195,MIA,Donald Thomas,G,22,Connecticut
6,196,IND,Tom Santi,TE,22,Virginia
6,197,NWE,Bo Ruud,LB,24,Nebraska
6,198,NYG,Andre Woodson,QB,24,Kentucky
6,199,NYG,Robert Henderson,DE,24,Southern Miss
6,200,PHI,Joe Mays,LB,23,North Dakota St.
6,201,IND,Steve Justice,C,24,Wake Forest
6,202,IND,Mike Hart,RB,22,Michigan
6,203,PHI,Andy Studebaker,LB,22,Wheaton
6,204,MIA,Lex Hilliard,RB,24,Montana
6,205,IND,Pierre Garcon,WR,22,Mount Union
6,206,BAL,Haruki Nakamura,DB,22,Cincinnati
6,207,CIN,Matt Sherry,TE,23,Villanova
7,208,CHI,Ervin Baldwin,DE,22,Michigan St.
7,209,GNB,Matt Flynn,QB,23,LSU
7,210,KAN,Brian Johnston,DE,22,Gardner-Webb
7,211,NYJ,Nate Garner,T,23,Arkansas
7,212,ATL,Wilrey Fontenot,DB,23,Arizona
7,213,JAX,Chauncey Washington,RB,23,USC
7,214,SFO,Larry Grant,LB,23,Ohio St.
7,215,BAL,Justin Harper,WR,23,Virginia Tech
7,216,DET,Landon Cohen,DT,22,Ohio
7,217,GNB,Brett Swain,WR,23,San Diego St.
7,218,DET,Caleb Campbell,DB,23,Army
7,219,BUF,Demetress Bell,T,24,Northwestern St. (LA)
7,220,DEN,Josh Barrett,DB,23,Arizona St.
7,221,CAR,Hilee Taylor,LB,22,North Carolina
7,222,CHI,Chester Adams,G,23,Georgia
7,223,HOU,Alex Brink,QB,23,Washington St.
7,224,BUF,Steve Johnson,WR,21,Kentucky
7,225,ARI,Brandon Keith,T,23,Northern Iowa
7,226,OAK,Chaz Schilens,WR,22,San Diego St.
7,227,DEN,Peyton Hillis,FB,22,Arkansas
7,228,STL,Chris Chamberlain,DB,22,Tulsa
7,229,TEN,Cary Williams,DB,23,Washburn
7,230,PHI,King Dunlap,T,22,Auburn
7,231,CLE,Alex Hall,LB,23,St. Augustine's
7,232,ATL,Keith Zinger,TE,23,LSU
7,233,SEA,Justin Forsett,RB,22,California
7,234,SDG,Corey Clark,T,24,Texas A&M
7,235,SEA,Brandon Coutu,K,23,Georgia
7,236,IND,Jamey Richard,T,23,Buffalo
7,237,NOR,Adrian Arrington,WR,22,Michigan
7,238,TAM,Cory Boyd,RB,23,South Carolina
7,239,KAN,Mike Merritt,TE,24,Central Florida
7,240,BAL,Allen Patrick,RB,24,Oklahoma
7,241,CAR,Geoff Schwartz,T,22,Oregon
7,242,WAS,Rob Jackson,DE,22,Kansas St.
7,243,CHI,Joey LaRocque,LB,22,Oregon St.
7,244,CIN,Angelo Craig,LB,,Cincinnati
7,245,MIA,Lionel Dotson,DT,23,Arizona
7,246,CIN,Mario Urrutia,WR,22,Louisville
7,247,CHI,Kirk Barton,T,23,Ohio St.
7,248,CHI,Marcus Monk,WR,22,Arkansas
7,249,WAS,Chris Horton,DB,23,UCLA
7,250,CAR,Mackenzy Bernadeau,G,22,Bentley College
7,251,BUF,Kennard Cox,DB,23,Pittsburgh
7,252,STL,David Vobora,LB,22,Idaho
