Round,Pick,Team,Player,Position,Age,School
1,1,STL,Sam Bradford,QB,22,Oklahoma
1,2,DET,Ndamukong Suh,DT,23,Nebraska
1,3,TAM,Gerald McCoy,DT,22,Oklahoma
1,4,WAS,Trent Williams,T,22,Oklahoma
1,5,KAN,Eric Berry,DB,21,Tennessee
1,6,SEA,Russell Okung,T,21,Oklahoma St.
1,7,CLE,Joe Haden,DB,21,Florida
1,8,OAK,Rolando McClain,LB,21,Alabama
1,9,BUF,C.J. Spiller,RB,23,Clemson
1,10,JAX,Tyson Alualu,DT,23,California
1,11,SFO,Anthony Davis,T,20,Rutgers
1,12,SDG,Ryan Mathews,RB,22,Fresno St.
1,13,PHI,Brandon Graham,DE,22,Michigan
1,14,SEA,Earl Thomas,DB,21,Texas
1,15,NYG,Jason Pierre-Paul,DE,21,South Florida
1,16,TEN,Derrick Morgan,DE,21,Georgia Tech
1,17,SFO,Mike Iupati,G,23,Idaho
1,18,PIT,Maurkice Pouncey,C,21,Florida
1,19,ATL,Sean Weatherspoon,LB,22,Missouri
1,20,HOU,Kareem Jackson,DB,22,Alabama
1,21,CIN,Jermaine Gresham,TE,22,Oklahoma
1,22,DEN,Demaryius Thomas,WR,22,Georgia Tech
1,23,GNB,Bryan Bulaga,T,21,Iowa
1,24,DAL,Dez Bryant,WR,21,Oklahoma St.
1,25,DEN,Tim Tebow,QB,23,Florida
1,26,ARI,Dan Williams,DT,23,Tennessee
1,27,NWE,Devin McCourty,DB,23,Rutgers
1,28,MIA,Jared Odrick,DE,22,Penn St.
1,29,NYJ,Kyle Wilson,DB,23,Boise St.
1,30,DET,Jahvid Best,RB,21,California
1,31,IND,Jerry Hughes,DE,22,TCU
1,32,NOR,Patrick Robinson,DB,23,Florida St.
2,33,STL,Rodger Saffold,T,22,Indiana
2,34,MIN,Chris Cook,DB,23,Virginia
2,35,TAM,Brian Price,DT,21,UCLA
2,36,KAN,Dexter McCluster,WR,21,Mississippi
2,37,PHI,Nate Allen,DB,22,South Florida
2,38,CLE,T.J. Ward,DB,23,Oregon
2,39,TAM,Arrelious Benn,WR,21,Illinois
2,40,MIA,Koa Misi,LB,23,Utah
2,41,BUF,Torell Troup,DT,21,Central Florida
2,42,NWE,Rob Gronkowski,TE,21,Arizona
2,43,BAL,Sergio Kindle,LB,22,Texas
2,44,OAK,Lamarr Houston,DE,23,Texas
2,45,DEN,Zane Beadles,G,23,Utah
2,46,NYG,Linval Joseph,DT,21,East Carolina
2,47,ARI,Daryl Washington,LB,23,TCU
2,48,CAR,Jimmy Clausen,QB,22,Notre Dame
2,49,SFO,Taylor Mays,DB,22,USC
2,50,KAN,Javier Arenas,DB,22,Alabama
2,51,MIN,Toby Gerhart,RB,23,Stanford
2,52,PIT,Jason Worilds,DE,22,Virginia Tech
2,53,NWE,Jermaine Cunningham,LB,22,Florida
2,54,CIN,Carlos Dunlap,DE,21,Florida
2,55,DAL,Sean Lee,LB,24,Penn St.
2,56,GNB,Mike Neal,DE,23,Purdue
2,57,BAL,Terrence Cody,DT,22,Alabama
2,58,HOU,Ben Tate,RB,22,Auburn
2,59,CLE,Montario Hardesty,RB,23,Tennessee
2,60,SEA,Golden Tate,WR,22,Notre Dame
2,61,NYJ,Vlad Ducasse,T,22,Massachusetts
2,62,NWE,Brandon Spikes,LB,23,Florida
2,63,IND,Pat Angerer,LB,23,Iowa
2,64,NOR,Charles Brown,T,23,USC
3,65,STL,Jerome Murphy,DB,23,South Florida
3,66,DET,Amari Spievey,DB,22,Iowa
3,67,TAM,Myron Lewis,DB,22,Vanderbilt
3,68,KAN,Jon Asamoah,G,22,Illinois
3,69,OAK,Jared Veldheer,T,23,Hillsdale
3,70,BAL,Ed Dickson,TE,23,Oregon
3,71,GNB,Morgan Burnett,DB,21,Georgia Tech
3,72,BUF,Alex Carrington,DE,23,Arkansas St.
3,73,MIA,John Jerry,T,24,Mississippi
3,74,JAX,D'Anthony Smith,DT,22,Louisiana Tech
3,75,CHI,Major Wright,DB,22,Florida
3,76,NYG,Chad Jones,DB,,LSU
3,77,TEN,Damian Williams,WR,22,USC
3,78,CAR,Brandon LaFell,WR,23,LSU
3,79,SDG,Donald Butler,LB,21,Washington
3,80,DEN,J.D. Walton,C,23,Baylor
3,81,HOU,Earl Mitchell,DT,22,Arizona
3,82,PIT,Emmanuel Sanders,WR,23,SMU
3,83,ATL,Corey Peters,DT,22,Kentucky
3,84,CIN,Jordan Shipley,WR,24,Texas
3,85,CLE,Colt McCoy,QB,24,Texas
3,86,PHI,Daniel Te'o-Nesheim,DE,23,Washington
3,87,DEN,Eric Decker,WR,23,Minnesota
3,88,ARI,Andre Roberts,WR,22,The Citadel
3,89,CAR,Armanti Edwards,WR,22,Appalachian St.
3,90,NWE,Taylor Price,WR,22,Ohio
3,91,SFO,NaVorro Bowman,LB,22,Penn St.
3,92,CLE,Shawn Lauvao,G,22,Arizona St.
3,93,KAN,Tony Moeaki,TE,23,Iowa
3,94,IND,Kevin Thomas,DB,23,USC
3,95,NOR,Jimmy Graham,TE,23,Miami (FL)
3,96,CIN,Brandon Ghee,DB,23,Wake Forest
3,97,TEN,Rennie Curran,LB,21,Georgia
3,98,ATL,Mike Johnson,G,23,Alabama
4,99,STL,Mardy Gilyard,WR,23,Cincinnati
4,100,MIN,Everson Griffen,DE,22,USC
4,101,TAM,Mike Williams,WR,23,Syracuse
4,102,HOU,Darryl Sharpton,LB,22,Miami (FL)
4,103,WAS,Perry Riley,LB,22,LSU
4,104,TEN,Alterraun Verner,DB,21,UCLA
4,105,PHI,Trevard Lindley,DB,24,Kentucky
4,106,OAK,Bruce Campbell,T,22,Maryland
4,107,BUF,Marcus Easley,WR,22,Connecticut
4,108,OAK,Jacoby Ford,WR,23,Clemson
4,109,CHI,Corey Wootton,DE,23,Northwestern
4,110,SDG,Darrell Stuckey,DB,23,Kansas
4,111,SEA,Walter Thurmond,DB,23,Oregon
4,112,NYJ,Joe McKnight,RB,22,USC
4,113,NWE,Aaron Hernandez,TE,20,Florida
4,114,BAL,Dennis Pitta,TE,25,BYU
4,115,NYG,Phillip Dillard,LB,23,Nebraska
4,116,PIT,Thaddeus Gibson,DE,22,Ohio St.
4,117,ATL,Joe Hawley,C,21,UNLV
4,118,HOU,Garrett Graham,TE,24,Wisconsin
4,119,MIA,A.J. Edds,LB,22,Iowa
4,120,CIN,Geno Atkins,DT,22,Georgia
4,121,PHI,Keenan Clayton,LB,23,Oklahoma
4,122,PHI,Mike Kafka,QB,23,Northwestern
4,123,NOR,Al Woods,DT,23,LSU
4,124,CAR,Eric Norwood,LB,22,South Carolina
4,125,PHI,Clay Harbor,TE,23,Missouri State
4,126,DAL,Akwasi Owusu-Ansah,DB,22,Indiana (PA)
4,127,SEA,E.J. Wilson,DE,22,North Carolina
4,128,DET,Jason Fox,T,22,Miami (FL)
4,129,IND,Jacques McClendon,G,22,Tennessee
4,130,ARI,O'Brien Schofield,DE,23,Wisconsin
4,131,CIN,Roddrick Muckelroy,LB,23,Texas
5,132,STL,Michael Hoomanawanui,TE,22,Illinois
5,133,SEA,Kam Chancellor,DB,22,Virginia Tech
5,134,PHI,Ricky Sapp,DE,23,Clemson
5,135,ATL,Dominique Franks,DB,22,Oklahoma
5,136,KAN,Kendrick Lewis,DB,22,Mississippi
5,137,DEN,Perrish Cox,DB,23,Oklahoma St.
5,138,OAK,Walter McFadden,DB,23,Auburn
5,139,NYJ,John Conner,RB,23,Kentucky
5,140,BUF,Ed Wang,T,23,Virginia Tech
5,141,CHI,Joshua Moore,DB,22,Kansas St.
5,142,KAN,Cameron Sheffield,DE,22,Troy
5,143,JAX,Larry Hart,DE,23,Central Arkansas
5,144,HOU,Sherrick McManis,DB,22,Northwestern
5,145,MIA,Nolan Carroll,DB,23,Maryland
5,146,SDG,Cam Thomas,DT,23,North Carolina
5,147,NYG,Mitch Petrus,G,23,Arkansas
5,148,TEN,Robert Johnson,DB,23,Utah
5,149,STL,Hall Davis,DE,23,Louisiana
5,150,NWE,Zoltan Mesko,P,24,Michigan
5,151,PIT,Chris Scott,G,23,Tennessee
5,152,CIN,Otis Hudson,T,24,Eastern Illinois
5,153,JAX,Austen Lane,DE,22,Murray St.
5,154,GNB,Andrew Quarless,TE,21,Penn St.
5,155,ARI,John Skelton,QB,22,Fordham
5,156,BAL,David Reed,WR,23,Utah
5,157,BAL,Arthur Jones,DE,24,Syracuse
5,158,NOR,Matt Tennant,C,23,Boston Col.
5,159,PHI,Riley Cooper,WR,22,Florida
5,160,CLE,Larry Asante,DB,22,Nebraska
5,161,MIN,Chris DeGeare,G,23,Wake Forest
5,162,IND,Brody Eldridge,TE,23,Oklahoma
5,163,MIA,Reshad Jones,DB,22,Georgia
5,164,PIT,Crezdon Butler,DB,23,Clemson
5,165,ATL,Kerry Meier,WR,23,Kansas
5,166,PIT,Stevenson Sylvester,LB,22,Utah
5,167,MIN,Nate Triplett,LB,23,Minnesota
5,168,SDG,Jonathan Crompton,QB,23,Tennessee
5,169,GNB,Marshall Newhouse,G,21,TCU
6,170,STL,Fendi Onobun,TE,23,Arizona
6,171,ATL,Shann Schillinger,DB,24,Montana
6,172,TAM,Brent Bowden,P,,Virginia Tech
6,173,SFO,Anthony Dixon,RB,22,Mississippi St.
6,174,WAS,Dennis Morris,RB,,Louisiana Tech
6,175,CAR,Greg Hardy,DE,22,Mississippi
6,176,TEN,Rusty Smith,QB,23,Florida Atlantic
6,177,CLE,Carlton Mitchell,WR,22,South Florida
6,178,BUF,Arthur Moats,LB,22,James Madison
6,179,DAL,Sam Young,T,23,Notre Dame
6,180,JAX,Deji Karim,RB,23,Southern Illinois
6,181,CHI,Dan LeFevour,QB,23,Central Michigan
6,182,SFO,Nate Byham,TE,22,Pittsburgh
6,183,DEN,Eric Olsen,C,22,Notre Dame
6,184,NYG,Adrian Tracy,DE,23,William & Mary
6,185,SEA,Anthony McCoy,TE,22,USC
6,186,CLE,Clifton Geathers,DE,22,South Carolina
6,187,HOU,Shelley Smith,G,23,Colorado St.
6,188,PIT,Jonathan Dwyer,RB,21,Georgia Tech
6,189,STL,Eugene Sims,DE,24,West Texas A&M
6,190,OAK,Travis Goethel,LB,23,Arizona St.
6,191,CIN,Dezmon Briscoe,WR,21,Kansas
6,192,BUF,Danny Batten,DE,22,South Dakota St.
6,193,GNB,James Starks,RB,24,Buffalo
6,194,BAL,Ramon Harewood,T,23,Morehouse
6,195,PIT,Antonio Brown,WR,22,Central Michigan
6,196,DAL,Jamar Wall,DB,22,Texas Tech
6,197,HOU,Trindon Holliday,WR,24,LSU
6,198,CAR,David Gettis,WR,23,Baylor
6,199,MIN,Joe Webb,WR,23,Ala-Birmingham
6,200,PHI,Charles Scott,RB,,LSU
6,201,ARI,Jorrick Calvin,DB,23,Troy
6,202,CAR,Jordan Pugh,DB,22,Texas A&M
6,203,JAX,Scotty McGee,DB,,James Madison
6,204,CAR,Tony Pike,QB,24,Cincinnati
6,205,NWE,Ted Larsen,C,23,North Carolina St.
6,206,SFO,Kyle Williams,WR,22,Arizona St.
6,207,TEN,Myron Rolle,DB,,Florida St.
7,208,NWE,Thomas Welch,T,23,Vanderbilt
7,209,BUF,Levi Brown,QB,23,Troy
7,210,TAM,Cody Grimm,DB,23,Virginia Tech
7,211,STL,Marquis Johnson,DB,22,Alabama
7,212,MIA,Chris McCoy,DE,,Middle Tenn. St.
7,213,DET,Willie Young,DE,24,North Carolina St.
7,214,MIN,Mickey Shuler,TE,23,Penn St.
7,215,OAK,Jeremy Ware,DB,23,Michigan St.
7,216,BUF,Kyle Calloway,T,,Iowa
7,217,TAM,Dekoda Watson,LB,22,Florida St.
7,218,CHI,J'Marcus Webb,T,22,West Texas A&M
7,219,WAS,Terrence Austin,WR,22,UCLA
7,220,PHI,Jamar Chaney,LB,23,Mississippi St.
7,221,NYG,Matt Dodge,P,23,East Carolina
7,222,TEN,Marc Mariani,WR,23,Montana
7,223,CAR,R.J. Stanford,DB,22,Utah
7,224,SFO,Phillip Adams,DB,22,South Carolina St.
7,225,DEN,Syd'Quan Thompson,DB,23,California
7,226,STL,George Selvie,DE,23,South Florida
7,227,HOU,Dorin Dickerson,WR,22,Pittsburgh
7,228,CIN,Reggie Stephens,C,23,Iowa St.
7,229,WAS,Erik Cook,C,23,New Mexico
7,230,GNB,C.J. Wilson,DE,23,East Carolina
7,231,WAS,Selvish Capers,T,24,West Virginia
7,232,DEN,Jammie Kirlew,DE,23,Indiana
7,233,ARI,Jim Dray,TE,23,Stanford
7,234,DAL,Sean Lissemore,DT,22,William & Mary
7,235,SDG,Dedrick Epps,TE,22,Miami (FL)
7,236,SEA,Dexter Davis,LB,23,Arizona St.
7,237,MIN,Ryan D'Imperio,RB,23,Rutgers
7,238,IND,Ricardo Mathews,DT,23,Cincinnati
7,239,NOR,Sean Canfield,QB,24,Oregon St.
7,240,IND,Kavell Conner,LB,23,Clemson
7,241,TEN,David Howard,DT,,Brown
7,242,PIT,Doug Worthington,DT,23,Ohio St.
7,243,PHI,Jeff Owens,DT,23,Georgia
7,244,PHI,Kurt Coleman,DB,22,Ohio St.
7,245,SEA,Jameson Konz,TE,24,Kent St.
7,246,IND,Ray Fisher,DB,,Indiana
7,247,NWE,Brandon Deaderick,DE,23,Alabama
7,248,NWE,Kade Weston,DT,,Georgia
7,249,CAR,Robert McClain,DB,22,Connecticut
7,250,NWE,Zac Robinson,QB,23,Oklahoma St.
7,251,OAK,Stevie Brown,DB,23,Michigan
7,252,MIA,Austin Spitler,LB,23,Ohio St.
7,253,TAM,Erik Lorig,DE,23,Stanford
7,254,STL,Josh Hull,LB,23,Penn St.
7,255,DET,Tim Toone,WR,25,Weber St.
