Round,Pick,Team,Player,Position,Age,School
1,1,CAR,Cam Newton,QB,22,Auburn
1,2,DEN,Von Miller,LB,22,Texas A&M
1,3,BUF,Marcell Dareus,DT,21,Alabama
1,4,CIN,A.J. Green,WR,23,Georgia
1,5,ARI,Patrick Peterson,DB,21,LSU
1,6,ATL,Julio Jones,WR,22,Alabama
1,7,SFO,Aldon Smith,DE,21,Missouri
1,8,TEN,Jake Locker,QB,23,Washington
1,9,DAL,Tyron Smith,T,20,USC
1,10,JAX,Blaine Gabbert,QB,21,Missouri
1,11,HOU,J.J. Watt,DE,22,Wisconsin
1,12,MIN,Christian Ponder,QB,23,Florida St.
1,13,DET,Nick Fairley,DT,23,Auburn
1,14,STL,Robert Quinn,DE,21,North Carolina
1,15,MIA,Mike Pouncey,G,22,Florida
1,16,WAS,Ryan Kerrigan,DE,23,Purdue
1,17,NWE,Nate Solder,T,23,Colorado
1,18,SDG,Corey Liuget,DT,21,Illinois
1,19,NYG,Prince Amukamara,DB,22,Nebraska
1,20,TAM,Adrian Clayborn,DE,23,Iowa
1,21,CLE,Phil Taylor,DT,23,Baylor
1,22,IND,Anthony Castonzo,T,23,Boston Col.
1,23,PHI,Danny Watkins,G,26,Baylor
1,24,NOR,Cameron Jordan,DE,22,California
1,25,SEA,James Carpenter,T,22,Alabama
1,26,KAN,Jonathan Baldwin,WR,22,Pittsburgh
1,27,BAL,Jimmy Smith,DB,23,Colorado
1,28,NOR,Mark Ingram,RB,21,Alabama
1,29,CHI,Gabe Carimi,T,23,Wisconsin
1,30,NYJ,Muhammad Wilkerson,DT,21,Temple
1,31,PIT,Cameron Heyward,DE,22,Ohio St.
1,32,GNB,Derek Sherrod,T,22,Mississippi St.
2,33,NWE,Ras-I Dowling,DB,23,Virginia
2,34,BUF,Aaron Williams,DB,21,Texas
2,35,CIN,Andy Dalton,QB,23,TCU
2,36,SFO,Colin Kaepernick,QB,23,Nevada
2,37,CLE,Jabaal Sheard,DE,22,Pittsburgh
2,38,ARI,Ryan Williams,RB,21,Virginia Tech
2,39,TEN,Akeem Ayers,LB,22,UCLA
2,40,DAL,Bruce Carter,LB,23,North Carolina
2,41,WAS,Jarvis Jenkins,DT,23,Clemson
2,42,HOU,Brooks Reed,LB,24,Arizona
2,43,MIN,Kyle Rudolph,TE,21,Notre Dame
2,44,DET,Titus Young,WR,22,Boise St.
2,45,DEN,Rahim Moore,DB,21,UCLA
2,46,DEN,Orlando Franklin,T,23,Miami (FL)
2,47,STL,Lance Kendricks,TE,23,Wisconsin
2,48,OAK,Stefen Wisniewski,C,22,Penn St.
2,49,IND,Ben Ijalana,T,22,Villanova
2,50,SDG,Marcus Gilchrist,DB,22,Clemson
2,51,TAM,Da'Quan Bowers,DE,21,Clemson
2,52,NYG,Marvin Austin,DT,22,North Carolina
2,53,CHI,Stephen Paea,DT,23,Oregon St.
2,54,PHI,Jaiquawn Jarrett,DB,21,Temple
2,55,KAN,Rodney Hudson,C,22,Florida St.
2,56,NWE,Shane Vereen,RB,22,California
2,57,DET,Mikel Leshoure,RB,21,Illinois
2,58,BAL,Torrey Smith,WR,22,Maryland
2,59,CLE,Greg Little,WR,22,North Carolina
2,60,HOU,Brandon Harris,DB,21,Miami (FL)
2,61,SDG,Jonas Mouton,LB,23,Michigan
2,62,MIA,Daniel Thomas,RB,23,Kansas St.
2,63,PIT,Marcus Gilbert,T,23,Florida
2,64,GNB,Randall Cobb,WR,21,Kentucky
3,65,CAR,Terrell McClain,DT,23,South Florida
3,66,CIN,Dontay Moch,LB,23,Nevada
3,67,DEN,Nate Irving,LB,23,North Carolina St.
3,68,BUF,Kelvin Sheppard,LB,23,LSU
3,69,ARI,Rob Housler,TE,23,Florida Atlantic
3,70,KAN,Justin Houston,LB,22,Georgia
3,71,DAL,DeMarco Murray,RB,23,Oklahoma
3,72,NOR,Martez Wilson,LB,22,Illinois
3,73,NWE,Stevan Ridley,RB,22,LSU
3,74,NWE,Ryan Mallett,QB,23,Arkansas
3,75,SEA,John Moffitt,G,24,Wisconsin
3,76,JAX,Will Rackley,G,21,Lehigh
3,77,TEN,Jurrell Casey,DT,21,USC
3,78,STL,Austin Pettis,WR,23,Boise St.
3,79,WAS,Leonard Hankerson,WR,22,Miami (FL)
3,80,SFO,Chris Culliver,DB,23,South Carolina
3,81,OAK,DeMarcus Van Dyke,DB,22,Miami (FL)
3,82,SDG,Vincent Brown,WR,22,San Diego St.
3,83,NYG,Jerrel Jernigan,WR,22,Troy
3,84,TAM,Mason Foster,LB,22,Washington
3,85,BAL,Jah Reid,T,23,Central Florida
3,86,KAN,Allen Bailey,DE,22,Miami (FL)
3,87,IND,Drake Nevis,DT,22,LSU
3,88,NOR,Johnny Patrick,DB,23,Louisville
3,89,SDG,Shareece Wright,DB,24,USC
3,90,PHI,Curtis Marsh,DB,23,Utah St.
3,91,ATL,Akeem Dent,LB,23,Georgia
3,92,OAK,Joe Barksdale,T,23,LSU
3,93,CHI,Chris Conte,DB,22,California
3,94,NYJ,Kenrick Ellis,DT,23,Hampton
3,95,PIT,Curtis Brown,DB,22,Texas
3,96,GNB,Alex Green,RB,23,Hawaii
3,97,CAR,Sione Fua,DT,23,Stanford
4,98,CAR,Brandon Hogan,DB,23,West Virginia
4,99,SEA,K.J. Wright,LB,22,Mississippi St.
4,100,BUF,Da'Norris Searcy,DB,22,North Carolina
4,101,CIN,Clint Boling,G,22,Georgia
4,102,CLE,Jordan Cameron,TE,23,USC
4,103,ARI,Sam Acho,DE,23,Texas
4,104,TAM,Luke Stocker,TE,23,Tennessee
4,105,WAS,Roy Helu,RB,22,Nebraska
4,106,MIN,Christian Ballard,DT,22,Iowa
4,107,SEA,Kris Durham,WR,23,Georgia
4,108,DEN,Quinton Carter,DB,23,Oklahoma
4,109,TEN,Colin McCarthy,LB,22,Miami (FL)
4,110,DAL,David Arkin,G,23,Missouri State
4,111,MIA,Clyde Gates,WR,25,Abilene Christian
4,112,STL,Greg Salas,WR,23,Hawaii
4,113,OAK,Chimdi Chekwa,DB,22,Ohio St.
4,114,JAX,Cecil Shorts,WR,23,Mount Union
4,115,SFO,Kendall Hunter,RB,22,Oklahoma St.
4,116,PHI,Casey Matthews,LB,22,Oregon
4,117,NYG,James Brewer,T,23,Indiana
4,118,KAN,Jalil Brown,DB,23,Colorado
4,119,IND,Delone Carter,RB,24,Syracuse
4,120,PHI,Alex Henery,K,24,Nebraska
4,121,JAX,Chris Prosinski,DB,24,Wyoming
4,122,BUF,Chris Hairston,T,22,Clemson
4,123,BAL,Tandon Doss,WR,21,Indiana
4,124,CLE,Owen Marecic,RB,22,Stanford
4,125,OAK,Taiwan Jones,RB,23,East. Washington
4,126,NYJ,Bilal Powell,RB,22,Louisville
4,127,HOU,Roc Carmichael,DB,22,Virginia Tech
4,128,PIT,Cortez Allen,DB,22,The Citadel
4,129,DEN,Julius Thomas,TE,23,Portland St.
4,130,TEN,Jamie Harper,RB,21,Clemson
4,131,GNB,Davon House,DB,22,New Mexico St.
5,132,CAR,Kealoha Pilares,WR,23,Hawaii
5,133,BUF,Johnny White,RB,23,North Carolina
5,134,CIN,Robert Sands,DB,21,West Virginia
5,135,KAN,Ricky Stanzi,QB,24,Iowa
5,136,ARI,Anthony Sherman,RB,22,Connecticut
5,137,CLE,Buster Skrine,DB,22,Chattanooga
5,138,NWE,Marcus Cannon,T,23,TCU
5,139,MIN,Brandon Burton,DB,22,Southern Utah
5,140,KAN,Gabe Miller,LB,23,Oregon St.
5,141,GNB,D.J. Williams,TE,22,Arkansas
5,142,TEN,Karl Klug,DT,23,Iowa
5,143,DAL,Josh Thomas,DB,22,Buffalo
5,144,HOU,Shiloh Keo,DB,23,Idaho
5,145,ATL,Jacquizz Rodgers,RB,21,Oregon St.
5,146,WAS,DeJon Gomes,DB,21,Nebraska
5,147,JAX,Rod Issac,DB,22,Middle Tenn. St.
5,148,OAK,Denarius Moore,WR,22,Tennessee
5,149,PHI,Dion Lewis,RB,20,Pittsburgh
5,150,CLE,Jason Pinkston,T,24,Pittsburgh
5,151,TAM,Ahmad Black,DB,21,Florida
5,152,HOU,T.J. Yates,QB,24,North Carolina
5,153,NYJ,Jeremy Kerley,WR,22,TCU
5,154,SEA,Richard Sherman,DB,23,Stanford
5,155,WAS,Niles Paul,WR,22,Nebraska
5,156,SEA,Mark LeGree,DB,22,Appalachian St.
5,157,DET,Doug Hogue,LB,22,Syracuse
5,158,STL,Jermale Hines,DB,23,Ohio St.
5,159,NWE,Lee Smith,TE,23,Marshall
5,160,CHI,Nathan Enderle,QB,23,Idaho
5,161,PHI,Julian Vandervelde,G,23,Iowa
5,162,PIT,Chris Carter,LB,22,Fresno St.
5,163,SFO,Daniel Kilgore,G,23,Appalachian St.
5,164,BAL,Chykie Brown,DB,24,Texas
5,165,BAL,Pernell McPhee,DE,22,Mississippi St.
6,166,CAR,Lawrence Wilson,LB,23,Central Connecticut St.
6,167,CIN,Ryan Whalen,WR,22,Stanford
6,168,MIN,Demarcus Love,OL,23,Arkansas
6,169,BUF,Chris White,LB,22,Mississippi St.
6,170,MIN,Mistral Raymond,DB,24,South Florida
6,171,ARI,Quan Sturdivant,LB,22,North Carolina
6,172,MIN,Brandon Fusco,C,23,Slippery Rock
6,173,SEA,Byron Maxwell,DB,23,Clemson
6,174,MIA,Charles Clay,TE,22,Tulsa
6,175,TEN,Byron Stingily,T,22,Louisville
6,176,DAL,Dwayne Harris,WR,23,East Carolina
6,177,WAS,Evan Royster,RB,23,Penn St.
6,178,WAS,Aldrick Robinson,WR,22,SMU
6,179,GNB,Caleb Schlauderaff,G,23,Southern Utah
6,180,BAL,Tyrod Taylor,QB,22,Virginia Tech
6,181,OAK,Richard Gordon,TE,24,Miami (FL)
6,182,SFO,Ronald Johnson,WR,23,USC
6,183,SDG,Jordan Todman,RB,21,Connecticut
6,184,ARI,David Carter,DT,23,UCLA
6,185,NYG,Greg Jones,LB,22,Michigan St.
6,186,GNB,D.J. Smith,LB,22,Appalachian St.
6,187,TAM,Allen Bradford,RB,23,USC
6,188,IND,Chris Rucker,DB,22,Michigan St.
6,189,DEN,Mike Mohamed,LB,23,California
6,190,SFO,Colin Jones,DB,23,TCU
6,191,PHI,Jason Kelce,C,23,Cincinnati
6,192,ATL,Matthew Bosher,K,23,Miami (FL)
6,193,PHI,Brian Rolle,LB,22,Ohio St.
6,194,NWE,Markell Carter,LB,21,Central Arkansas
6,195,CHI,J.T. Thomas,LB,23,West Virginia
6,196,PIT,Keith Williams,G,23,Nebraska
6,197,GNB,Ricky Elmore,DL,23,Arizona
6,198,NYG,Tyler Sash,DB,23,Iowa
6,199,KAN,Jerrell Powe,DT,24,Mississippi
6,200,MIN,Ross Homan,LB,24,Ohio St.
6,201,SDG,Stephen Schilling,G,23,Michigan
6,202,NYG,Jacquian Williams,LB,23,South Florida
6,203,CAR,Zachary Williams,OL,22,Washington St.
7,204,DEN,Virgil Green,TE,23,Nevada
7,205,SEA,Lazarius Levingston,DL,23,LSU
7,206,BUF,Justin Rogers,DB,23,Richmond
7,207,CIN,Korey Lindsey,DB,22,Southern Illinois
7,208,NYJ,Greg McElroy,QB,23,Alabama
7,209,DET,Johnny Culbreath,OL,23,South Carolina St.
7,210,ATL,Andrew Jackson,OL,22,Fresno St.
7,211,SFO,Bruce Miller,DE,24,Central Florida
7,212,TEN,Zach Clayton,DT,23,Auburn
7,213,WAS,Brandyn Thompson,DB,21,Boise St.
7,214,HOU,Derek Newton,T,23,Arkansas St.
7,215,MIN,D'Aundre Reed,DE,23,Arizona
7,216,STL,Mikail Baker,DB,24,Baylor
7,217,WAS,Maurice Hurt,G,23,Florida
7,218,GNB,Ryan Taylor,TE,23,North Carolina
7,219,NWE,Malcolm Williams,DB,23,TCU
7,220,DAL,Shaun Chapas,RB,23,Georgia
7,221,NYG,Da'Rel Scott,RB,23,Maryland
7,222,TAM,Anthony Gaitor,DB,22,Florida International
7,223,KAN,Shane Bannon,RB,22,Yale
7,224,WAS,Markus White,DE,23,Florida St.
7,225,BAL,Anthony Allen,RB,23,Georgia Tech
7,226,NOR,Greg Romeus,DL,23,Pittsburgh
7,227,NYJ,Scotty McKnight,WR,23,Colorado
7,228,STL,Jabara Williams,LB,22,S.F. Austin
7,229,STL,Jonathan Nelson,DB,23,Oklahoma
7,230,ATL,Cliff Matthews,DE,22,South Carolina
7,231,MIA,Frank Kearse,DT,22,Alabama A&M
7,232,PIT,Baron Batch,RB,23,Texas Tech
7,233,GNB,Lawrence Guy,DT,21,Arizona St.
7,234,SDG,Andrew Gachkar,LB,22,Missouri
7,235,MIA,Jimmy Wilson,DB,25,Montana
7,236,MIN,Stephen Burton,WR,21,Long Beach CC
7,237,PHI,Greg Lloyd,LB,22,Connecticut
7,238,TAM,Daniel Hardy,TE,24,Idaho
7,239,SFO,Michael Person,G,23,Montana St.
7,240,PHI,Stanley Havili,RB,23,USC
7,241,OAK,David Ausberry,WR,23,USC
7,242,SEA,Malcolm Smith,LB,22,USC
7,243,NOR,Nate Bussey,LB,22,Illinois
7,244,CAR,Lee Ziemba,T,22,Auburn
7,245,BUF,Michael Jasper,DT,24,
7,246,CIN,Jay Finley,RB,23,Baylor
7,247,DEN,Jeremy Beal,DL,23,Oklahoma
7,248,CLE,Eric Hagg,DB,21,Nebraska
7,249,ARI,DeMarco Sampson,WR,25,San Diego St.
7,250,SFO,Curtis Holcomb,DB,23,Florida A&M
7,251,TEN,Tommie Campbell,DB,23,Pittsburgh
7,252,DAL,Bill Nagy,G,23,Wisconsin
7,253,WAS,Chris Neild,DT,23,West Virginia
7,254,HOU,Cheta Ozougwu,DE,22,Rice
