Player,Position,School,College,Height,Weight,40 Time,Vertical Jump,Bench,Broad Jump,3 Cone,Shuttle,Drafted
John Abraham,OLB,South Carolina,,6-4,252,4.55,,,,,,New York Jets / 1st / 13th pick / 2000
Shaun Alexander,RB,Alabama,College Stats,6-0,218,4.58,,,,,,Seattle Seahawks / 1st / 19th pick / 2000
Darnell Alford,OT,Boston Col.,,6-4,334,5.56,25.0,23,94,8.48,4.98,Kansas City Chiefs / 6th / 188th pick / 2000
Rashard Anderson,CB,Jackson State,,6-2,206,4.55,34.0,,123,7.18,4.15,Carolina Panthers / 1st / 23rd pick / 2000
LaVar Arrington,OLB,Penn State,College Stats,6-3,250,4.53,,,,,,Washington Redskins / 1st / 2nd pick / 2000
Reggie Austin,CB,Wake Forest,,5-9,175,4.44,35.0,17,119,7.03,4.14,Chicago Bears / 4th / 125th pick / 2000
Mark Baniewicz,OT,Syracuse,,6-6,312,5.34,28.0,20,96,7.72,4.73,Jacksonville Jaguars / 7th / 247th pick / 2000
Rashidi Barnes,S,Colorado,,6-0,208,4.62,35.0,10,114,6.92,4.32,Cleveland Browns / 7th / 225th pick / 2000
David Barrett,CB,Arkansas,,5-10,199,4.44,37.5,16,116,6.81,4.04,Arizona Cardinals / 4th / 102nd pick / 2000
William Bartee,CB,Oklahoma,,6-1,192,4.43,38.5,,124,6.70,3.99,Kansas City Chiefs / 2nd / 54th pick / 2000
Robert Bean,CB,Mississippi State,,5-11,178,4.50,34.5,,122,6.87,4.20,Cincinnati Bengals / 5th / 133rd pick / 2000
Anthony Becht,TE,West Virginia,College Stats,6-6,270,4.78,33.5,,123,6.94,4.08,New York Jets / 1st / 27th pick / 2000
Rogers Beckett,S,Marshall,,6-1,207,4.62,39.5,15,119,6.48,4.29,San Diego Chargers / 2nd / 43rd pick / 2000
Brad Bedell,OG,Colorado,,6-4,302,5.07,31.5,17,103,7.76,4.58,Cleveland Browns / 6th / 206th pick / 2000
Marcus Bell,ILB,Arizona,,6-2,237,4.78,31.5,21,111,7.17,4.33,Seattle Seahawks / 4th / 116th pick / 2000
Gary Berry,S,Ohio State,,5-11,204,4.55,,,,,,Green Bay Packers / 4th / 126th pick / 2000
Michael Boireau,DE,Miami (FL),,6-4,274,5.09,29.0,26,105,7.68,4.49,Minnesota Vikings / 2nd / 56th pick / 2000
Matt Bowen,S,Iowa,,6-1,201,4.49,33.0,12,115,7.06,4.09,St. Louis Rams / 6th / 198th pick / 2000
Tom Brady,QB,Michigan,College Stats,6-4,211,5.28,24.5,,99,7.20,4.38,New England Patriots / 6th / 199th pick / 2000
Courtney Brown,DE,Penn State,College Stats,6-5,269,4.78,,,,,,Cleveland Browns / 1st / 1st pick / 2000
Mike Brown,S,Nebraska,,5-10,204,4.59,36.0,14,116,6.93,4.01,Chicago Bears / 2nd / 39th pick / 2000
Ralph Brown,CB,Nebraska,College Stats,5-10,185,4.55,,10,,,,New York Giants / 5th / 140th pick / 2000
Marc Bulger,QB,West Virginia,College Stats,6-2,208,4.97,,,100,7.46,4.34,New Orleans Saints / 6th / 168th pick / 2000
Keith Bulluck,OLB,Syracuse,,6-3,244,4.47,38.0,,119,7.33,4.13,Tennessee Titans / 1st / 30th pick / 2000
Plaxico Burress,WR,Michigan State,College Stats,6-5,231,4.59,33.0,,115,,,Pittsburgh Steelers / 1st / 8th pick / 2000
Trung Canidate,RB,Arizona,College Stats,5-11,193,4.41,,18,,,,St. Louis Rams / 1st / 31st pick / 2000
Cooper Carlisle,OG,Florida,,6-5,297,5.16,31.0,28,100,7.82,4.48,Denver Broncos / 4th / 112th pick / 2000
Giovanni Carmazzi,QB,Hofstra,,6-3,224,4.74,36.5,,119,6.94,4.23,San Francisco 49ers / 3rd / 65th pick / 2000
Leonardo Carson,DE,Auburn,,6-1,283,5.06,28.0,22,106,7.82,4.75,San Diego Chargers / 4th / 113th pick / 2000
Tyrone Carter,S,Minnesota,College Stats,5-8,190,4.50,41.0,16,121,6.75,4.19,Minnesota Vikings / 4th / 118th pick / 2000
Doug Chapman,RB,Marshall,College Stats,5-10,215,4.56,38.5,16,128,6.84,4.20,Minnesota Vikings / 3rd / 88th pick / 2000
Ike Charlton,CB,Virginia Tech,College Stats,5-11,205,4.47,,16,126,,,Seattle Seahawks / 2nd / 52nd pick / 2000
Joey Chustz,OT,Louisiana Tech,,6-7,304,5.08,31.0,28,103,7.65,4.65,Jacksonville Jaguars / 4th / 123rd pick / 2000
Kendrick Clancy,DT,Mississippi,,6-1,283,5.25,27.5,25,108,7.98,4.65,Pittsburgh Steelers / 3rd / 72nd pick / 2000
Travis Claridge,OG,USC,,6-5,303,5.15,31.5,29,100,7.77,4.86,Atlanta Falcons / 2nd / 37th pick / 2000
Danny Clark,ILB,Illinois,,6-2,245,4.75,,20,,,,Jacksonville Jaguars / 7th / 245th pick / 2000
Chad Clifton,OT,Tennessee,,6-5,334,5.05,30.5,24,102,7.58,4.73,Green Bay Packers / 2nd / 44th pick / 2000
Chris Cole,WR,Texas A&M,College Stats,6-0,191,4.37,37.5,,125,6.76,4.09,Denver Broncos / 3rd / 70th pick / 2000
Cosey Coleman,OG,Tennessee,College Stats,6-4,322,5.40,28.0,,101,8.15,4.97,Tampa Bay Buccaneers / 2nd / 51st pick / 2000
Laveranues Coles,WR,Florida State,College Stats,5-11,192,4.41,34.0,,115,6.89,4.39,New York Jets / 3rd / 78th pick / 2000
Chris Combs,DT,Duke,,6-5,286,5.16,,22,,,,Pittsburgh Steelers / 6th / 173rd pick / 2000
JaJuan Dawson,WR,Tulane,College Stats,6-1,199,4.55,34.0,,117,6.96,4.16,Cleveland Browns / 3rd / 79th pick / 2000
Ron Dayne,RB,Wisconsin,College Stats,5-11,259,4.65,,,,,,New York Giants / 1st / 11th pick / 2000
Na'il Diggs,OLB,Ohio State,,6-4,231,4.66,,,,,,Green Bay Packers / 4th / 98th pick / 2000
Reuben Droughns,RB,Oregon,College Stats,5-11,215,4.66,30.0,13,115,7.34,4.41,Detroit Lions / 3rd / 81st pick / 2000
Ron Dugans,WR,Florida State,College Stats,6-1,206,4.58,,,117,,,Cincinnati Bengals / 3rd / 66th pick / 2000
Deon Dyer,FB,North Carolina,College Stats,5-11,260,4.99,28.0,,104,7.88,4.81,Miami Dolphins / 4th / 117th pick / 2000
Mario Edwards,CB,Florida State,College Stats,6-0,191,4.46,,,120,,,Dallas Cowboys / 6th / 180th pick / 2000
Shaun Ellis,DE,Tennessee,,6-4,280,4.85,,,,,,New York Jets / 1st / 12th pick / 2000
John Engelberger,DE,Virginia Tech,College Stats,6-4,260,4.73,34.0,24,115,6.95,4.28,San Francisco 49ers / 2nd / 35th pick / 2000
Danny Farmer,WR,UCLA,College Stats,6-3,217,4.58,,,,,,Pittsburgh Steelers / 4th / 103rd pick / 2000
Erik Flowers,DE,Arizona State,,6-4,271,4.75,33.0,24,114,7.21,4.15,Buffalo Bills / 1st / 26th pick / 2000
John Frank,DE,Utah,,6-4,280,4.78,37.0,32,117,7.07,4.27,Philadelphia Eagles / 6th / 178th pick / 2000
Bubba Franks,TE,Miami (FL),College Stats,6-6,265,4.85,,,,,,Green Bay Packers / 1st / 14th pick / 2000
Todd Franz,S,Tulsa,,6-1,199,4.55,,14,,,,Detroit Lions / 5th / 145th pick / 2000
Arturo Freeman,S,South Carolina,,6-0,188,4.50,35.5,14,124,6.91,4.38,Miami Dolphins / 5th / 152nd pick / 2000
Byron Frisch,DE,BYU,,6-4,281,4.73,34.5,31,114,7.20,4.41,Tennessee Titans / 3rd / 93rd pick / 2000
Mondriel Fulcher,FB,Miami (FL),College Stats,6-3,253,4.85,27.0,18,116,7.46,4.52,Oakland Raiders / 7th / 227th pick / 2000
Jason Gavadza,TE,Kent State,,6-3,249,4.62,32.5,22,113,7.15,4.30,Pittsburgh Steelers / 6th / 204th pick / 2000
Trevor Gaylor,WR,Miami (OH),College Stats,6-3,199,4.56,37.5,,121,7.03,4.29,San Diego Chargers / 4th / 111th pick / 2000
Kabeer Gbaja-Biamila,OLB,San Diego State,,6-4,243,4.65,34.0,21,120,6.90,4.28,Green Bay Packers / 5th / 149th pick / 2000
Sherrod Gideon,WR,Southern Miss,,5-11,173,4.66,,,,,,New Orleans Saints / 6th / 200th pick / 2000
Ian Gold,OLB,Michigan,College Stats,6-1,221,4.56,33.0,21,115,6.97,4.19,Denver Broncos / 2nd / 40th pick / 2000
Dwayne Goodrich,CB,Tennessee,,5-11,195,4.45,,,,,,Dallas Cowboys / 2nd / 49th pick / 2000
Deon Grant,S,Tennessee,College Stats,6-2,209,4.50,,15,,,,Carolina Panthers / 2nd / 57th pick / 2000
Ernest Grant,DT,Ark-Pine Bluff,,6-5,316,5.31,29.5,24,98,8.00,5.03,Miami Dolphins / 6th / 167th pick / 2000
Barrett Green,OLB,West Virginia,College Stats,6-0,233,4.56,36.0,22,120,,,Detroit Lions / 2nd / 50th pick / 2000
Mike Green,S,NW State (LA),,6-0,189,4.53,38.5,,118,,4.20,Tennessee Titans / 7th / 213th pick / 2000
Mike Green,FB,Houston,College Stats,6-0,253,4.78,28.5,25,108,7.08,4.34,Tennessee Titans / 7th / 213th pick / 2000
Cornelius Griffin,DE,Alabama,,6-3,297,4.90,31.0,30,111,7.63,4.62,New York Giants / 2nd / 42nd pick / 2000
Clark Haggans,OLB,Colorado State,,6-3,253,4.97,31.5,20,109,7.12,4.21,Pittsburgh Steelers / 5th / 137th pick / 2000
Joe Hamilton,QB,Georgia Tech,College Stats,5-10,192,4.81,,,106,,,Tampa Bay Buccaneers / 7th / 234th pick / 2000
Thomas Hamner,RB,Minnesota,,6-0,197,4.50,32.0,17,125,6.97,4.07,Philadelphia Eagles / 6th / 171st pick / 2000
Antwan Harris,CB,Virginia,,5-9,186,4.34,39.0,16,121,6.75,4.01,New England Patriots / 6th / 187th pick / 2000
Jeff Harris,CB,Georgia,,6-0,190,4.53,34.5,,114,6.73,4.25,Miami Dolphins / 7th / 232nd pick / 2000
Lloyd Harrison,CB,North Carolina State,College Stats,5-10,190,4.50,37.5,16,119,7.12,4.25,Washington Redskins / 3rd / 64th pick / 2000
Windrell Hayes,WR,USC,College Stats,5-11,204,4.50,,,,7.33,4.18,New York Jets / 5th / 143rd pick / 2000
Chris Hovan,DT,Boston Col.,,6-2,305,4.99,30.0,35,101,6.85,4.16,Minnesota Vikings / 1st / 25th pick / 2000
Darren Howard,DE,Kansas State,,6-4,281,5.09,29.0,,108,7.00,4.32,New Orleans Saints / 2nd / 33rd pick / 2000
Ethan Howell,CB,Oklahoma State,,5-11,186,4.56,,16,,6.98,4.13,Washington Redskins / 7th / 250th pick / 2000
Todd Husak,QB,Stanford,College Stats,6-3,216,5.20,27.5,,99,7.17,4.41,Washington Redskins / 6th / 202nd pick / 2000
Junior Ioane,DT,Arizona State,,6-3,324,5.12,,,,,,Oakland Raiders / 4th / 107th pick / 2000
Jabari Issa,DT,Washington,,6-5,296,5.05,31.5,19,105,7.69,4.72,Arizona Cardinals / 6th / 176th pick / 2000
Darrell Jackson,WR,Florida,,6-0,197,4.56,,,,,,Seattle Seahawks / 3rd / 80th pick / 2000
Jarious Jackson,QB,Notre Dame,College Stats,6-0,226,4.68,,,109,,,Denver Broncos / 7th / 214th pick / 2000
Jeno James,OG,Auburn,,6-3,320,5.62,25.5,24,94,8.51,5.22,Carolina Panthers / 6th / 182nd pick / 2000
Sebastian Janikowski,K,Florida State,College Stats,6-1,260,,,,,,,Oakland Raiders / 1st / 17th pick / 2000
Matt Johnson,OG,BYU,,6-4,345,5.56,28.0,35,99,8.07,4.99,Indianapolis Colts / 5th / 138th pick / 2000
Eric Johnson,S,Yale,,6-0,215,4.60,38.0,12,121,6.96,4.17,San Francisco 49ers / 7th / 224th pick / 2001
Jerry Johnson,DT,Florida State,,6-0,293,5.03,28.5,26,102,,,Denver Broncos / 4th / 101st pick / 2000
Dhani Jones,OLB,Michigan,,6-1,240,4.68,,29,,,,New York Giants / 6th / 177th pick / 2000
Thomas Jones,RB,Virginia,College Stats,5-10,216,4.45,,,,,,Arizona Cardinals / 1st / 7th pick / 2000
Leander Jordan,OG,Indiana (PA),,6-4,330,5.46,31.0,25,104,7.91,4.76,Carolina Panthers / 3rd / 82nd pick / 2000
Curtis Keaton,RB,West Virginia,College Stats,5-10,214,4.41,41.5,23,131,6.82,3.93,Cincinnati Bengals / 4th / 97th pick / 2000
Ben Kelly,CB,Colorado,College Stats,5-9,183,4.53,36.0,17,116,6.63,3.95,Miami Dolphins / 3rd / 84th pick / 2000
Kenoy Kennedy,S,Arkansas,College Stats,6-1,221,4.71,33.5,8,113,7.08,4.38,Denver Broncos / 2nd / 45th pick / 2000
Erron Kinney,TE,Florida,College Stats,6-6,272,4.90,,,,,,Tennessee Titans / 3rd / 68th pick / 2000
Adrian Klemm,OT,Hawaii,,6-4,307,4.98,,24,,,,New England Patriots / 2nd / 46th pick / 2000
Andrew Kline,OG,San Diego State,,6-2,305,5.43,28.0,26,103,7.54,4.60,St. Louis Rams / 7th / 220th pick / 2000
Kareem Larrimore,CB,West Texas A&M,,5-11,190,4.42,34.0,,125,,,Dallas Cowboys / 4th / 109th pick / 2000
Leif Larsen,DT,Texas-El Paso,,6-4,300,5.08,30.0,45,110,7.46,4.37,Buffalo Bills / 6th / 194th pick / 2000
Shane Lechler,P,Texas A&M,College Stats,6-2,234,,,,,,,Oakland Raiders / 5th / 142nd pick / 2000
Charles Lee,WR,Central Florida,College Stats,6-1,202,4.56,35.5,,125,7.30,4.25,Green Bay Packers / 7th / 242nd pick / 2000
Jamal Lewis,RB,Tennessee,College Stats,6-0,240,4.58,,23,,,,Baltimore Ravens / 1st / 5th pick / 2000
Anthony Lucas,WR,Arkansas,,6-3,194,4.53,35.0,,121,,,Green Bay Packers / 4th / 114th pick / 2000
Dustin Lyman,ILB,Wake Forest,,6-4,259,4.70,35.0,22,118,6.86,4.06,Chicago Bears / 3rd / 87th pick / 2000
David Macklin,CB,Penn State,,5-9,194,4.54,37.5,,120,6.90,4.09,Indianapolis Colts / 3rd / 91st pick / 2000
Anthony Malbrough,CB,Texas Tech,College Stats,5-9,184,4.44,35.5,20,117,6.73,4.00,Cleveland Browns / 5th / 130th pick / 2000
Tee Martin,QB,Tennessee,College Stats,6-2,227,4.58,34.5,,113,,,Pittsburgh Steelers / 5th / 163rd pick / 2000
Stockar McDougle,OT,Oklahoma,College Stats,6-5,361,5.50,,24,,,,Detroit Lions / 1st / 20th pick / 2000
Chris McIntosh,OT,Wisconsin,College Stats,6-6,315,5.39,,28,,,,Seattle Seahawks / 1st / 22nd pick / 2000
Damion McIntosh,OT,Kansas State,,6-4,328,5.31,26.0,23,97,7.72,4.71,San Diego Chargers / 3rd / 83rd pick / 2000
Alvin McKinley,DT,Mississippi State,,6-4,289,5.09,27.5,22,102,7.73,4.61,Carolina Panthers / 4th / 120th pick / 2000
Rondell Mealey,RB,LSU,College Stats,6-0,212,4.69,33.0,,120,6.89,4.15,Green Bay Packers / 7th / 252nd pick / 2000
Brad Meester,C,New Mexico,,6-3,298,5.12,34.0,25,110,7.46,4.43,Jacksonville Jaguars / 2nd / 60th pick / 2000
Rob Meier,DE,Washington State,,6-5,284,4.99,30.5,27,113,7.49,4.52,Jacksonville Jaguars / 7th / 241st pick / 2000
Richard Mercier,OG,Miami (FL),,6-3,295,5.39,26.0,18,97,7.84,4.78,Baltimore Ravens / 5th / 148th pick / 2000
Muneer Moore,WR,Richmond,,6-1,201,4.52,37.5,,129,6.91,4.09,Denver Broncos / 5th / 154th pick / 2000
Corey Moore,OLB,Virginia Tech,College Stats,5-11,223,4.60,,21,,,,Buffalo Bills / 3rd / 89th pick / 2000
Frank Moreau,RB,Louisville,College Stats,6-1,231,4.57,36.0,23,117,,,Kansas City Chiefs / 4th / 115th pick / 2000
Aric Morris,S,Michigan State,College Stats,5-9,211,4.56,,24,,,,Tennessee Titans / 5th / 135th pick / 2000
Rob Morris,ILB,BYU,College Stats,6-2,250,4.77,33.0,18,113,6.93,4.17,Indianapolis Colts / 1st / 28th pick / 2000
Sammy Morris,FB,Texas Tech,College Stats,6-0,221,4.65,37.5,23,117,7.05,4.21,Buffalo Bills / 5th / 156th pick / 2000
Sylvester Morris,WR,Jackson State,,6-3,216,4.60,34.5,,119,7.06,4.17,Kansas City Chiefs / 1st / 21st pick / 2000
Chad Morton,RB,USC,College Stats,5-8,182,4.50,36.0,18,121,,,New Orleans Saints / 5th / 166th pick / 2000
Bobby Myers,S,Wisconsin,,6-1,183,4.56,37.5,,123,7.04,4.10,Tennessee Titans / 4th / 124th pick / 2000
Kaulana Noa,OT,Hawaii,,6-4,317,5.34,25.5,27,98,7.82,4.74,St. Louis Rams / 4th / 104th pick / 2000
Dennis Northcutt,WR,Arizona,College Stats,5-10,175,4.43,37.5,,123,6.96,4.04,Cleveland Browns / 2nd / 32nd pick / 2000
Deltha O'Neal,CB,California,College Stats,5-11,193,4.60,,,,,,Denver Broncos / 1st / 15th pick / 2000
Erik Olson,S,Colorado State,,6-1,208,4.63,35.0,17,115,6.81,4.21,Jacksonville Jaguars / 7th / 236th pick / 2000
Chad Pennington,QB,Marshall,College Stats,6-3,229,4.81,33.5,,111,7.12,4.16,New York Jets / 1st / 18th pick / 2000
Julian Peterson,OLB,Michigan State,,6-5,231,4.68,,,,,,San Francisco 49ers / 1st / 16th pick / 2000
Mareno Philyaw,WR,Troy,,6-2,205,4.66,39.5,,129,6.93,4.13,Atlanta Falcons / 6th / 172nd pick / 2000
Todd Pinkston,WR,Southern Miss,College Stats,6-2,169,4.45,,,,,,Philadelphia Eagles / 2nd / 36th pick / 2000
Ahmed Plummer,CB,Ohio State,,5-11,191,4.43,,,,,,San Francisco 49ers / 1st / 24th pick / 2000
DaShon Polk,OLB,Arizona,,6-2,233,4.75,32.0,18,111,7.43,4.45,Buffalo Bills / 7th / 251st pick / 2000
Jerry Porter,WR,West Virginia,College Stats,6-2,221,4.48,,,,,,Oakland Raiders / 2nd / 47th pick / 2000
Hank Poteat,CB,Pittsburgh,College Stats,5-10,197,4.57,37.0,16,126,6.66,4.00,Pittsburgh Steelers / 3rd / 77th pick / 2000
Travis Prentice,RB,Miami (OH),College Stats,6-0,225,4.50,37.0,23,115,6.92,4.40,Cleveland Browns / 3rd / 63rd pick / 2000
Greg Randall,OT,Michigan State,,6-6,333,5.59,26.0,22,95,8.15,5.13,New England Patriots / 4th / 127th pick / 2000
Tim Rattay,QB,Louisiana Tech,College Stats,6-0,215,4.91,25.5,,100,7.34,4.21,San Francisco 49ers / 7th / 212th pick / 2000
Chris Redman,QB,Louisville,College Stats,6-3,222,5.37,26.5,,98,7.80,4.78,Baltimore Ravens / 3rd / 75th pick / 2000
J.R. Redmond,RB,Arizona State,College Stats,5-11,216,4.48,32.5,,121,,,New England Patriots / 3rd / 76th pick / 2000
Quinton Reese,DE,Auburn,,6-4,283,5.13,30.0,18,101,7.91,4.68,Detroit Lions / 6th / 181st pick / 2000
Tutan Reyes,OT,Mississippi,,6-3,299,5.37,26.5,20,99,7.49,4.88,New Orleans Saints / 5th / 131st pick / 2000
Fred Robbins,DT,Wake Forest,,6-4,312,5.09,29.5,25,94,7.72,4.72,Minnesota Vikings / 2nd / 55th pick / 2000
Mark Roman,CB,LSU,,5-11,188,4.55,,,,,,Cincinnati Bengals / 2nd / 34th pick / 2000
Chris Samuels,OT,Alabama,College Stats,6-5,325,5.08,,,,,,Washington Redskins / 1st / 3rd pick / 2000
Lewis Sanders,CB,Maryland,,6-0,202,4.50,37.0,10,116,,,Cleveland Browns / 4th / 95th pick / 2000
Sekou Sanyika,OLB,California,,6-3,241,4.75,32.5,,111,7.33,4.38,Arizona Cardinals / 7th / 215th pick / 2000
Manuia Savea,OG,Arizona,,6-2,308,5.34,25.0,24,92,,,Cleveland Browns / 7th / 207th pick / 2000
Gari Scott,WR,Michigan State,College Stats,6-0,194,4.59,33.5,,119,,,Philadelphia Eagles / 4th / 99th pick / 2000
Tony Scott,CB,North Carolina State,,5-10,193,4.50,34.0,11,116,7.45,4.24,New York Jets / 6th / 179th pick / 2000
Richard Seals,DT,Utah,,6-2,316,5.13,28.5,24,102,7.78,4.60,New York Jets / 7th / 218th pick / 2000
Aaron Shea,FB,Michigan,College Stats,6-4,253,4.81,37.5,,114,6.72,4.30,Cleveland Browns / 4th / 110th pick / 2000
Jacoby Shepherd,CB,Oklahoma State,,6-1,195,4.53,35.0,5,120,,,St. Louis Rams / 2nd / 62nd pick / 2000
Wes Shivers,OT,Mississippi State,,6-5,318,5.65,22.5,18,98,8.48,4.81,Tennessee Titans / 7th / 237th pick / 2000
Brandon Short,ILB,Penn State,College Stats,6-3,252,4.72,,,,,,New York Giants / 4th / 105th pick / 2000
Corey Simon,DT,Florida State,College Stats,6-2,297,4.83,,,,,,Philadelphia Eagles / 1st / 6th pick / 2000
Mark Simoneau,OLB,Kansas State,College Stats,6-0,237,4.60,36.0,24,117,7.08,4.09,Atlanta Falcons / 3rd / 67th pick / 2000
Peter Sirmon,ILB,Oregon,,6-2,246,4.84,34.5,20,115,7.21,4.27,Tennessee Titans / 4th / 128th pick / 2000
T.J. Slaughter,ILB,Southern Miss,,6-0,247,4.87,30.0,24,112,7.08,4.26,Jacksonville Jaguars / 3rd / 92nd pick / 2000
Marvel Smith,OT,Arizona State,,6-5,320,5.37,27.5,24,100,7.87,4.83,Pittsburgh Steelers / 2nd / 38th pick / 2000
Paul Smith,FB,Texas-El Paso,,5-11,220,4.65,,25,,,,San Francisco 49ers / 5th / 132nd pick / 2000
Robaire Smith,DE,Michigan State,,6-4,275,4.88,,,,,,Tennessee Titans / 6th / 197th pick / 2000
Terrelle Smith,FB,Arizona State,College Stats,6-0,249,5.00,32.5,19,109,8.38,4.85,New Orleans Saints / 4th / 96th pick / 2000
R. Jay Soward,WR,USC,College Stats,5-9,177,4.34,35.0,,124,,,Jacksonville Jaguars / 1st / 29th pick / 2000
Dave Stachelski,TE,Boise State,College Stats,6-3,250,4.78,38.0,24,115,6.84,4.14,New England Patriots / 5th / 141st pick / 2000
Shyrone Stith,RB,Virginia Tech,College Stats,5-7,204,4.60,35.0,13,111,7.14,4.14,Jacksonville Jaguars / 7th / 243rd pick / 2000
Jay Tant,TE,Northwestern,College Stats,6-3,255,4.75,,31,,,,Arizona Cardinals / 5th / 164th pick / 2000
Mark Tauscher,OG,Wisconsin,,6-3,318,5.37,27.0,22,90,7.91,4.84,Green Bay Packers / 7th / 224th pick / 2000
Shannon Taylor,OLB,Virginia,,6-3,249,4.65,34.5,,115,,,San Diego Chargers / 6th / 184th pick / 2000
Travis Taylor,WR,Florida,College Stats,6-1,199,4.43,37.0,,118,7.15,,Baltimore Ravens / 1st / 10th pick / 2000
Adalius Thomas,DE,Southern Miss,College Stats,6-2,270,4.56,38.5,,120,,4.42,Baltimore Ravens / 6th / 186th pick / 2000
Jason Thomas,OG,South Carolina,,6-3,300,5.22,29.5,23,100,7.99,,San Diego Chargers / 7th / 222nd pick / 2000
Michael Thompson,OT,Tennessee State,,6-4,305,5.28,26.0,16,104,7.99,4.73,Atlanta Falcons / 4th / 100th pick / 2000
Raynoch Thompson,OLB,Tennessee,,6-3,220,4.65,,,,,,Arizona Cardinals / 2nd / 41st pick / 2000
Travares Tillman,S,Georgia Tech,,6-1,194,4.60,37.5,15,123,6.95,4.29,Buffalo Bills / 2nd / 58th pick / 2000
Mao Tosi,DT,Idaho,,6-5,310,5.26,28.5,19,99,7.72,4.60,Arizona Cardinals / 5th / 136th pick / 2000
Jeff Ulbrich,ILB,Hawaii,,6-0,249,4.65,32.0,24,109,7.23,4.30,San Francisco 49ers / 3rd / 86th pick / 2000
Brian Urlacher,OLB,New Mexico,College Stats,6-4,258,4.59,34.0,27,122,6.94,4.18,Chicago Bears / 1st / 9th pick / 2000
Darrick Vaughn,CB,Texas State,,5-11,196,4.53,36.5,14,121,7.09,4.16,Atlanta Falcons / 7th / 211th pick / 2000
Todd Wade,OT,Mississippi,,6-8,326,5.22,27.5,29,101,7.68,4.68,Miami Dolphins / 2nd / 53rd pick / 2000
Darwin Walker,DT,Tennessee,,6-2,293,4.82,,,,,,Arizona Cardinals / 3rd / 71st pick / 2000
Troy Walters,WR,Stanford,College Stats,5-6,171,4.55,32.5,,106,6.61,3.84,Minnesota Vikings / 5th / 165th pick / 2000
Steve Warren,DT,Nebraska,,6-1,307,5.10,30.5,29,105,7.97,4.56,Green Bay Packers / 3rd / 74th pick / 2000
Peter Warrick,WR,Florida State,College Stats,5-11,194,4.58,,,,,,Cincinnati Bengals / 1st / 4th pick / 2000
Jason Webster,CB,Texas A&M,,5-9,180,4.42,35.5,17,122,6.76,3.98,San Francisco 49ers / 2nd / 48th pick / 2000
James Whalen,TE,Kentucky,College Stats,6-2,228,4.78,31.0,,110,7.42,4.22,Tampa Bay Buccaneers / 5th / 157th pick / 2000
Austin Wheatley,TE,Iowa,College Stats,6-4,254,4.66,32.5,,121,6.97,4.18,New Orleans Saints / 5th / 158th pick / 2000
Damen Wheeler,CB,Colorado,,5-9,179,4.51,35.0,11,115,7.21,4.27,San Diego Chargers / 6th / 203rd pick / 2000
Dez White,WR,Georgia Tech,College Stats,6-1,218,4.62,37.5,,124,6.91,4.09,Chicago Bears / 3rd / 69th pick / 2000
Michael Wiley,RB,Ohio State,College Stats,5-11,193,4.50,,,,,,Dallas Cowboys / 5th / 144th pick / 2000
Bobbie Williams,OT,Arkansas,,6-4,332,5.26,29.0,28,97,7.78,4.72,Philadelphia Eagles / 2nd / 61st pick / 2000
James Williams,WR,Marshall,College Stats,5-11,180,4.59,36.0,,123,7.22,4.16,Seattle Seahawks / 6th / 175th pick / 2000
Jack Williams,S,Azusa Pacific,,5-10,206,4.72,31.5,15,108,7.15,4.65,Denver Broncos / 4th / 119th pick / 2008
Josh Williams,DT,Michigan,,6-3,282,4.90,30.5,,111,7.22,4.25,Indianapolis Colts / 4th / 122nd pick / 2000
Antonio Wilson,OLB,Texas A&M-Commerce,,6-2,245,4.56,,11,,,,Minnesota Vikings / 4th / 106th pick / 2000
Cedric Woodard,DT,Texas,,6-2,290,5.21,30.5,23,109,,,Baltimore Ravens / 6th / 191st pick / 2000
Spergon Wynn,QB,Texas State,College Stats,6-3,229,4.91,34.0,,108,7.71,4.59,Cleveland Browns / 6th / 183rd pick / 2000
Brian Young,DE,Texas-El Paso,College Stats,6-2,278,4.94,29.5,27,106,7.20,4.47,St. Louis Rams / 5th / 139th pick / 2000
