Player,Position,School,College,Height,Weight,40 Time,Vertical Jump,Bench,Broad Jump,3 Cone,Shuttle,Drafted
Keith Adams,OLB,Clemson,College Stats,5-11,219,4.82,,24,104,,,Tennessee Titans / 7th / 232nd pick / 2001
Hakim Akbar,S,Washington,College Stats,6-0,210,4.55,,,,,,New England Patriots / 5th / 163rd pick / 2001
Brian Allen,OLB,Florida State,College Stats,6-0,238,4.65,,25,,,,St. Louis Rams / 3rd / 83rd pick / 2001
Will Allen,CB,Syracuse,College Stats,5-10,192,4.44,39.5,14,121,6.78,3.90,New York Giants / 1st / 22nd pick / 2001
Scotty Anderson,WR,Grambling State,,6-2,184,4.57,34.5,,115,,,Detroit Lions / 5th / 148th pick / 2001
Adam Archuleta,S,Arizona State,College Stats,6-0,211,4.46,,31,,,,St. Louis Rams / 1st / 20th pick / 2001
Billy Baber,TE,Virginia,College Stats,6-4,255,4.76,33.0,22,106,7.12,4.19,Kansas City Chiefs / 5th / 141st pick / 2001
Jeff Backus,OT,Michigan,,6-5,310,5.37,27.0,25,99,8.27,4.67,Detroit Lions / 1st / 18th pick / 2001
Rodney Bailey,DE,Ohio State,,6-3,283,5.10,,,,,,Pittsburgh Steelers / 6th / 181st pick / 2001
Alex Bannister,WR,East. Kentucky,,6-5,201,4.47,30.5,,110,,,Seattle Seahawks / 5th / 140th pick / 2001
Kevan Barlow,RB,Pittsburgh,College Stats,6-1,235,4.56,,,,,,San Francisco 49ers / 3rd / 80th pick / 2001
Idrees Bashir,S,Memphis,College Stats,6-2,206,4.56,40.0,22,126,7.14,4.20,Indianapolis Colts / 2nd / 37th pick / 2001
Gary Baxter,CB,Baylor,,6-2,204,4.53,37.5,,122,7.39,4.21,Baltimore Ravens / 2nd / 62nd pick / 2001
Monty Beisel,DE,Kansas State,College Stats,6-4,270,4.83,34.5,25,110,7.32,4.28,Kansas City Chiefs / 4th / 107th pick / 2001
Kendrell Bell,ILB,Georgia,College Stats,6-1,234,4.64,38.5,24,124,7.25,4.50,Pittsburgh Steelers / 2nd / 39th pick / 2001
Marcus Bell,DT,Memphis,College Stats,6-1,319,5.32,,17,98,8.07,4.71,Arizona Cardinals / 4th / 123rd pick / 2001
Michael Bennett,RB,Wisconsin,College Stats,5-9,207,4.38,39.5,13,130,,,Minnesota Vikings / 1st / 27th pick / 2001
Eddie Berlin,WR,New Mexico,,5-11,191,4.43,39.5,,122,6.78,4.08,Tennessee Titans / 5th / 159th pick / 2001
Cory Bird,S,Virginia Tech,College Stats,5-10,217,4.60,,22,,,,Indianapolis Colts / 3rd / 91st pick / 2001
Harold Blackmon,CB,Northwestern,College Stats,5-11,210,4.54,37.0,17,121,7.03,4.28,Seattle Seahawks / 7th / 210th pick / 2001
Willie Blade,DT,Mississippi State,,6-3,316,4.93,,,,,,Dallas Cowboys / 3rd / 93rd pick / 2001
Derrick Blaylock,RB,Stephen F. Austin,,5-10,194,4.36,35.5,18,119,7.05,4.09,Kansas City Chiefs / 5th / 150th pick / 2001
Josh Booty,QB,LSU,College Stats,6-2,221,4.90,29.5,,105,7.54,4.48,Seattle Seahawks / 6th / 172nd pick / 2001
Kyle Vanden Bosch,DE,Nebraska,,6-4,270,4.75,36.5,26,119,6.82,4.08,Arizona Cardinals / 2nd / 34th pick / 2001
James Boyd,S,Penn State,College Stats,5-11,207,4.59,32.5,,117,7.29,4.24,Jacksonville Jaguars / 3rd / 94th pick / 2001
Drew Brees,QB,Purdue,College Stats,6-0,213,4.83,32.0,,105,7.09,4.21,San Diego Chargers / 2nd / 32nd pick / 2001
Sean Brewer,TE,San Jose State,College Stats,6-4,255,4.73,36.0,14,117,7.37,4.18,Cincinnati Bengals / 3rd / 66th pick / 2001
Chris Brown,OT,Georgia Tech,College Stats,6-5,329,5.33,,30,,,,Tennessee Titans / 3rd / 93rd pick / 2003
Correll Buckhalter,RB,Nebraska,College Stats,6-0,226,4.53,40.0,11,123,7.08,4.06,Philadelphia Eagles / 4th / 121st pick / 2001
Derrick Burgess,DE,Mississippi,College Stats,6-2,264,4.92,40.0,24,125,7.85,,Philadelphia Eagles / 3rd / 63rd pick / 2001
Jerametrius Butler,CB,Kansas State,College Stats,5-10,173,4.57,36.0,11,121,7.22,4.40,St. Louis Rams / 5th / 145th pick / 2001
John Capel,WR,Florida,,5-11,177,4.39,36.5,,126,,,Chicago Bears / 7th / 208th pick / 2001
Robert Carswell,S,Clemson,College Stats,6-0,214,4.59,34.0,21,106,7.14,4.18,San Diego Chargers / 7th / 244th pick / 2001
Andre Carter,DE,California,College Stats,6-4,249,4.84,38.5,20,132,,4.24,San Francisco 49ers / 1st / 7th pick / 2001
Quincy Carter,QB,Georgia,College Stats,6-2,225,4.58,35.5,,113,7.12,4.12,Dallas Cowboys / 2nd / 53rd pick / 2001
Quinton Caver,ILB,Arkansas,College Stats,6-4,227,4.67,37.5,23,118,7.66,4.25,Philadelphia Eagles / 2nd / 55th pick / 2001
Chris Chambers,WR,Wisconsin,College Stats,6-0,210,4.33,45.0,,134,,4.00,Miami Dolphins / 2nd / 52nd pick / 2001
Patrick Chukwurah,OLB,Wyoming,College Stats,6-2,238,4.77,40.0,24,119,7.34,4.21,Minnesota Vikings / 5th / 157th pick / 2001
Nate Clements,CB,Ohio State,College Stats,5-11,209,4.38,,,,,,Buffalo Bills / 1st / 21st pick / 2001
Tay Cody,CB,Florida State,College Stats,5-9,181,4.55,,11,,,,San Diego Chargers / 3rd / 67th pick / 2001
Derek Combs,RB,Ohio State,College Stats,6-0,193,4.42,35.0,8,120,6.96,4.07,Oakland Raiders / 7th / 228th pick / 2001
Jameel Cook,FB,Illinois,College Stats,5-10,226,4.80,29.5,17,108,7.55,4.38,Tampa Bay Buccaneers / 6th / 174th pick / 2001
Chris Cooper,DE,Nebraska-Omaha,,6-5,272,4.95,35.5,24,114,7.12,4.21,Oakland Raiders / 6th / 184th pick / 2001
Jarrod Cooper,S,Kansas State,,6-0,222,4.45,41.5,,130,6.87,3.90,Carolina Panthers / 5th / 143rd pick / 2001
Rick Crowell,OLB,Colorado State,College Stats,6-3,242,5.03,31.5,19,109,7.54,4.35,Miami Dolphins / 6th / 188th pick / 2001
Alge Crumpler,TE,North Carolina,College Stats,6-2,266,4.76,34.0,22,112,7.38,4.43,Atlanta Falcons / 2nd / 35th pick / 2001
Leonard Davis,OT,Texas,College Stats,6-6,370,5.32,28.0,33,97,8.72,5.18,Arizona Cardinals / 1st / 2nd pick / 2001
Ennis Davis,DT,USC,,6-4,302,5.10,27.5,23,99,7.98,4.87,New Orleans Saints / 7th / 221st pick / 2001
Rick DeMulling,OG,Idaho,,6-4,307,5.24,31.5,32,108,7.62,4.60,Indianapolis Colts / 7th / 220th pick / 2001
Anthony Denman,ILB,Notre Dame,,6-1,239,4.76,,,,,,Jacksonville Jaguars / 7th / 213th pick / 2001
Ryan Diem,OT,Northern Illinois,,6-7,338,5.13,34.0,,102,7.50,4.46,Indianapolis Colts / 4th / 118th pick / 2001
Tony Dixon,S,Alabama,College Stats,6-1,213,4.63,37.0,17,117,7.38,,Dallas Cowboys / 2nd / 56th pick / 2001
Jason Doering,S,Wisconsin,College Stats,5-11,202,4.73,,,,7.07,4.12,Indianapolis Colts / 6th / 193rd pick / 2001
Char-Ron Dorsey,OT,Florida State,,6-6,348,5.99,,16,,,,Dallas Cowboys / 7th / 242nd pick / 2001
Eric Downing,DT,Syracuse,,6-3,302,5.23,,27,,,,Kansas City Chiefs / 3rd / 75th pick / 2001
Shawn Draper,OG,Alabama,College Stats,6-3,303,5.30,32.0,17,106,8.10,4.77,Miami Dolphins / 5th / 156th pick / 2001
Andre Dyson,CB,Utah,College Stats,5-10,179,4.40,,,119,,,Tennessee Titans / 2nd / 60th pick / 2001
Ron Edwards,DT,Texas A&M,,6-3,293,4.86,,,,,,Buffalo Bills / 3rd / 76th pick / 2001
Heath Evans,FB,Auburn,College Stats,6-0,246,4.56,34.5,30,111,7.30,4.24,Seattle Seahawks / 3rd / 82nd pick / 2001
Mario Fatafehi,DT,Kansas State,,6-2,295,5.29,,,,,,Arizona Cardinals / 5th / 133rd pick / 2001
Robert Ferguson,WR,Texas A&M,College Stats,6-1,205,4.48,36.5,,120,7.24,4.07,Green Bay Packers / 2nd / 41st pick / 2001
Bill Ferrario,OG,Wisconsin,,6-2,314,5.30,,17,,,,Green Bay Packers / 4th / 105th pick / 2001
Dauntae' Finger,TE,North Carolina,College Stats,6-4,262,5.09,33.5,15,103,7.95,4.59,Tampa Bay Buccaneers / 7th / 205th pick / 2001
Jamar Fletcher,CB,Wisconsin,College Stats,5-9,180,4.48,,,,,,Miami Dolphins / 1st / 26th pick / 2001
Kynan Forney,OG,Hawaii,,6-2,312,5.28,27.0,23,97,8.56,4.70,Atlanta Falcons / 7th / 219th pick / 2001
Curtis Fuller,S,TCU,College Stats,5-10,186,4.45,36.0,18,114,7.20,4.21,Seattle Seahawks / 4th / 127th pick / 2001
Mike Gandy,OG,Notre Dame,,6-4,305,5.20,30.5,,103,8.03,4.71,Chicago Bears / 3rd / 68th pick / 2001
Rod Gardner,WR,Clemson,College Stats,6-2,219,4.48,,,,,,Washington Redskins / 1st / 15th pick / 2001
Randy Garner,DE,Arkansas,,6-4,277,4.77,,,,,,Atlanta Falcons / 6th / 167th pick / 2001
Roberto Garza,C,Texas A&M-Kingsville,,6-2,303,5.00,32.5,37,114,7.71,4.53,Atlanta Falcons / 4th / 99th pick / 2001
Reggie Germany,WR,Ohio State,College Stats,6-1,183,4.39,,,,,,Buffalo Bills / 7th / 214th pick / 2001
Derrick Gibson,S,Florida State,College Stats,6-2,218,4.45,,17,,,,Oakland Raiders / 1st / 28th pick / 2001
Jason Glenn,OLB,Texas A&M,College Stats,6-1,236,4.94,36.0,14,115,7.16,4.31,Detroit Lions / 6th / 173rd pick / 2001
DeLawrence Grant,DE,Oregon State,College Stats,6-3,280,4.77,,,,,,Oakland Raiders / 3rd / 89th pick / 2001
Morlon Greenwood,OLB,Syracuse,,6-0,237,4.69,33.5,21,112,7.62,4.08,Miami Dolphins / 3rd / 88th pick / 2001
Adam Haayer,OG,Minnesota,,6-6,298,5.30,,23,,,,Tennessee Titans / 6th / 199th pick / 2001
Corey Hall,S,Appalachian State,,6-3,198,4.50,36.5,14,127,,,Atlanta Falcons / 7th / 215th pick / 2001
Ben Hamilton,C,Minnesota,College Stats,6-5,303,5.26,33.5,17,106,7.62,4.62,Denver Broncos / 4th / 113th pick / 2001
Casey Hampton,DT,Texas,College Stats,6-1,314,5.25,,34,,,,Pittsburgh Steelers / 1st / 19th pick / 2001
Nick Harris,P,California,College Stats,6-2,221,,,,,,,Denver Broncos / 4th / 120th pick / 2001
Shaunard Harts,S,Boise State,College Stats,6-0,200,4.56,34.5,12,119,7.14,,Kansas City Chiefs / 7th / 212th pick / 2001
Reggie Hayward,DE,Iowa State,,6-5,255,4.91,41.0,21,127,7.43,4.43,Denver Broncos / 3rd / 87th pick / 2001
Todd Heap,TE,Arizona State,College Stats,6-5,252,4.68,,,,,,Baltimore Ravens / 1st / 31st pick / 2001
Jamie Henderson,CB,Georgia,College Stats,6-1,202,4.48,40.5,10,125,6.90,4.12,New York Jets / 4th / 101st pick / 2001
Anthony Henry,CB,South Florida,College Stats,6-1,198,4.60,41.0,15,126,6.90,4.20,Cleveland Browns / 4th / 97th pick / 2001
Travis Henry,RB,Tennessee,College Stats,5-9,223,4.61,,23,,,,Buffalo Bills / 2nd / 58th pick / 2001
Josh Heupel,QB,Oklahoma,College Stats,6-2,215,4.85,37.5,,114,7.18,4.15,Miami Dolphins / 6th / 177th pick / 2001
Renaldo Hill,CB,Michigan State,College Stats,5-11,178,4.68,35.5,10,116,7.07,4.18,Arizona Cardinals / 7th / 202nd pick / 2001
Russ Hochstein,OG,Nebraska,,6-3,300,5.40,26.5,16,95,7.85,4.69,Tampa Bay Buccaneers / 5th / 151st pick / 2001
Sedrick Hodge,OLB,North Carolina,,6-4,244,4.49,32.0,21,120,,4.09,New Orleans Saints / 3rd / 70th pick / 2001
Jabari Holloway,TE,Notre Dame,College Stats,6-2,253,4.91,38.5,20,113,7.14,4.40,New England Patriots / 4th / 119th pick / 2001
Menson Holloway,DE,Texas-El Paso,,6-2,284,4.90,34.5,19,111,7.54,4.43,San Francisco 49ers / 6th / 191st pick / 2001
Rashad Holman,CB,Louisville,College Stats,5-11,186,4.58,42.0,6,129,7.09,3.85,San Francisco 49ers / 6th / 179th pick / 2001
Willie Howard,DT,Stanford,College Stats,6-3,295,4.94,,23,,,,Minnesota Vikings / 2nd / 57th pick / 2001
John Howell,S,Colorado State,College Stats,6-0,204,4.64,37.0,14,121,6.87,4.12,Tampa Bay Buccaneers / 4th / 117th pick / 2001
Orlando Huff,OLB,Fresno State,College Stats,6-2,245,4.70,,16,,,,Seattle Seahawks / 4th / 104th pick / 2001
Steve Hutchinson,OG,Michigan,College Stats,6-5,315,5.15,33.5,31,106,,4.74,Seattle Seahawks / 1st / 17th pick / 2001
James Jackson,RB,Miami (FL),College Stats,5-10,210,4.55,,,,,,Cleveland Browns / 3rd / 65th pick / 2001
Cedric James,WR,TCU,College Stats,6-2,204,4.49,43.0,,134,,,Minnesota Vikings / 4th / 131st pick / 2001
Michael Jameson,S,Texas A&M,College Stats,5-11,186,4.50,34.5,9,118,7.13,4.20,Cleveland Browns / 6th / 165th pick / 2001
Kris Jenkins,DT,Maryland,,6-5,318,5.19,31.0,33,108,7.85,4.40,Carolina Panthers / 2nd / 44th pick / 2001
Jonas Jennings,OT,Georgia,,6-4,334,5.31,29.5,31,102,8.08,4.93,Buffalo Bills / 3rd / 95th pick / 2001
Chad Johnson,WR,Oregon State,College Stats,6-1,192,4.57,33.0,,108,7.51,4.14,Cincinnati Bengals / 2nd / 36th pick / 2001
Rudi Johnson,RB,Auburn,College Stats,5-10,227,4.57,37.5,24,119,7.32,4.22,Cincinnati Bengals / 4th / 100th pick / 2001
Kenyatta Jones,OT,South Florida,,6-3,308,5.01,,31,,,,New England Patriots / 4th / 96th pick / 2001
Lamont Jordan,RB,Maryland,College Stats,5-10,234,4.57,,24,,,,New York Jets / 2nd / 49th pick / 2001
Bhawoh Jue,CB,Penn State,College Stats,6-0,199,4.54,34.5,,113,7.21,4.27,Green Bay Packers / 3rd / 71st pick / 2001
Kevin Kasper,WR,Iowa,College Stats,6-0,199,4.42,43.5,,126,6.56,3.73,Denver Broncos / 6th / 190th pick / 2001
Eric Kelly,CB,Kentucky,College Stats,5-10,199,4.46,36.0,15,120,7.24,4.18,Minnesota Vikings / 3rd / 69th pick / 2001
Andre King,WR,Miami (FL),College Stats,6-0,199,4.61,,,,,,Cleveland Browns / 7th / 245th pick / 2001
Ross Kolodziej,DE,Wisconsin,College Stats,6-3,290,4.87,34.5,25,111,7.37,4.36,New York Giants / 7th / 230th pick / 2001
George Layne,FB,TCU,College Stats,5-11,242,4.59,32.0,,115,7.08,4.19,Kansas City Chiefs / 4th / 108th pick / 2001
David Leaverton,P,Tennessee,College Stats,6-3,211,,,,,,,Jacksonville Jaguars / 5th / 142nd pick / 2001
Matt Lehr,OG,Virginia Tech,,6-2,290,5.28,31.5,28,111,7.59,4.44,Dallas Cowboys / 5th / 137th pick / 2001
Damione Lewis,DT,Miami (FL),,6-3,293,4.90,,22,,,,St. Louis Rams / 1st / 12th pick / 2001
Victor Leyva,OG,Arizona State,College Stats,6-3,313,5.33,30.0,37,105,8.00,4.73,Cincinnati Bengals / 5th / 135th pick / 2001
Matt Light,OT,Purdue,College Stats,6-5,311,5.29,,26,,7.84,4.49,New England Patriots / 2nd / 48th pick / 2001
Alex Lincoln,ILB,Auburn,College Stats,6-0,251,4.77,35.0,22,111,,,San Francisco 49ers / 7th / 209th pick / 2001
Arther Love,TE,South Carolina State,,6-4,236,4.75,36.0,24,,,,New England Patriots / 6th / 180th pick / 2001
Ken Lucas,CB,Mississippi,College Stats,6-0,200,4.45,,,,,,Seattle Seahawks / 2nd / 40th pick / 2001
Brandon Manumaleuna,TE,Arizona,College Stats,6-2,275,4.99,30.0,,106,7.49,4.26,St. Louis Rams / 4th / 129th pick / 2001
Torrance Marshall,ILB,Oklahoma,College Stats,6-2,249,4.70,,,,,,Green Bay Packers / 3rd / 72nd pick / 2001
David Martin,WR,Tennessee,College Stats,6-4,242,4.76,,,,,,Green Bay Packers / 6th / 198th pick / 2001
Deuce McAllister,RB,Mississippi,College Stats,6-1,222,4.41,,,,,,New Orleans Saints / 1st / 23rd pick / 2001
Justin McCareins,WR,Northern Illinois,College Stats,6-2,209,4.51,41.0,,129,7.06,3.99,Tennessee Titans / 4th / 124th pick / 2001
Quentin McCord,WR,Kentucky,College Stats,5-10,191,4.48,36.5,,112,7.17,4.18,Atlanta Falcons / 7th / 236th pick / 2001
Marlon McCree,S,Kentucky,College Stats,5-11,197,4.62,38.0,10,117,7.36,4.10,Jacksonville Jaguars / 7th / 233rd pick / 2001
Kareem McKenzie,OT,Penn State,,6-6,328,5.33,33.0,20,104,7.87,4.80,New York Jets / 3rd / 79th pick / 2001
Mike McMahon,QB,Rutgers,College Stats,6-2,207,4.57,37.5,,124,7.12,4.12,Detroit Lions / 5th / 149th pick / 2001
Shad Meier,TE,Kansas State,College Stats,6-5,256,4.85,34.0,20,113,7.14,4.15,Tennessee Titans / 3rd / 90th pick / 2001
Willie Middlebrooks,CB,Minnesota,College Stats,6-2,200,4.50,,17,,,,Denver Broncos / 1st / 24th pick / 2001
Snoop Minnis,WR,Florida State,College Stats,6-1,171,4.57,37.5,,115,7.06,4.07,Kansas City Chiefs / 3rd / 77th pick / 2001
Travis Minor,RB,Florida State,College Stats,5-10,197,4.44,32.0,9,115,,,Miami Dolphins / 3rd / 85th pick / 2001
Dwayne Missouri,DE,Northwestern,College Stats,6-5,258,5.03,38.0,21,116,7.50,4.40,Baltimore Ravens / 7th / 231st pick / 2001
Freddie Mitchell,WR,UCLA,College Stats,5-11,185,4.46,39.5,,120,6.95,4.06,Philadelphia Eagles / 1st / 25th pick / 2001
Mario Monds,DT,Cincinnati,,6-3,342,5.04,28.5,,99,8.06,4.73,Washington Redskins / 6th / 186th pick / 2001
Zeke Moreno,ILB,USC,College Stats,6-2,248,4.76,,24,,7.10,4.31,San Diego Chargers / 5th / 139th pick / 2001
Dan Morgan,ILB,Miami (FL),College Stats,6-2,240,4.54,,,,,,Carolina Panthers / 1st / 11th pick / 2001
Quincy Morgan,WR,Kansas State,College Stats,6-1,211,4.48,,,,,,Cleveland Browns / 2nd / 33rd pick / 2001
Santana Moss,WR,Miami (FL),College Stats,5-10,184,4.31,,,,,,New York Jets / 1st / 16th pick / 2001
Leonard Myers,CB,Miami (FL),College Stats,5-10,190,4.65,37.0,13,120,7.21,4.16,New England Patriots / 6th / 200th pick / 2001
Bobby Newcombe,WR,Nebraska,College Stats,5-10,195,4.53,37.0,,117,6.86,3.98,Arizona Cardinals / 6th / 166th pick / 2001
Mathias Nkwenti,OG,Temple,,6-3,293,5.57,35.5,29,113,7.66,4.18,Pittsburgh Steelers / 4th / 111th pick / 2001
Dennis Norman,OG,Princeton,,6-4,305,5.16,35.0,25,107,8.08,4.72,Seattle Seahawks / 7th / 222nd pick / 2001
Moran Norris,FB,Kansas,College Stats,6-1,250,4.63,31.0,37,114,7.56,4.50,New Orleans Saints / 4th / 115th pick / 2001
Dan O'Leary,TE,Notre Dame,College Stats,6-4,252,5.02,32.0,16,113,7.40,4.31,Buffalo Bills / 6th / 195th pick / 2001
Chukky Okobi,C,Purdue,College Stats,6-1,316,5.27,32.5,24,103,7.87,4.61,Pittsburgh Steelers / 5th / 146th pick / 2001
Jesse Palmer,QB,Florida,College Stats,6-2,231,4.78,35.5,,112,7.13,4.29,New York Giants / 4th / 125th pick / 2001
Tupe Peko,C,Michigan State,,6-4,300,5.36,28.0,,92,8.10,4.56,New York Jets / 7th / 217th pick / 2001
Jeremiah Pharms,OLB,Washington,College Stats,6-0,257,4.91,32.5,,106,7.37,4.53,Cleveland Browns / 5th / 134th pick / 2001
Ryan Pickett,DT,Ohio State,,6-2,309,5.10,,,,,,St. Louis Rams / 1st / 29th pick / 2001
Owen Pochman,K,BYU,College Stats,5-11,179,,,,,,,New England Patriots / 7th / 216th pick / 2001
Carlos Polk,ILB,Nebraska,College Stats,6-2,251,4.76,,,,,,San Diego Chargers / 4th / 112th pick / 2001
Tommy Polley,OLB,Florida State,College Stats,6-4,234,4.55,,,,,,St. Louis Rams / 2nd / 42nd pick / 2001
Casey Rabach,C,Wisconsin,,6-4,298,5.23,,19,,,,Baltimore Ravens / 3rd / 92nd pick / 2001
Dominic Raiola,C,Nebraska,College Stats,6-2,307,5.13,33.0,29,108,7.55,4.35,Detroit Lions / 2nd / 50th pick / 2001
Ken-Yon Rambo,WR,Ohio State,College Stats,6-1,196,4.34,,,,,,Oakland Raiders / 7th / 229th pick / 2001
Jamal Reynolds,DE,Florida State,College Stats,6-3,267,4.72,,,,,,Green Bay Packers / 1st / 10th pick / 2001
Karon Riley,DE,Minnesota,College Stats,6-2,264,4.75,,,,,,Chicago Bears / 4th / 103rd pick / 2001
Mike Roberg,TE,Idaho,College Stats,6-4,256,4.75,34.5,16,117,7.28,4.40,Carolina Panthers / 7th / 227th pick / 2001
Bernard Robertson,OG,Tulane,,6-3,308,5.24,30.0,19,106,8.06,4.58,Chicago Bears / 5th / 138th pick / 2001
Koren Robinson,WR,North Carolina State,College Stats,6-1,211,4.61,,,,,,Seattle Seahawks / 1st / 9th pick / 2001
Shaun Rogers,DT,Texas,,6-4,320,5.28,,,,,,Detroit Lions / 2nd / 61st pick / 2001
Sage Rosenfels,QB,Iowa State,College Stats,6-4,228,4.74,34.0,,107,7.07,4.29,Washington Redskins / 4th / 109th pick / 2001
Aaron Schobel,DE,TCU,College Stats,6-4,263,4.75,38.0,,119,7.16,4.03,Buffalo Bills / 2nd / 46th pick / 2001
Carey Scott,CB,Kentucky State,,5-11,208,4.65,30.0,,113,7.52,4.18,Minnesota Vikings / 6th / 189th pick / 2001
Cedric Scott,DE,Southern Miss,College Stats,6-6,281,4.86,35.5,23,107,7.67,4.37,New York Giants / 4th / 114th pick / 2001
Richard Seymour,DT,Georgia,,6-6,299,4.95,,,,,,New England Patriots / 1st / 6th pick / 2001
Elliot Silvers,OT,Washington,,6-7,348,5.43,31.5,19,99,7.81,4.66,San Diego Chargers / 5th / 132nd pick / 2001
Dwight Smith,CB,Akron,College Stats,5-10,212,4.51,33.5,15,114,,,Tampa Bay Buccaneers / 3rd / 84th pick / 2001
Justin Smith,DE,Missouri,College Stats,6-4,267,4.64,34.0,26,117,,,Cincinnati Bengals / 1st / 4th pick / 2001
Kenny Smith,DT,Alabama,College Stats,6-3,299,5.24,30.0,,100,8.00,4.80,New Orleans Saints / 3rd / 81st pick / 2001
Steve Smith,WR,Utah,College Stats,5-9,184,4.41,38.5,,121,7.44,4.25,Carolina Panthers / 3rd / 74th pick / 2001
Fred Smoot,CB,Mississippi State,College Stats,5-11,172,4.48,,,,,,Washington Redskins / 2nd / 45th pick / 2001
Brandon Spoon,ILB,North Carolina,,6-2,245,4.75,35.5,33,110,7.30,4.15,Buffalo Bills / 4th / 110th pick / 2001
Markus Steele,OLB,USC,,6-3,232,4.62,33.0,,119,7.15,4.50,Dallas Cowboys / 4th / 122nd pick / 2001
Daleroy Stewart,DT,Southern Miss,,6-3,309,4.90,33.0,,110,7.75,4.72,Dallas Cowboys / 6th / 171st pick / 2001
Tony Stewart,TE,Penn State,College Stats,6-5,256,4.96,35.5,,109,7.30,4.40,Philadelphia Eagles / 5th / 147th pick / 2001
Michael Stone,CB,Memphis,College Stats,5-11,191,4.51,41.0,17,127,,,Arizona Cardinals / 2nd / 54th pick / 2001
Marcus Stroud,DT,Georgia,,6-6,321,5.13,30.0,21,110,8.07,4.72,Jacksonville Jaguars / 1st / 13th pick / 2001
Alex Sulfsted,OG,Miami (OH),,6-4,312,5.30,30.5,,96,,,Kansas City Chiefs / 6th / 176th pick / 2001
Marques Sullivan,OT,Illinois,,6-5,338,5.32,30.5,28,98,8.36,4.80,Buffalo Bills / 5th / 144th pick / 2001
Vinny Sutherland,WR,Purdue,College Stats,5-9,192,4.48,,,,,,Atlanta Falcons / 5th / 136th pick / 2001
Joe Tafoya,DE,Arizona,,6-4,269,4.91,33.0,28,111,7.65,4.40,Tampa Bay Buccaneers / 7th / 234th pick / 2001
Chris Taylor,WR,Texas A&M,College Stats,5-11,183,4.40,35.5,,115,6.81,3.93,Pittsburgh Steelers / 7th / 218th pick / 2001
David Terrell,WR,Michigan,College Stats,6-3,213,4.43,,,,,,Chicago Bears / 1st / 8th pick / 2001
Anthony Thomas,RB,Michigan,College Stats,6-2,229,4.58,32.5,20,115,7.48,4.44,Chicago Bears / 2nd / 38th pick / 2001
LaDainian Tomlinson,RB,TCU,College Stats,5-10,221,4.46,40.5,18,124,6.84,4.21,San Diego Chargers / 1st / 5th pick / 2001
Paul Toviessi,DE,Marshall,College Stats,6-6,260,4.78,33.5,,120,7.06,4.32,Denver Broncos / 2nd / 51st pick / 2001
Marques Tuiasosopo,QB,Washington,College Stats,6-1,223,4.71,35.5,,115,7.36,4.35,Oakland Raiders / 2nd / 59th pick / 2001
T.J. Turner,ILB,Michigan State,,6-3,273,4.80,,,,,,New England Patriots / 7th / 239th pick / 2001
Michael Vick,QB,Virginia Tech,College Stats,6-0,210,4.33,,,,,,Atlanta Falcons / 1st / 1st pick / 2001
Kenyatta Walker,OT,Florida,,6-5,311,5.17,31.5,24,109,7.70,4.60,Tampa Bay Buccaneers / 1st / 14th pick / 2001
Raymond Walls,CB,Southern Miss,College Stats,5-11,176,4.51,39.0,,124,,4.18,Indianapolis Colts / 5th / 152nd pick / 2001
Chad Ward,OG,Washington,,6-4,321,5.23,32.5,26,99,7.98,4.90,Jacksonville Jaguars / 6th / 170th pick / 2001
Gerard Warren,DT,Florida,,6-4,325,5.00,,,,,,Cleveland Browns / 1st / 3rd pick / 2001
Reggie Wayne,WR,Miami (FL),College Stats,6-0,198,4.45,,,,,,Indianapolis Colts / 1st / 30th pick / 2001
Chris Weinke,QB,Florida State,College Stats,6-4,226,5.20,,,,,,Carolina Panthers / 4th / 106th pick / 2001
Eric Westmoreland,OLB,Tennessee,College Stats,6-0,236,4.63,36.5,21,115,7.47,4.21,Jacksonville Jaguars / 3rd / 73rd pick / 2001
Brock Williams,CB,Notre Dame,College Stats,5-10,183,4.46,42.5,11,130,6.70,4.21,New England Patriots / 3rd / 86th pick / 2001
Jimmy Williams,CB,Vanderbilt,College Stats,5-10,188,4.58,36.0,,120,7.12,,Buffalo Bills / 6th / 196th pick / 2001
Louis Williams,OG,LSU,,6-4,299,5.48,28.5,25,103,7.86,4.67,Carolina Panthers / 7th / 211th pick / 2001
Maurice Williams,OT,Michigan,,6-5,304,5.20,,24,,,,Jacksonville Jaguars / 2nd / 43rd pick / 2001
Cedrick Wilson,WR,Tennessee,College Stats,5-10,179,4.48,38.0,,123,,,San Francisco 49ers / 6th / 169th pick / 2001
Jamie Winborn,ILB,Vanderbilt,,5-11,229,4.63,35.5,,111,,,San Francisco 49ers / 2nd / 47th pick / 2001
Brandon Winey,OT,LSU,,6-6,301,5.30,,,,,,Miami Dolphins / 6th / 164th pick / 2001
Shawn Worthen,DT,TCU,,6-1,310,5.18,30.0,23,103,7.50,4.61,Minnesota Vikings / 4th / 130th pick / 2001
Ellis Wyms,DE,Mississippi State,College Stats,6-3,285,4.97,28.0,,103,7.71,4.47,Tampa Bay Buccaneers / 6th / 183rd pick / 2001
Paul Zukauskas,OG,Boston Col.,College Stats,6-5,307,5.30,,22,,,,Cleveland Browns / 7th / 203rd pick / 2001
