Player,Position,School,College,Height,Weight,40 Time,Vertical Jump,Bench,Broad Jump,3 Cone,Shuttle,Drafted
Brian Allen,RB,Stanford,College Stats,5-9,209,4.46,33.0,19,112,6.90,4.08,Indianapolis Colts / 6th / 204th pick / 2002
James Allen,OLB,Oregon State,,6-3,240,4.62,38.0,24,126,7.59,4.21,New Orleans Saints / 3rd / 82nd pick / 2002
Matt Anderle,OT,Minnesota,,6-6,327,5.50,29.0,26,104,7.99,4.80,San Diego Chargers / 6th / 178th pick / 2002
Marques Anderson,S,UCLA,College Stats,5-11,213,4.50,39.5,18,127,,,Green Bay Packers / 3rd / 92nd pick / 2002
Mark Anelli,TE,Wisconsin,College Stats,6-4,262,4.80,,18,,,,San Francisco 49ers / 6th / 201st pick / 2002
Akin Ayodele,OLB,Purdue,College Stats,6-2,257,4.81,35.0,26,121,7.00,4.12,Jacksonville Jaguars / 3rd / 89th pick / 2002
Chris Baker,TE,Michigan State,College Stats,6-3,258,4.81,35.0,18,112,6.95,,New York Jets / 3rd / 88th pick / 2002
Clenton Ballard,DT,Texas State,,6-2,313,5.18,26.5,24,93,7.47,4.64,Jacksonville Jaguars / 6th / 180th pick / 2002
Mike Banks,TE,Iowa State,College Stats,6-4,260,4.84,31.5,,104,,,Arizona Cardinals / 7th / 223rd pick / 2002
Justin Bannan,DT,Colorado,College Stats,6-3,300,5.00,29.0,24,99,7.31,4.24,Buffalo Bills / 5th / 139th pick / 2002
Rashad Bauman,CB,Oregon,College Stats,5-8,186,4.44,39.0,10,118,,,Washington Redskins / 3rd / 79th pick / 2002
Jarrod Baxter,FB,New Mexico,College Stats,6-1,245,4.70,32.5,23,116,7.10,4.27,Houston Texans / 5th / 136th pick / 2002
Chad Beasley,DT,Virginia Tech,College Stats,6-5,303,5.15,31.5,27,104,7.75,4.60,Minnesota Vikings / 7th / 218th pick / 2002
Kevin Bentley,OLB,Northwestern,College Stats,6-0,243,4.68,39.0,23,120,6.71,3.83,Cleveland Browns / 4th / 101st pick / 2002
LeCharles Bentley,C,Ohio State,College Stats,6-2,299,5.19,25.5,,103,7.85,4.54,New Orleans Saints / 2nd / 44th pick / 2002
Rocky Bernard,DT,Texas A&M,,6-3,294,4.96,33.0,30,108,7.43,4.41,Seattle Seahawks / 5th / 146th pick / 2002
Ladell Betts,RB,Iowa,College Stats,5-10,220,4.62,38.0,23,116,7.06,4.06,Washington Redskins / 2nd / 56th pick / 2002
Martin Bibla,OG,Miami (FL),,6-3,306,5.08,,35,,,,Atlanta Falcons / 4th / 116th pick / 2002
Terreal Bierria,S,Georgia,College Stats,6-3,216,4.61,36.0,18,130,6.93,4.10,Seattle Seahawks / 4th / 120th pick / 2002
Rocky Boiman,OLB,Notre Dame,,6-4,242,4.60,35.0,17,122,6.86,4.05,Tennessee Titans / 4th / 133rd pick / 2002
Deion Branch,WR,Louisville,College Stats,5-9,191,4.47,36.0,,117,6.71,3.78,New England Patriots / 2nd / 65th pick / 2002
Sam Brandon,S,UNLV,College Stats,6-2,199,4.66,36.5,,127,,,Denver Broncos / 4th / 131st pick / 2002
Raheem Brock,DE,Temple,College Stats,6-4,257,4.93,34.0,25,115,7.09,4.23,Philadelphia Eagles / 7th / 238th pick / 2002
Alex Brown,DE,Florida,College Stats,6-3,260,4.74,,,,,,Chicago Bears / 4th / 104th pick / 2002
Sheldon Brown,CB,South Carolina,College Stats,5-10,196,4.47,36.5,15,120,7.00,4.24,Philadelphia Eagles / 2nd / 59th pick / 2002
Antonio Bryant,WR,Pittsburgh,College Stats,6-1,188,4.57,37.0,,121,,,Dallas Cowboys / 2nd / 63rd pick / 2002
Wendell Bryant,DT,Wisconsin,,6-4,308,4.91,,,,,,Arizona Cardinals / 1st / 12th pick / 2002
Phillip Buchanon,CB,Miami (FL),College Stats,5-10,186,4.31,,,,,,Oakland Raiders / 1st / 17th pick / 2002
Courtland Bullard,OLB,Ohio State,,6-3,234,4.69,36.5,,123,6.99,4.28,St. Louis Rams / 5th / 167th pick / 2002
Reche Caldwell,WR,Florida,College Stats,6-0,194,4.53,41.5,,130,7.00,4.10,San Diego Chargers / 2nd / 48th pick / 2002
Rocky Calmus,OLB,Oklahoma,College Stats,6-3,243,4.69,,16,,,,Tennessee Titans / 3rd / 77th pick / 2002
Pete Campion,OG,North Dakota State,,6-4,307,5.26,25.5,30,88,7.96,4.81,Carolina Panthers / 7th / 213th pick / 2002
David Carr,QB,Fresno State,College Stats,6-3,223,4.67,35.0,,108,7.05,4.28,Houston Texans / 1st / 1st pick / 2002
Tim Carter,WR,Auburn,College Stats,6-0,190,4.32,39.0,,126,6.68,3.93,New York Giants / 2nd / 46th pick / 2002
Rock Cartwright,RB,Kansas State,College Stats,5-8,237,4.47,35.0,30,116,7.18,4.25,Washington Redskins / 7th / 257th pick / 2002
Chris Cash,CB,USC,College Stats,5-10,177,4.50,,,,,,Detroit Lions / 6th / 175th pick / 2002
Jeff Chandler,K,Florida,College Stats,6-2,218,5.00,,,,,,San Francisco 49ers / 4th / 102nd pick / 2002
Terry Charles,WR,Portland State,,6-3,207,4.52,36.5,,122,7.02,4.09,San Diego Chargers / 5th / 142nd pick / 2002
Kenyon Coleman,DE,UCLA,,6-5,284,4.97,,32,,,,Oakland Raiders / 5th / 147th pick / 2002
Reggie Coleman,OT,Tennessee,,6-5,301,5.23,29.0,,103,7.84,4.88,Washington Redskins / 6th / 192nd pick / 2002
Marc Colombo,OT,Boston Col.,,6-8,313,5.27,29.5,30,101,7.65,4.60,Chicago Bears / 1st / 29th pick / 2002
Keyuo Craver,CB,Nebraska,College Stats,5-11,201,4.62,31.0,13,123,,,New Orleans Saints / 4th / 125th pick / 2002
Eric Crouch,RB,Nebraska,College Stats,6-0,195,4.47,38.0,,112,6.87,4.02,St. Louis Rams / 3rd / 95th pick / 2002
Ronald Curry,QB,North Carolina,College Stats,6-2,220,4.59,35.0,,115,7.06,4.11,Oakland Raiders / 7th / 235th pick / 2002
Kevin Curtis,S,Texas Tech,College Stats,6-2,212,4.53,37.5,24,124,6.75,3.88,San Francisco 49ers / 4th / 127th pick / 2002
Najeh Davenport,FB,Miami (FL),College Stats,6-1,248,4.57,,,,,,Green Bay Packers / 4th / 135th pick / 2002
Rohan Davey,QB,LSU,College Stats,6-2,245,4.74,,,,,,New England Patriots / 4th / 117th pick / 2002
Andre' Davis,WR,Virginia Tech,College Stats,6-1,194,4.42,39.5,,123,6.77,4.10,Cleveland Browns / 2nd / 47th pick / 2002
Andra Davis,ILB,Florida,College Stats,6-1,244,4.77,31.5,20,112,,,Cleveland Browns / 5th / 141st pick / 2002
Dorsett Davis,DT,Mississippi State,,6-5,304,5.00,31.0,30,109,7.83,4.67,Denver Broncos / 3rd / 96th pick / 2002
Ryan Denney,DE,BYU,College Stats,6-7,276,4.86,33.0,36,107,7.18,4.25,Buffalo Bills / 2nd / 61st pick / 2002
Brandon Doman,QB,BYU,College Stats,6-2,210,4.81,32.5,,106,6.90,4.08,San Francisco 49ers / 5th / 163rd pick / 2002
Travis Dorsch,P,Purdue,College Stats,6-6,221,4.89,,,,,,Cincinnati Bengals / 4th / 109th pick / 2002
T.J. Duckett,RB,Michigan State,College Stats,6-0,254,4.45,,,,,,Atlanta Falcons / 1st / 18th pick / 2002
Nate Dwyer,DT,Kansas,,6-3,313,5.10,31.0,27,103,7.57,4.41,Arizona Cardinals / 4th / 113th pick / 2002
Omar Easy,FB,Penn State,College Stats,6-1,244,4.53,40.0,21,123,7.25,4.12,Kansas City Chiefs / 4th / 107th pick / 2002
Mike Echols,CB,Wisconsin,College Stats,5-9,190,4.35,,,,,,Tennessee Titans / 4th / 110th pick / 2002
Kalimba Edwards,DE,South Carolina,College Stats,6-5,265,4.75,,,,,,Detroit Lions / 2nd / 35th pick / 2002
Antwaan Randle El,WR,Indiana,College Stats,5-10,191,4.49,,,,,,Pittsburgh Steelers / 2nd / 62nd pick / 2002
Hayden Epstein,K,Michigan,College Stats,6-2,212,4.79,,,,,,Jacksonville Jaguars / 7th / 247th pick / 2002
Demarcus Faggins,CB,Kansas State,College Stats,5-10,178,4.57,36.5,3,121,6.64,3.92,Houston Texans / 6th / 173rd pick / 2002
Randy Fasani,QB,Stanford,College Stats,6-3,224,4.77,31.5,,106,6.75,3.87,Carolina Panthers / 5th / 137th pick / 2002
Levar Fisher,OLB,North Carolina State,College Stats,6-1,233,4.67,31.0,,110,7.30,,Arizona Cardinals / 2nd / 49th pick / 2002
Toniu Fonoti,OG,Nebraska,,6-4,349,5.49,28.5,32,97,8.12,4.81,San Diego Chargers / 2nd / 39th pick / 2002
Larry Foote,OLB,Michigan,College Stats,6-1,231,4.83,30.0,24,,7.18,4.41,Pittsburgh Steelers / 4th / 128th pick / 2002
DeShaun Foster,RB,UCLA,College Stats,6-1,222,4.57,35.5,20,119,6.82,4.16,Carolina Panthers / 2nd / 34th pick / 2002
Melvin Fowler,C,Maryland,,6-3,300,5.46,27.0,32,99,7.51,4.60,Cleveland Browns / 3rd / 76th pick / 2002
Eddie Freeman,DT,Ala-Birmingham,,6-5,310,4.91,34.5,32,111,7.85,4.81,Kansas City Chiefs / 2nd / 43rd pick / 2002
Dwight Freeney,DE,Syracuse,College Stats,6-1,266,4.48,,28,,,,Indianapolis Colts / 1st / 11th pick / 2002
Scott Fujita,OLB,California,,6-5,248,4.64,42.0,20,122,7.09,4.21,Kansas City Chiefs / 5th / 143rd pick / 2002
Jabar Gaffney,WR,Florida,College Stats,6-1,193,4.56,,,,6.87,4.06,Houston Texans / 2nd / 33rd pick / 2002
David Garrard,QB,East Carolina,College Stats,6-2,235,4.82,33.5,,111,7.35,4.26,Jacksonville Jaguars / 4th / 108th pick / 2002
David Givens,WR,Notre Dame,College Stats,6-0,217,4.56,40.5,,126,6.82,4.13,New England Patriots / 7th / 253rd pick / 2002
LaVar Glover,CB,Cincinnati,College Stats,5-9,177,4.59,37.0,11,117,7.18,4.29,Pittsburgh Steelers / 7th / 212th pick / 2002
Jonathan Goodwin,OG,Michigan,,6-3,318,5.13,,,,,,New York Jets / 5th / 154th pick / 2002
Lamar Gordon,RB,North Dakota State,,6-1,214,4.55,34.0,16,119,,,St. Louis Rams / 3rd / 84th pick / 2002
Daniel Graham,TE,Colorado,College Stats,6-3,248,4.64,36.0,,118,,,New England Patriots / 1st / 21st pick / 2002
Charles Grant,DE,Georgia,College Stats,6-3,282,4.69,31.0,24,118,7.69,4.39,New Orleans Saints / 1st / 25th pick / 2002
Bobby Gray,S,Louisiana Tech,College Stats,6-0,209,4.66,,24,112,,,Chicago Bears / 5th / 140th pick / 2002
Jarvis Green,DE,LSU,,6-3,272,4.87,31.0,,109,7.52,4.25,New England Patriots / 4th / 126th pick / 2002
William Green,RB,Boston Col.,College Stats,6-0,221,4.60,42.0,27,121,,,Cleveland Browns / 1st / 16th pick / 2002
Andre Gurode,OG,Colorado,College Stats,6-4,316,5.34,30.5,,100,8.15,5.05,Dallas Cowboys / 2nd / 37th pick / 2002
Carlos Hall,DE,Arkansas,College Stats,6-4,259,4.67,40.0,20,129,6.97,4.19,Tennessee Titans / 7th / 240th pick / 2002
Ryan Hannam,TE,New Mexico,,6-2,251,4.69,30.5,18,113,7.07,4.21,Seattle Seahawks / 5th / 169th pick / 2002
Alan Harper,DT,Fresno State,College Stats,6-2,295,5.27,30.5,,104,,4.64,New York Jets / 4th / 121st pick / 2002
Joey Harrington,QB,Oregon,College Stats,6-4,215,4.89,32.0,,112,7.00,4.21,Detroit Lions / 1st / 3rd pick / 2002
Napoleon Harris,OLB,Northwestern,College Stats,6-3,253,4.55,34.0,27,115,7.15,4.44,Oakland Raiders / 1st / 23rd pick / 2002
Tyreo Harrison,ILB,Notre Dame,College Stats,6-2,238,4.87,40.0,,118,7.24,,Philadelphia Eagles / 6th / 198th pick / 2002
Herb Haygood,WR,Michigan State,College Stats,5-11,193,4.45,33.0,,114,6.65,4.26,Denver Broncos / 5th / 144th pick / 2002
Verron Haynes,FB,Georgia,College Stats,5-10,224,4.78,31.5,25,117,7.27,4.08,Pittsburgh Steelers / 5th / 166th pick / 2002
Albert Haynesworth,DT,Tennessee,,6-6,320,5.09,,,,,,Tennessee Titans / 1st / 15th pick / 2002
Keith Heinrich,TE,SMU,,6-5,255,4.77,35.0,21,120,6.87,4.10,Carolina Panthers / 6th / 174th pick / 2002
Eric Heitmann,OG,Stanford,,6-4,305,5.22,28.0,33,103,7.56,4.60,San Francisco 49ers / 7th / 239th pick / 2002
John Henderson,DT,Tennessee,,6-7,308,4.87,27.5,24,110,7.71,4.66,Jacksonville Jaguars / 1st / 9th pick / 2002
Leonard Henry,RB,East Carolina,College Stats,6-1,206,4.57,35.0,26,113,7.11,4.29,Miami Dolphins / 7th / 241st pick / 2002
Charles Hill,DT,Maryland,,6-2,293,5.06,33.5,23,113,7.37,4.36,Houston Texans / 3rd / 83rd pick / 2002
Kahlil Hill,WR,Iowa,College Stats,6-2,200,4.65,35.0,,,,,Atlanta Falcons / 6th / 184th pick / 2002
Matt Hill,OT,Boise State,,6-6,300,5.33,28.5,20,101,7.58,4.54,Seattle Seahawks / 5th / 171st pick / 2002
Chris Hope,S,Florida State,College Stats,6-0,210,4.58,,28,113,,,Pittsburgh Steelers / 3rd / 94th pick / 2002
Javin Hunter,WR,Notre Dame,College Stats,5-11,186,4.47,41.0,,129,6.84,4.04,Baltimore Ravens / 6th / 206th pick / 2002
Quentin Jammer,CB,Texas,College Stats,6-0,204,4.49,36.0,18,124,,,San Diego Chargers / 1st / 5th pick / 2002
Dennis Johnson,DE,Kentucky,,6-5,258,4.82,35.5,17,119,7.21,4.36,Arizona Cardinals / 3rd / 98th pick / 2002
Kyle Johnson,FB,Syracuse,College Stats,6-1,242,4.74,34.0,22,119,7.40,4.35,Carolina Panthers / 5th / 145th pick / 2002
Ron Johnson,WR,Minnesota,College Stats,6-2,225,4.70,34.5,,118,7.12,4.02,Baltimore Ravens / 4th / 123rd pick / 2002
Doug Jolley,TE,BYU,College Stats,6-4,251,4.60,38.0,18,117,6.90,4.18,Oakland Raiders / 2nd / 55th pick / 2002
Daryl Jones,WR,Miami (FL),College Stats,5-9,180,4.35,,,,,,New York Giants / 7th / 226th pick / 2002
Levi Jones,OT,Arizona State,,6-5,304,5.21,,,103,,,Cincinnati Bengals / 1st / 10th pick / 2002
Terry Jones,TE,Alabama,College Stats,6-3,265,4.79,33.5,20,111,7.43,4.43,Baltimore Ravens / 5th / 155th pick / 2002
Brett Keisel,DE,BYU,,6-5,279,4.89,33.5,26,107,7.28,4.51,Pittsburgh Steelers / 7th / 242nd pick / 2002
Kurt Kittner,QB,Illinois,College Stats,6-2,221,4.86,27.0,,100,7.34,4.50,Atlanta Falcons / 5th / 158th pick / 2002
Kyle Kosier,OT,Arizona State,,6-5,293,5.09,29.5,24,108,7.34,4.49,San Francisco 49ers / 7th / 248th pick / 2002
Ben Leber,OLB,Kansas State,College Stats,6-3,244,4.62,32.5,20,114,6.75,4.25,San Diego Chargers / 3rd / 71st pick / 2002
Ashley Lelie,WR,Hawaii,College Stats,6-3,197,4.49,,,,,,Denver Broncos / 1st / 19th pick / 2002
Michael Lewis,S,Colorado,College Stats,6-1,211,4.60,36.5,16,122,6.96,4.14,Philadelphia Eagles / 2nd / 58th pick / 2002
Aaron Lockett,WR,Kansas State,College Stats,5-7,155,4.31,35.0,,119,6.84,4.11,Tampa Bay Buccaneers / 7th / 254th pick / 2002
Andre Lott,CB,Tennessee,College Stats,5-10,194,4.48,36.5,15,119,7.10,4.01,Washington Redskins / 5th / 159th pick / 2002
Omare Lowe,CB,Washington,College Stats,6-1,196,4.58,35.5,12,118,6.65,3.97,Miami Dolphins / 5th / 161st pick / 2002
Chris Luzar,TE,Virginia,College Stats,6-7,270,4.76,32.5,22,115,6.84,4.17,Jacksonville Jaguars / 4th / 118th pick / 2002
Wesly Mallard,S,Oregon,College Stats,6-2,221,4.49,41.0,22,122,6.81,4.07,New York Giants / 6th / 188th pick / 2002
Marquand Manuel,S,Florida,College Stats,6-0,209,4.52,,18,,,,Cincinnati Bengals / 6th / 181st pick / 2002
Jamar Martin,FB,Ohio State,College Stats,5-11,245,4.89,32.0,23,108,7.53,4.34,Dallas Cowboys / 4th / 129th pick / 2002
Lee Mays,WR,Texas-El Paso,College Stats,6-1,190,4.55,32.5,,119,7.08,4.17,Pittsburgh Steelers / 6th / 202nd pick / 2002
Jason McAddley,WR,Alabama,College Stats,6-1,203,4.47,36.5,,123,6.83,4.09,Arizona Cardinals / 5th / 149th pick / 2002
Josh McCown,QB,SMU,College Stats,6-4,221,4.59,38.5,,120,6.85,3.90,Arizona Cardinals / 3rd / 81st pick / 2002
Jon McGraw,S,Kansas State,College Stats,6-3,208,4.50,39.5,13,126,6.51,3.92,New York Jets / 2nd / 57th pick / 2002
Seth McKinney,C,Texas A&M,,6-3,300,4.97,33.5,23,105,7.36,4.51,Miami Dolphins / 3rd / 90th pick / 2002
Bryant McKinnie,OT,Miami (FL),College Stats,6-8,343,5.13,,,,,,Minnesota Vikings / 1st / 7th pick / 2002
Randy McMichael,TE,Georgia,College Stats,6-3,247,4.88,29.5,18,112,7.58,4.28,Miami Dolphins / 4th / 114th pick / 2002
Terrence Metcalf,OT,Mississippi,College Stats,6-3,318,5.31,,28,,,,Chicago Bears / 3rd / 93rd pick / 2002
Freddie Milons,WR,Alabama,College Stats,5-10,190,4.51,33.5,,117,6.84,,Philadelphia Eagles / 5th / 162nd pick / 2002
Mel Mitchell,S,Western Kentucky,,6-1,220,4.55,35.0,15,128,7.00,4.15,New Orleans Saints / 5th / 150th pick / 2002
Quincy Monk,ILB,North Carolina,College Stats,6-3,250,4.82,33.5,26,113,7.48,4.38,New York Giants / 7th / 245th pick / 2002
Derrius Monroe,DE,Virginia Tech,,6-4,269,4.56,31.5,25,111,7.38,4.51,New Orleans Saints / 7th / 224th pick / 2002
Maurice Morris,RB,Oregon,College Stats,5-11,208,4.53,38.5,23,119,,,Seattle Seahawks / 2nd / 54th pick / 2002
Larry Ned,RB,San Diego State,College Stats,5-11,219,4.62,34.5,15,120,7.12,,Oakland Raiders / 6th / 197th pick / 2002
Kendall Newson,WR,Middle Tennessee State,College Stats,6-2,200,4.69,33.5,,117,6.87,4.27,Jacksonville Jaguars / 7th / 222nd pick / 2002
J.T. O'Sullivan,QB,California-Davis,,6-2,223,4.88,29.0,,107,7.46,4.28,New Orleans Saints / 6th / 186th pick / 2002
Willie Offord,S,South Carolina,College Stats,6-2,215,4.61,35.0,22,117,,,Minnesota Vikings / 3rd / 70th pick / 2002
Will Overstreet,DE,Tennessee,College Stats,6-3,259,4.65,32.5,21,116,7.37,4.31,Atlanta Falcons / 3rd / 80th pick / 2002
John Owens,TE,Notre Dame,College Stats,6-3,265,4.77,38.5,21,117,,,Detroit Lions / 5th / 138th pick / 2002
Anton Palepoi,DE,UNLV,,6-3,279,4.81,33.5,24,114,7.46,4.27,Seattle Seahawks / 2nd / 60th pick / 2002
Justin Peelle,TE,Oregon,College Stats,6-4,255,4.75,29.0,21,110,7.34,4.29,San Diego Chargers / 4th / 103rd pick / 2002
Julius Peppers,DE,North Carolina,College Stats,6-6,283,4.74,,,,,,Carolina Panthers / 1st / 2nd pick / 2002
Scott Peters,C,Arizona State,,6-3,300,5.07,33.5,36,97,7.68,4.69,Philadelphia Eagles / 4th / 124th pick / 2002
Adrian Peterson,RB,Georgia Southern,,5-10,214,4.68,34.0,14,119,7.59,4.60,Chicago Bears / 6th / 199th pick / 2002
Jermaine Phillips,S,Georgia,College Stats,6-1,214,4.66,31.5,18,115,,,Tampa Bay Buccaneers / 5th / 157th pick / 2002
Chester Pitts,OT,San Diego State,,6-4,320,5.22,30.0,,106,7.84,4.81,Houston Texans / 2nd / 50th pick / 2002
Monsanto Pope,DT,Virginia,,6-3,295,5.25,,,,,,Denver Broncos / 7th / 231st pick / 2002
Clinton Portis,RB,Miami (FL),College Stats,5-11,204,4.42,,,,,,Denver Broncos / 2nd / 51st pick / 2002
Mike Pucillo,OG,Auburn,,6-4,317,5.31,28.0,26,,,,Buffalo Bills / 7th / 215th pick / 2002
Patrick Ramsey,QB,Tulane,College Stats,6-2,219,5.24,33.5,,112,7.12,4.09,Washington Redskins / 1st / 32nd pick / 2002
Saleem Rasheed,ILB,Alabama,,6-3,229,4.66,,26,,,,San Francisco 49ers / 3rd / 69th pick / 2002
Ed Reed,S,Miami (FL),College Stats,5-11,201,4.57,,,,,,Baltimore Ravens / 1st / 24th pick / 2002
Josh Reed,WR,LSU,College Stats,5-10,210,4.54,,,,,,Buffalo Bills / 2nd / 36th pick / 2002
Kris Richard,CB,USC,College Stats,5-11,186,4.47,39.5,10,120,,4.15,Seattle Seahawks / 3rd / 85th pick / 2002
Nick Rogers,OLB,Georgia Tech,,6-2,251,4.73,36.0,22,117,7.02,4.19,Minnesota Vikings / 6th / 177th pick / 2002
Victor Rogers,OG,Colorado,,6-6,331,5.57,25.0,20,93,9.00,5.16,Detroit Lions / 7th / 259th pick / 2002
Derek Ross,CB,Ohio State,College Stats,5-11,197,4.56,,17,118,,,Dallas Cowboys / 3rd / 75th pick / 2002
Robert Royal,TE,LSU,College Stats,6-5,253,4.97,31.0,14,114,7.37,4.27,Washington Redskins / 5th / 160th pick / 2002
Mike Rumph,CB,Miami (FL),College Stats,6-2,205,4.47,,,,,,San Francisco 49ers / 1st / 27th pick / 2002
Cliff Russell,WR,Utah,College Stats,5-11,185,4.36,,,,,,Washington Redskins / 3rd / 87th pick / 2002
Jake Schifino,WR,Akron,College Stats,6-1,200,4.49,,,,,,Tennessee Titans / 5th / 151st pick / 2002
Matt Schobel,TE,TCU,College Stats,6-5,263,,34.5,,,,,Cincinnati Bengals / 3rd / 67th pick / 2002
Josh Scobey,RB,Kansas State,College Stats,5-11,218,4.42,40.5,21,124,6.96,3.93,Arizona Cardinals / 6th / 185th pick / 2002
Greg Scott,DE,Kansas State,,6-4,268,4.90,32.5,26,110,7.50,4.61,Washington Redskins / 7th / 234th pick / 2002
Josh Shaw,DT,Michigan State,College Stats,6-3,279,5.08,,22,,,,San Francisco 49ers / 5th / 172nd pick / 2002
Lito Sheppard,CB,Florida,College Stats,5-10,194,4.47,37.5,11,120,,,Philadelphia Eagles / 1st / 26th pick / 2002
Jeremy Shockey,TE,Miami (FL),College Stats,6-5,255,4.64,,,,,,New York Giants / 1st / 14th pick / 2002
Kendall Simmons,OG,Auburn,,6-3,311,5.30,28.5,24,98,7.84,4.71,Pittsburgh Steelers / 1st / 30th pick / 2002
Ryan Sims,DT,North Carolina,,6-4,311,5.09,,27,,,,Kansas City Chiefs / 1st / 6th pick / 2002
Raonall Smith,OLB,Washington State,College Stats,6-2,244,4.53,42.0,26,125,7.10,4.11,Minnesota Vikings / 2nd / 38th pick / 2002
Steve Smith,S,Oregon,College Stats,6-1,193,4.62,30.5,,110,7.00,4.22,Jacksonville Jaguars / 7th / 246th pick / 2002
Luke Staley,RB,BYU,College Stats,6-1,227,4.42,,,,,,Detroit Lions / 7th / 214th pick / 2002
Donte' Stallworth,WR,Tennessee,College Stats,6-0,197,4.22,,,,,,New Orleans Saints / 1st / 13th pick / 2002
John Stamper,DE,South Carolina,,6-4,265,4.98,36.5,24,112,7.35,4.22,Tampa Bay Buccaneers / 6th / 193rd pick / 2002
Travis Stephens,RB,Tennessee,College Stats,5-8,194,4.60,32.0,15,121,,,Tampa Bay Buccaneers / 4th / 119th pick / 2002
Jerramy Stevens,TE,Washington,College Stats,6-7,265,4.77,,,,,,Seattle Seahawks / 1st / 28th pick / 2002
Dominique Stevenson,OLB,Tennessee,College Stats,6-0,231,4.53,32.5,23,110,,,Buffalo Bills / 7th / 260th pick / 2002
Ben Taylor,ILB,Virginia Tech,College Stats,6-2,236,4.83,35.5,19,120,6.56,4.09,Cleveland Browns / 4th / 111th pick / 2002
Chester Taylor,RB,Toledo,College Stats,5-11,213,4.58,33.0,22,114,,,Baltimore Ravens / 6th / 207th pick / 2002
Bryan Thomas,DE,Ala-Birmingham,College Stats,6-4,266,4.47,34.5,33,,,,New York Jets / 1st / 22nd pick / 2002
Kevin Thomas,CB,UNLV,College Stats,5-11,180,4.64,35.0,10,122,,,Buffalo Bills / 6th / 176th pick / 2002
Robert Thomas,OLB,UCLA,College Stats,6-0,229,4.51,34.0,21,116,7.21,4.10,St. Louis Rams / 1st / 31st pick / 2002
Lamont Thompson,S,Washington State,College Stats,6-1,220,4.59,33.5,12,120,,,Cincinnati Bengals / 2nd / 41st pick / 2002
David Thornton,OLB,North Carolina,College Stats,6-2,236,4.62,35.5,26,117,6.93,4.09,Indianapolis Colts / 4th / 106th pick / 2002
Larry Tripplett,DT,Washington,,6-2,305,4.93,30.0,,102,,4.36,Indianapolis Colts / 2nd / 42nd pick / 2002
Javon Walker,WR,Florida State,College Stats,6-3,210,4.38,39.5,,128,6.86,4.05,Green Bay Packers / 1st / 20th pick / 2002
Langston Walker,OT,California,,6-8,344,5.26,28.5,21,102,8.09,4.95,Oakland Raiders / 2nd / 53rd pick / 2002
Fred Weary,C,Tennessee,,6-4,308,5.37,32.0,34,104,7.68,4.63,Houston Texans / 3rd / 66th pick / 2002
Anthony Weaver,DT,Notre Dame,College Stats,6-3,296,4.95,32.5,24,109,7.37,4.31,Baltimore Ravens / 2nd / 52nd pick / 2002
Jeff Webb,P,Vanderbilt,,6-3,215,,,,,,,Kansas City Chiefs / 6th / 190th pick / 2006
Jonathan Wells,RB,Ohio State,College Stats,6-1,243,4.52,,,,,,Houston Texans / 4th / 99th pick / 2002
Dante Wesley,CB,Ark-Pine Bluff,,6-1,211,4.43,35.0,15,116,7.25,4.22,Carolina Panthers / 4th / 100th pick / 2002
Brian Westbrook,RB,Villanova,,5-8,200,4.57,37.0,26,118,7.09,,Philadelphia Eagles / 3rd / 91st pick / 2002
Chad Williams,S,Southern Miss,College Stats,5-9,207,4.58,36.5,20,121,6.96,,Baltimore Ravens / 6th / 209th pick / 2002
Mike Williams,OT,Texas,College Stats,6-6,375,5.30,30.0,29,102,,,Buffalo Bills / 1st / 4th pick / 2002
Roy Williams,S,Oklahoma,College Stats,6-0,219,4.53,30.5,13,115,,,Dallas Cowboys / 1st / 8th pick / 2002
Tank Williams,S,Stanford,College Stats,6-2,222,4.46,38.5,19,125,6.78,3.93,Tennessee Titans / 2nd / 45th pick / 2002
Coy Wire,S,Stanford,College Stats,6-0,209,4.56,38.5,28,120,6.62,3.87,Buffalo Bills / 3rd / 97th pick / 2002
Tracey Wistrom,TE,Nebraska,College Stats,6-4,245,4.92,33.5,17,116,7.09,4.10,Tampa Bay Buccaneers / 7th / 250th pick / 2002
Will Witherspoon,OLB,Georgia,,6-1,231,4.68,38.0,25,122,7.09,4.21,Carolina Panthers / 3rd / 73rd pick / 2002
Chris Young,S,Georgia Tech,College Stats,6-0,210,4.63,38.5,23,121,,,Denver Broncos / 7th / 228th pick / 2002
Dave Zastudil,P,Ohio,College Stats,6-3,222,5.26,,,,,,Baltimore Ravens / 4th / 112th pick / 2002
