Player,Position,School,College,Height,Weight,40 Time,Vertical Jump,Bench,Broad Jump,3 Cone,Shuttle,Drafted
Derek Abney,WR,Kentucky,College Stats,5-9,179,4.58,33.5,,120,6.89,4.08,Baltimore Ravens / 7th / 244th pick / 2004
Nathaniel Adibi,DE,Virginia Tech,College Stats,6-3,254,4.65,33.0,,118,,4.36,Pittsburgh Steelers / 5th / 145th pick / 2004
Jared Allen,DE,Idaho State,,6-6,265,4.72,33.0,13,120,7.11,4.34,Kansas City Chiefs / 4th / 126th pick / 2004
Will Allen,S,Ohio State,College Stats,6-0,202,4.58,,,,,,Tampa Bay Buccaneers / 4th / 111th pick / 2004
Courtney Anderson,TE,San Jose State,College Stats,6-6,269,4.89,30.0,17,106,7.86,4.45,Oakland Raiders / 7th / 245th pick / 2004
Tim Anderson,DT,Ohio State,College Stats,6-3,307,5.01,,,,,,Buffalo Bills / 3rd / 74th pick / 2004
Shawn Andrews,OT,Arkansas,College Stats,6-4,366,5.49,25.0,27,98,8.25,4.85,Philadelphia Eagles / 1st / 16th pick / 2004
Stacy Andrews,OT,Mississippi,,6-6,342,5.07,30.5,34,106,8.09,4.78,Cincinnati Bengals / 4th / 123rd pick / 2004
Matthias Askew,DT,Michigan State,College Stats,6-5,308,5.20,27.0,20,101,7.55,4.42,Cincinnati Bengals / 4th / 114th pick / 2004
Jason Babin,DE,West. Michigan,College Stats,6-3,260,4.62,34.0,28,121,7.03,4.14,Houston Texans / 1st / 27th pick / 2004
Dave Ball,DE,UCLA,College Stats,6-5,277,5.07,,24,,,,San Diego Chargers / 5th / 133rd pick / 2004
Jacob Bell,OG,Miami (OH),,6-5,302,5.22,,26,,,,Tennessee Titans / 5th / 138th pick / 2004
Tatum Bell,RB,Oklahoma State,College Stats,5-11,212,4.37,38.5,25,117,,,Denver Broncos / 2nd / 41st pick / 2004
Bernard Berrian,WR,Fresno State,College Stats,6-1,183,4.58,38.0,,128,7.34,4.18,Chicago Bears / 3rd / 78th pick / 2004
Ryon Bingham,DT,Nebraska,College Stats,6-3,303,5.09,30.0,33,109,7.44,4.38,San Diego Chargers / 7th / 204th pick / 2004
Colby Bockwoldt,OLB,BYU,College Stats,6-2,230,4.60,34.0,14,112,7.12,4.05,New Orleans Saints / 7th / 240th pick / 2004
Michael Boulware,OLB,Florida State,College Stats,6-2,225,4.50,,,,6.89,3.92,Seattle Seahawks / 2nd / 53rd pick / 2004
Greg Brooks,CB,Southern Miss,College Stats,5-11,177,4.45,,,,,,Cincinnati Bengals / 6th / 183rd pick / 2004
Tony Bua,S,Arkansas,College Stats,5-11,209,4.67,36.0,15,120,6.75,4.08,Miami Dolphins / 5th / 160th pick / 2004
Sean Bubin,OT,Illinois,,6-6,306,5.32,24.5,25,97,7.66,4.76,Jacksonville Jaguars / 5th / 159th pick / 2004
Kelly Butler,OT,Purdue,,6-7,320,5.11,30.5,,105,7.96,4.92,Detroit Lions / 6th / 172nd pick / 2004
Vernon Carey,OG,Miami (FL),,6-4,335,5.33,,30,,,,Miami Dolphins / 1st / 19th pick / 2004
Ahmad Carroll,CB,Arkansas,College Stats,5-10,195,4.34,41.0,15,128,,,Green Bay Packers / 1st / 25th pick / 2004
Drew Carter,WR,Ohio State,College Stats,6-4,204,4.36,,,,,,Carolina Panthers / 5th / 163rd pick / 2004
Marko Cavka,OT,Sacramento State,,6-7,294,5.17,27.5,27,107,7.53,4.37,New York Jets / 6th / 178th pick / 2004
Kirk Chambers,OT,Stanford,,6-7,313,5.44,27.0,22,101,7.56,4.40,Cleveland Browns / 6th / 176th pick / 2004
Brandon Chillar,OLB,UCLA,College Stats,6-3,253,4.71,33.0,23,115,,4.08,St. Louis Rams / 4th / 130th pick / 2004
Adrien Clarke,OG,Ohio State,,6-5,329,5.52,26.0,,102,7.90,4.74,Philadelphia Eagles / 7th / 227th pick / 2004
Jared Clauss,DT,Iowa,College Stats,6-5,294,4.95,,23,,,,Tennessee Titans / 7th / 230th pick / 2004
Michael Clayton,WR,LSU,College Stats,6-3,209,4.67,32.5,,116,6.77,4.09,Tampa Bay Buccaneers / 1st / 15th pick / 2004
Cedric Cobbs,RB,Arkansas,College Stats,6-0,223,4.75,40.0,,123,,,New England Patriots / 4th / 128th pick / 2004
Keary Colbert,WR,USC,College Stats,6-1,207,4.60,30.0,,,,,Carolina Panthers / 2nd / 62nd pick / 2004
Ricardo Colclough,CB,Tusculum,,5-11,194,4.49,39.5,8,127,,,Pittsburgh Steelers / 2nd / 38th pick / 2004
Erik Coleman,S,Washington State,College Stats,5-10,200,4.64,35.5,16,117,7.03,4.14,New York Jets / 5th / 143rd pick / 2004
Chris Cooley,TE,Utah State,College Stats,6-3,265,4.87,33.0,22,115,7.21,4.19,Washington Redskins / 3rd / 81st pick / 2004
Marquis Cooper,OLB,Washington,College Stats,6-3,223,4.55,36.5,25,121,7.02,4.12,Tampa Bay Buccaneers / 3rd / 79th pick / 2004
Jorge Cordova,ILB,Nevada,,6-1,241,4.65,35.5,22,,7.25,4.16,Jacksonville Jaguars / 3rd / 86th pick / 2004
Jerricho Cotchery,WR,North Carolina State,College Stats,6-0,212,4.54,36.0,,121,6.93,3.91,New York Jets / 4th / 108th pick / 2004
Karlos Dansby,OLB,Auburn,College Stats,6-3,251,4.58,,,,,,Arizona Cardinals / 2nd / 33rd pick / 2004
Trey Darilek,OG,Texas-El Paso,,6-4,301,5.23,28.5,22,110,7.85,4.61,Philadelphia Eagles / 4th / 131st pick / 2004
Devard Darling,WR,Washington State,College Stats,6-1,213,4.52,37.0,,129,,,Baltimore Ravens / 3rd / 82nd pick / 2004
Rod Davis,ILB,Southern Miss,College Stats,6-2,239,4.76,,,114,7.20,4.02,Minnesota Vikings / 5th / 155th pick / 2004
Darnell Dockett,DT,Florida State,College Stats,6-3,297,5.00,31.0,26,105,,,Arizona Cardinals / 3rd / 64th pick / 2004
Nat Dorsey,OT,Georgia Tech,,6-7,322,5.46,28.5,26,102,8.30,4.84,Minnesota Vikings / 4th / 115th pick / 2004
Vontez Duff,CB,Notre Dame,College Stats,5-11,203,4.53,35.0,13,120,6.94,4.03,Houston Texans / 6th / 170th pick / 2004
Jeff Dugan,TE,Maryland,College Stats,6-4,263,5.00,28.0,21,109,7.40,4.32,Minnesota Vikings / 7th / 220th pick / 2004
Glenn Earl,S,Notre Dame,College Stats,6-1,222,4.65,,20,,,,Houston Texans / 4th / 122nd pick / 2004
Adimchinobi Echemandu,RB,California,College Stats,5-11,226,4.58,,15,,,,Cleveland Browns / 7th / 208th pick / 2004
Dwan Edwards,DT,Oregon State,,6-3,313,5.12,28.0,25,105,7.59,4.68,Baltimore Ravens / 2nd / 51st pick / 2004
Tim Euhus,TE,Oregon State,College Stats,6-5,260,4.93,34.5,25,115,6.99,4.13,Buffalo Bills / 4th / 109th pick / 2004
Lee Evans,WR,Wisconsin,College Stats,5-11,197,4.39,34.5,,120,,,Buffalo Bills / 1st / 13th pick / 2004
Larry Fitzgerald,WR,Pittsburgh,College Stats,6-3,225,4.48,,,,,,Arizona Cardinals / 1st / 3rd pick / 2004
Troy Fleming,FB,Tennessee,College Stats,6-0,230,4.62,32.0,,120,6.94,3.91,Tennessee Titans / 6th / 191st pick / 2004
Keyaron Fox,OLB,Georgia Tech,College Stats,6-2,227,4.65,,28,,,,Kansas City Chiefs / 3rd / 93rd pick / 2004
Carlos Francis,WR,Texas Tech,College Stats,5-9,198,4.33,38.5,,114,6.97,4.06,Oakland Raiders / 4th / 99th pick / 2004
Michael Gaines,TE,Central Florida,College Stats,6-2,275,5.06,33.0,18,109,7.44,4.18,Carolina Panthers / 7th / 232nd pick / 2004
Robert Gallery,OT,Iowa,College Stats,6-7,323,4.98,30.0,24,105,7.42,4.38,Oakland Raiders / 1st / 2nd pick / 2004
Chris Gamble,CB,Ohio State,College Stats,6-1,198,4.52,,,,,,Carolina Panthers / 1st / 28th pick / 2004
Gilbert Gardner,OLB,Purdue,College Stats,6-1,229,4.65,,,,,,Indianapolis Colts / 3rd / 69th pick / 2004
Rich Gardner,CB,Penn State,College Stats,5-11,199,4.46,36.5,11,123,6.91,3.91,Tennessee Titans / 3rd / 92nd pick / 2004
Robert Geathers,DE,Georgia,College Stats,6-3,271,4.84,33.5,24,112,,,Cincinnati Bengals / 4th / 117th pick / 2004
Roderick Green,DE,Central Missouri State,,6-2,245,4.70,34.5,21,129,7.26,4.04,Baltimore Ravens / 5th / 153rd pick / 2004
Jake Grove,C,Virginia Tech,College Stats,6-3,303,5.16,,31,,,,Oakland Raiders / 2nd / 45th pick / 2004
D.J. Hackett,WR,Colorado,College Stats,6-2,199,4.53,41.0,,131,6.79,4.08,Seattle Seahawks / 5th / 157th pick / 2004
Rex Hadnot,C,Houston,College Stats,6-2,323,5.50,24.5,27,91,7.94,4.66,Miami Dolphins / 6th / 174th pick / 2004
DeAngelo Hall,CB,Virginia Tech,College Stats,5-10,202,4.34,,,,,,Atlanta Falcons / 1st / 8th pick / 2004
Derrick Hamilton,WR,Clemson,College Stats,6-3,196,4.54,,,,,,San Francisco 49ers / 3rd / 77th pick / 2004
Nick Hardwick,C,Purdue,,6-3,295,5.20,34.0,27,108,7.72,4.55,San Diego Chargers / 3rd / 66th pick / 2004
Claude Harriott,DE,Pittsburgh,,6-4,252,4.69,30.5,25,118,7.44,4.25,Chicago Bears / 5th / 147th pick / 2004
Tommie Harris,DT,Oklahoma,College Stats,6-2,295,4.78,,29,,,,Chicago Bears / 1st / 14th pick / 2004
Josh Harris,QB,Bowling Green,College Stats,6-1,238,4.78,31.0,,115,,,Baltimore Ravens / 6th / 187th pick / 2004
Ben Hartsock,TE,Ohio State,College Stats,6-4,263,4.80,35.0,23,117,7.10,3.98,Indianapolis Colts / 3rd / 68th pick / 2004
Devery Henderson,WR,LSU,College Stats,5-11,198,4.41,,,,,,New Orleans Saints / 2nd / 50th pick / 2004
Marquise Hill,DE,LSU,,6-7,305,5.12,29.0,23,106,,,New England Patriots / 2nd / 63rd pick / 2004
Isaac Hilton,DE,Kansas State,,6-3,267,4.57,36.5,31,123,7.99,4.48,New York Giants / 7th / 253rd pick / 2004
Von Hutchins,CB,Mississippi,College Stats,5-10,185,4.46,34.5,11,115,7.05,4.06,Indianapolis Colts / 6th / 173rd pick / 2004
Steven Jackson,RB,Oregon State,College Stats,6-1,241,4.55,,,,,,St. Louis Rams / 1st / 24th pick / 2004
Michael Jenkins,WR,Ohio State,College Stats,6-4,218,4.40,,,,,,Atlanta Falcons / 1st / 29th pick / 2004
Leon Joe,OLB,Maryland,College Stats,6-0,230,4.49,39.0,30,,,,Chicago Bears / 4th / 112th pick / 2004
Landon Johnson,OLB,Purdue,College Stats,6-2,227,4.65,37.5,20,120,7.00,4.08,Cincinnati Bengals / 3rd / 96th pick / 2004
Tank Johnson,DT,Washington,,6-3,304,4.69,34.0,31,114,7.56,4.60,Chicago Bears / 2nd / 47th pick / 2004
Trevor Johnson,DE,Nebraska,College Stats,6-5,260,4.80,35.5,23,110,7.06,4.08,New York Jets / 7th / 234th pick / 2004
Shawn Johnson,DE,Pittsburgh,,6-4,269,4.87,,,,,,Oakland Raiders / 6th / 166th pick / 2004
Adrian Jones,OT,Kansas,College Stats,6-4,296,4.97,31.0,27,114,7.81,4.58,New York Jets / 4th / 132nd pick / 2004
Donnie Jones,P,LSU,College Stats,6-3,222,4.88,,,,,,Seattle Seahawks / 7th / 224th pick / 2004
Greg Jones,RB,Florida State,College Stats,6-1,249,4.55,,,,,,Jacksonville Jaguars / 2nd / 55th pick / 2004
Julius Jones,RB,Notre Dame,College Stats,5-10,217,4.47,37.5,,121,6.97,4.12,Dallas Cowboys / 2nd / 43rd pick / 2004
Kevin Jones,RB,Virginia Tech,College Stats,6-0,227,4.38,38.0,,120,,,Detroit Lions / 1st / 30th pick / 2004
Sean Jones,S,Georgia,College Stats,6-1,218,4.63,36.5,,122,7.19,,Cleveland Browns / 2nd / 59th pick / 2004
Carlos Joseph,OT,Miami (FL),,6-6,345,5.33,,29,,,,San Diego Chargers / 7th / 254th pick / 2004
Nate Kaeding,K,Iowa,College Stats,6-0,187,4.95,,,,,,San Diego Chargers / 3rd / 65th pick / 2004
Mike Karney,FB,Arizona State,College Stats,5-11,254,5.02,30.0,25,103,,,New Orleans Saints / 5th / 156th pick / 2004
David Kimball,K,Penn State,College Stats,6-1,209,4.88,,,,,,Indianapolis Colts / 7th / 229th pick / 2004
Niko Koutouvides,ILB,Purdue,College Stats,6-2,244,4.71,30.5,,108,6.98,3.88,Seattle Seahawks / 4th / 116th pick / 2004
Ryan Krause,WR,Nebraska-Omaha,,6-2,244,4.60,33.5,18,119,6.78,4.16,San Diego Chargers / 6th / 169th pick / 2004
Craig Krenzel,QB,Ohio State,College Stats,6-3,228,4.84,28.0,,112,7.22,4.08,Chicago Bears / 5th / 148th pick / 2004
Travis Laboy,DE,Hawaii,College Stats,6-3,263,4.69,35.5,35,126,7.01,4.07,Tennessee Titans / 2nd / 42nd pick / 2004
Chad Lavalais,DT,LSU,College Stats,6-1,303,5.09,,,,,,Atlanta Falcons / 5th / 142nd pick / 2004
Nick Leckey,C,Kansas State,College Stats,6-3,290,5.26,27.0,18,97,7.71,4.47,Arizona Cardinals / 6th / 167th pick / 2004
Andy Lee,P,Pittsburgh,College Stats,6-1,207,5.00,,,,,,San Francisco 49ers / 6th / 188th pick / 2004
Teddy Lehman,OLB,Oklahoma,College Stats,6-1,240,4.55,34.5,26,113,6.91,4.06,Detroit Lions / 2nd / 37th pick / 2004
Rodney Leisle,DT,UCLA,College Stats,6-3,309,5.15,,31,,,,New Orleans Saints / 5th / 139th pick / 2004
Jeremy LeSueur,CB,Michigan,College Stats,6-0,197,4.53,35.0,,116,,,Denver Broncos / 3rd / 85th pick / 2004
Alex Lewis,OLB,Wisconsin,College Stats,6-0,227,4.78,34.5,25,121,7.06,4.28,Detroit Lions / 5th / 140th pick / 2004
Keith Lewis,S,Oregon,College Stats,6-0,204,4.60,37.0,11,121,7.28,4.07,San Francisco 49ers / 6th / 198th pick / 2004
Sean Locklear,OG,North Carolina State,College Stats,6-4,308,5.16,29.0,27,100,7.85,4.56,Seattle Seahawks / 3rd / 84th pick / 2004
J.P. Losman,QB,Tulane,College Stats,6-2,224,4.73,33.0,,116,,,Buffalo Bills / 1st / 22nd pick / 2004
Triandos Luke,WR,Alabama,College Stats,5-11,199,4.51,38.0,,124,7.06,4.17,Denver Broncos / 6th / 171st pick / 2004
Maurice Mann,WR,Nevada,College Stats,6-1,191,4.57,34.0,,118,,,Cincinnati Bengals / 5th / 149th pick / 2004
Eli Manning,QB,Mississippi,College Stats,6-5,221,4.90,,,,,,San Diego Chargers / 1st / 1st pick / 2004
Matt Mauck,QB,LSU,College Stats,6-2,228,4.79,,,,,,Denver Broncos / 7th / 225th pick / 2004
Luke McCown,QB,Louisiana Tech,College Stats,6-4,208,4.71,37.5,,125,6.74,4.21,Cleveland Browns / 4th / 106th pick / 2004
Bobby McCray,DE,Florida,,6-6,255,4.62,33.5,27,,,,Jacksonville Jaguars / 7th / 249th pick / 2004
Dylan McFarland,OT,Montana,,6-6,304,5.26,27.5,31,98,,,Buffalo Bills / 7th / 207th pick / 2004
Sean McHugh,TE,Penn State,College Stats,6-5,264,4.92,29.0,18,115,7.36,4.09,Tennessee Titans / 7th / 241st pick / 2004
Jeris McIntyre,WR,Auburn,College Stats,5-11,203,4.46,29.0,,112,6.98,4.08,Kansas City Chiefs / 6th / 195th pick / 2004
Caleb Miller,ILB,Arkansas,College Stats,6-3,224,4.66,34.5,23,120,6.85,3.93,Cincinnati Bengals / 3rd / 80th pick / 2004
Jim Molinaro,OT,Notre Dame,,6-6,308,5.09,29.5,21,105,7.75,4.60,Washington Redskins / 6th / 180th pick / 2004
Clarence Moore,WR,Northern Arizona,,6-6,211,4.55,34.0,,122,6.84,4.16,Baltimore Ravens / 6th / 199th pick / 2004
Mewelde Moore,RB,Tulane,College Stats,5-11,209,4.65,35.0,,118,7.05,4.12,Minnesota Vikings / 4th / 119th pick / 2004
Johnnie Morant,WR,Syracuse,College Stats,6-4,229,4.51,41.0,,130,7.34,4.22,Oakland Raiders / 5th / 134th pick / 2004
John Navarre,QB,Michigan,College Stats,6-6,246,5.19,26.5,,100,7.73,4.46,Arizona Cardinals / 7th / 202nd pick / 2004
Antwan Odom,DE,Alabama,,6-6,274,4.71,37.0,21,114,7.30,4.44,Tennessee Titans / 2nd / 57th pick / 2004
Shane Olivea,OT,Ohio State,,6-3,302,5.29,29.0,,92,8.25,4.71,San Diego Chargers / 7th / 209th pick / 2004
Igor Olshansky,DT,Oregon,College Stats,6-5,315,4.96,33.5,41,110,7.61,4.41,San Diego Chargers / 2nd / 35th pick / 2004
Tony Pape,OT,Michigan,,6-6,323,5.36,27.0,26,97,8.01,4.60,Miami Dolphins / 7th / 221st pick / 2004
Samie Parker,WR,Oregon,College Stats,5-10,179,4.39,36.0,,,,,Kansas City Chiefs / 4th / 105th pick / 2004
Bradlee Van Pelt,QB,Colorado State,College Stats,6-2,231,4.98,33.5,,115,6.89,4.11,Denver Broncos / 7th / 250th pick / 2004
Chris Perry,RB,Michigan,College Stats,6-0,224,4.56,,19,,,,Cincinnati Bengals / 1st / 26th pick / 2004
Stephen Peterman,OG,LSU,College Stats,6-4,312,5.46,24.5,23,95,7.87,4.68,Dallas Cowboys / 3rd / 83rd pick / 2004
Shaun Phillips,DE,Purdue,College Stats,6-3,255,4.78,33.0,,114,6.95,4.23,San Diego Chargers / 4th / 98th pick / 2004
Cody Pickett,QB,Washington,College Stats,6-3,233,4.79,30.5,,109,7.19,4.30,San Francisco 49ers / 7th / 217th pick / 2004
Will Poole,CB,USC,College Stats,5-10,194,4.47,,16,,,,Miami Dolphins / 4th / 102nd pick / 2004
Derrick Pope,OLB,Alabama,College Stats,5-11,230,4.71,,24,106,,,Miami Dolphins / 7th / 222nd pick / 2004
Kendyll Pope,OLB,Florida State,College Stats,6-1,226,4.70,,,118,,4.26,Indianapolis Colts / 4th / 107th pick / 2004
Etric Pruitt,S,Southern Miss,College Stats,6-0,197,4.57,39.5,,116,7.15,4.00,Atlanta Falcons / 6th / 186th pick / 2004
Keiwan Ratliff,CB,Florida,College Stats,5-10,194,4.56,,11,,,,Cincinnati Bengals / 2nd / 49th pick / 2004
Dexter Reid,S,North Carolina,College Stats,5-11,203,4.56,,,,,,New England Patriots / 4th / 113th pick / 2004
Robert Reynolds,ILB,Ohio State,College Stats,6-3,251,4.76,32.5,18,116,7.17,3.94,Tennessee Titans / 5th / 165th pick / 2004
Brian Rimpf,OT,East Carolina,,6-6,319,5.41,28.0,31,105,7.97,4.66,Baltimore Ravens / 7th / 246th pick / 2004
Philip Rivers,QB,North Carolina State,College Stats,6-5,229,5.08,,,,,,New York Giants / 1st / 4th pick / 2004
Dunta Robinson,CB,South Carolina,College Stats,5-11,186,4.34,36.0,15,120,6.97,3.75,Houston Texans / 1st / 10th pick / 2004
Ben Roethlisberger,QB,Miami (OH),College Stats,6-5,241,4.75,,,,,,Pittsburgh Steelers / 1st / 11th pick / 2004
Jacob Rogers,OT,USC,College Stats,6-6,307,5.30,,30,,,,Dallas Cowboys / 2nd / 52nd pick / 2004
Sean Ryan,TE,Boston Col.,College Stats,6-4,268,4.97,32.5,22,115,,,Dallas Cowboys / 5th / 144th pick / 2004
P.K. Sam,WR,Florida State,College Stats,6-3,210,4.54,34.5,,,7.04,,New England Patriots / 5th / 164th pick / 2004
B.J. Sander,P,Ohio State,College Stats,6-4,219,4.84,,,,,,Green Bay Packers / 3rd / 87th pick / 2004
Bob Sanders,S,Iowa,College Stats,5-8,204,4.35,41.5,15,128,6.70,3.91,Indianapolis Colts / 2nd / 44th pick / 2004
Matt Schaub,QB,Virginia,College Stats,6-6,243,5.04,30.5,,110,7.65,4.62,Atlanta Falcons / 3rd / 90th pick / 2004
Bo Schobel,DE,TCU,,6-5,271,4.80,32.5,25,109,6.94,4.38,Tennessee Titans / 4th / 103rd pick / 2004
Stuart Schweigert,S,Purdue,College Stats,6-2,218,4.47,38.0,18,124,6.68,3.89,Oakland Raiders / 3rd / 67th pick / 2004
Josh Scobee,K,Louisiana Tech,College Stats,6-1,191,4.87,,,,,,Jacksonville Jaguars / 5th / 137th pick / 2004
Darrion Scott,DE,Ohio State,,6-3,289,4.81,36.5,,118,,4.32,Minnesota Vikings / 3rd / 88th pick / 2004
Guss Scott,S,Florida,College Stats,5-10,204,4.46,39.0,20,124,,,New England Patriots / 3rd / 95th pick / 2004
Jake Scott,OT,Idaho,,6-5,281,5.06,34.5,24,110,7.96,4.68,Indianapolis Colts / 5th / 141st pick / 2004
Richard Seigler,ILB,Oregon State,College Stats,6-2,244,4.86,,25,,,,San Francisco 49ers / 4th / 127th pick / 2004
Josh Sewell,C,Nebraska,,6-2,301,5.06,30.0,30,99,7.53,4.24,Denver Broncos / 6th / 190th pick / 2004
Jason Shivers,S,Arizona State,College Stats,6-0,201,4.51,36.0,19,128,,,St. Louis Rams / 5th / 158th pick / 2004
Jeff Shoate,CB,San Diego State,College Stats,5-10,189,4.62,36.0,12,121,7.00,3.88,Denver Broncos / 5th / 152nd pick / 2004
Junior Siavii,DT,Oregon,,6-4,344,5.16,24.5,31,93,7.93,4.84,Kansas City Chiefs / 2nd / 36th pick / 2004
Justin Smiley,OG,Alabama,,6-3,298,5.07,32.0,19,111,7.72,4.41,San Francisco 49ers / 2nd / 46th pick / 2004
Antonio Smith,DE,Oklahoma State,,6-3,274,5.03,33.0,24,108,,4.75,Arizona Cardinals / 5th / 135th pick / 2004
Daryl Smith,OLB,Georgia Tech,College Stats,6-2,234,4.67,,24,,,,Jacksonville Jaguars / 2nd / 39th pick / 2004
Jonathan Smith,WR,Georgia Tech,College Stats,5-10,194,4.78,32.5,,114,,4.35,Buffalo Bills / 7th / 214th pick / 2004
Keith Smith,CB,McNeese State,,5-11,201,4.48,36.5,12,116,,,Detroit Lions / 3rd / 73rd pick / 2004
Will Smith,DE,Ohio State,College Stats,6-3,275,4.60,,,,,,New Orleans Saints / 1st / 18th pick / 2004
Jeff Smoker,QB,Michigan State,College Stats,6-3,223,4.95,26.5,,101,7.65,4.36,St. Louis Rams / 6th / 201st pick / 2004
Chris Snee,OG,Boston Col.,,6-3,314,5.10,30.5,29,104,7.75,4.66,New York Giants / 2nd / 34th pick / 2004
Isaac Sopoaga,DT,Hawaii,,6-2,317,4.97,30.5,42,99,7.79,4.66,San Francisco 49ers / 4th / 104th pick / 2004
Cody Spencer,ILB,North Texas,College Stats,6-2,242,4.65,34.5,27,116,6.94,4.08,Oakland Raiders / 6th / 182nd pick / 2004
Max Starks,OT,Florida,College Stats,6-7,350,5.56,27.5,21,98,7.88,4.65,Pittsburgh Steelers / 3rd / 75th pick / 2004
Randy Starks,DT,Maryland,,6-3,314,5.08,29.5,27,102,,,Tennessee Titans / 3rd / 71st pick / 2004
Alex Stepanovich,C,Ohio State,,6-3,304,5.29,25.5,,96,7.64,4.44,Arizona Cardinals / 4th / 100th pick / 2004
Derrick Strait,CB,Oklahoma,College Stats,5-11,196,4.52,,,,,,New York Jets / 3rd / 76th pick / 2004
Drew Strojny,OT,Duke,,6-7,327,5.37,29.5,,99,7.98,4.84,New York Giants / 7th / 203rd pick / 2004
B.J. Symons,QB,Texas Tech,College Stats,6-0,210,4.90,,,,,,Houston Texans / 7th / 248th pick / 2004
Thomas Tapeh,FB,Minnesota,College Stats,6-1,245,4.80,32.5,23,114,7.65,4.52,Philadelphia Eagles / 5th / 162nd pick / 2004
Jamaar Taylor,WR,Texas A&M,College Stats,6-1,197,4.46,,,,,,New York Giants / 6th / 168th pick / 2004
Sean Taylor,S,Miami (FL),College Stats,6-2,230,4.51,,,,,,Washington Redskins / 1st / 5th pick / 2004
Craig Terrill,DT,Purdue,College Stats,6-2,290,5.21,26.5,28,100,7.39,4.10,Seattle Seahawks / 6th / 189th pick / 2004
Jeb Terry,OG,North Carolina,,6-5,313,5.20,29.0,27,105,8.03,4.98,Tampa Bay Buccaneers / 5th / 146th pick / 2004
Dontarrious Thomas,OLB,Auburn,College Stats,6-2,241,4.57,38.5,26,129,,4.00,Minnesota Vikings / 2nd / 48th pick / 2004
Joey Thomas,CB,Montana State,,6-1,195,4.44,38.5,17,122,6.82,3.88,Green Bay Packers / 3rd / 70th pick / 2004
Sloan Thomas,WR,Texas,College Stats,6-1,203,4.50,,,,,,Houston Texans / 7th / 211th pick / 2004
Chris Thompson,CB,Nicholls State,,6-0,189,4.50,35.0,12,117,7.09,4.14,Jacksonville Jaguars / 5th / 150th pick / 2004
Bruce Thornton,CB,Georgia,College Stats,5-10,197,4.50,37.5,,122,,,Dallas Cowboys / 4th / 121st pick / 2004
Reggie Torbor,DE,Auburn,,6-2,254,4.65,34.0,16,120,7.48,4.46,New York Giants / 4th / 97th pick / 2004
Ben Troupe,TE,Florida,College Stats,6-4,265,4.65,,,,,,Tennessee Titans / 2nd / 40th pick / 2004
Marcus Tubbs,DT,Texas,,6-4,321,5.05,32.5,29,105,,,Seattle Seahawks / 1st / 23rd pick / 2004
Sean Tufts,OLB,Colorado,,6-4,242,4.61,34.5,21,118,6.94,3.94,Carolina Panthers / 6th / 196th pick / 2004
Michael Turner,RB,Northern Illinois,College Stats,5-10,237,4.49,31.0,22,114,7.50,4.15,San Diego Chargers / 5th / 154th pick / 2004
Kenechi Udeze,DE,USC,College Stats,6-3,281,4.77,,,,,,Minnesota Vikings / 1st / 20th pick / 2004
Nathan Vasher,CB,Texas,College Stats,5-10,177,4.49,,,,,,Chicago Bears / 4th / 110th pick / 2004
Jonathan Vilma,ILB,Miami (FL),College Stats,6-0,233,4.61,,,,,,New York Jets / 1st / 12th pick / 2004
Michael Waddell,CB,North Carolina,College Stats,5-11,187,4.31,37.5,14,121,6.84,4.03,Tennessee Titans / 4th / 124th pick / 2004
Matt Ware,S,UCLA,College Stats,6-2,209,4.54,,15,,,,Philadelphia Eagles / 3rd / 89th pick / 2004
Donnell Washington,DT,Clemson,,6-5,332,5.00,31.0,34,109,7.80,4.88,Green Bay Packers / 3rd / 72nd pick / 2004
Rashad Washington,S,Kansas State,College Stats,6-2,223,4.61,34.0,14,116,7.06,4.02,New York Jets / 7th / 236th pick / 2004
Benjamin Watson,TE,Georgia,College Stats,6-3,258,4.50,35.5,34,123,7.38,4.11,New England Patriots / 1st / 32nd pick / 2004
Courtney Watson,OLB,Notre Dame,College Stats,6-1,237,4.56,36.5,22,114,7.39,4.35,New Orleans Saints / 2nd / 60th pick / 2004
Darius Watts,WR,Marshall,College Stats,6-1,188,4.50,,,,,,Denver Broncos / 2nd / 54th pick / 2004
Scott Wells,C,Tennessee,,6-2,300,5.30,31.0,31,109,7.56,4.35,Green Bay Packers / 7th / 251st pick / 2004
Travelle Wharton,OT,South Carolina,,6-4,312,5.14,31.5,,105,8.31,4.58,Carolina Panthers / 3rd / 94th pick / 2004
Ernest Wilford,WR,Virginia Tech,College Stats,6-4,226,4.79,40.5,,130,,4.17,Jacksonville Jaguars / 4th / 120th pick / 2004
Vince Wilfork,DT,Miami (FL),College Stats,6-1,323,5.08,,36,,,,New England Patriots / 1st / 21st pick / 2004
Corey Williams,DT,Arkansas State,,6-4,313,5.18,28.0,25,106,7.97,4.55,Green Bay Packers / 6th / 179th pick / 2004
D.J. Williams,OLB,Miami (FL),College Stats,6-1,250,4.55,,,,,,Denver Broncos / 1st / 17th pick / 2004
Demorrio Williams,OLB,Nebraska,College Stats,6-1,232,4.52,37.0,16,125,7.02,4.11,Atlanta Falcons / 4th / 101st pick / 2004
Madieu Williams,S,Maryland,College Stats,6-0,193,4.48,,18,125,,,Cincinnati Bengals / 2nd / 56th pick / 2004
Reggie Williams,WR,Washington,College Stats,6-4,229,4.56,,,,,,Jacksonville Jaguars / 1st / 9th pick / 2004
Roy Williams,WR,Texas,College Stats,6-2,212,4.48,,,,,,Detroit Lions / 1st / 7th pick / 2004
Gibril Wilson,S,Tennessee,College Stats,6-0,197,4.47,,15,120,,,New York Giants / 5th / 136th pick / 2004
Kris Wilson,TE,Pittsburgh,College Stats,6-2,248,4.62,35.0,24,119,6.88,4.10,Kansas City Chiefs / 2nd / 61st pick / 2004
Mark Wilson,OT,California,College Stats,6-7,314,5.36,28.5,24,108,7.53,4.49,Washington Redskins / 5th / 151st pick / 2004
Quincy Wilson,RB,West Virginia,College Stats,5-9,225,4.60,33.5,26,118,7.68,4.36,Atlanta Falcons / 7th / 219th pick / 2004
Travis Wilson,FB,Kansas State,College Stats,6-3,256,4.89,33.0,25,109,7.56,4.36,Cleveland Browns / 3rd / 78th pick / 2006
Kellen Winslow,TE,Miami (FL),College Stats,6-4,251,4.55,,24,120,,,Cleveland Browns / 1st / 6th pick / 2004
Rashaun Woods,WR,Oklahoma State,College Stats,6-2,202,4.47,39.0,,125,6.93,3.97,San Francisco 49ers / 1st / 31st pick / 2004
Dexter Wynn,CB,Colorado State,College Stats,5-9,175,4.49,39.0,13,123,6.70,3.90,Philadelphia Eagles / 6th / 192nd pick / 2004
