Player,Position,School,College,Height,Weight,40 Time,Vertical Jump,Bench,Broad Jump,3 Cone,Shuttle,Drafted
Titus Adams,DT,Nebraska,College Stats,6-3,306,5.07,30.5,15,103,7.49,4.54,New York Jets / 7th / 220th pick / 2006
Joseph Addai,RB,LSU,College Stats,5-11,214,4.40,38.5,18,125,7.09,4.47,Indianapolis Colts / 1st / 30th pick / 2006
Victor Adeyanju,DE,Indiana,College Stats,6-4,274,4.86,32.0,22,112,7.37,4.41,St. Louis Rams / 4th / 113th pick / 2006
Jason Allen,S,Tennessee,College Stats,6-1,209,4.39,39.5,17,131,6.75,3.81,Miami Dolphins / 1st / 16th pick / 2006
Jon Alston,OLB,Stanford,College Stats,6-1,223,4.50,40.0,30,132,6.90,4.13,St. Louis Rams / 3rd / 77th pick / 2006
David Anderson,WR,Colorado State,College Stats,5-10,192,4.57,34.0,,116,6.88,4.20,Houston Texans / 7th / 251st pick / 2006
James Anderson,OLB,Virginia Tech,College Stats,6-3,229,4.59,41.0,,121,6.67,4.07,Carolina Panthers / 3rd / 88th pick / 2006
Mark Anderson,DE,Alabama,College Stats,6-4,254,4.62,42.0,20,127,6.95,4.22,Chicago Bears / 5th / 159th pick / 2006
Willie Andrews,S,Baylor,College Stats,5-9,193,4.43,36.5,7,124,6.99,4.27,New England Patriots / 7th / 229th pick / 2006
Devin Aromashodu,WR,Auburn,College Stats,6-2,201,4.35,39.0,,120,7.04,4.16,Miami Dolphins / 7th / 233rd pick / 2006
Jason Avant,WR,Michigan,College Stats,6-0,212,4.62,37.0,20,118,,,Philadelphia Eagles / 4th / 109th pick / 2006
Charles Bennett,DE,Clemson,College Stats,6-4,258,4.70,33.5,19,115,7.48,4.52,Tampa Bay Buccaneers / 7th / 241st pick / 2006
Antoine Bethea,S,Howard,,5-11,203,4.39,36.5,19,127,6.99,4.11,Indianapolis Colts / 6th / 207th pick / 2006
Darnell Bing,S,USC,College Stats,6-2,227,4.53,34.0,17,120,7.25,4.07,Oakland Raiders / 4th / 101st pick / 2006
Will Blackmon,CB,Boston Col.,College Stats,6-0,198,4.47,41.0,,133,6.67,4.23,Green Bay Packers / 4th / 115th pick / 2006
Jeremy Bloom,WR,Colorado,,5-9,173,4.49,,,,,,Philadelphia Eagles / 5th / 147th pick / 2006
Greg Blue,S,Georgia,College Stats,6-2,216,4.57,37.5,16,120,,,Minnesota Vikings / 5th / 149th pick / 2006
Kevin Boothe,OT,Cornell,,6-5,316,5.41,31.5,23,98,8.36,5.07,Oakland Raiders / 6th / 176th pick / 2006
Daniel Bullocks,S,Nebraska,College Stats,6-0,212,4.38,38.0,18,124,6.91,4.16,Detroit Lions / 2nd / 40th pick / 2006
Brodrick Bunkley,DT,Florida State,College Stats,6-3,306,5.01,32.5,44,113,,,Philadelphia Eagles / 1st / 14th pick / 2006
Reggie Bush,RB,USC,College Stats,5-11,201,4.37,,,,,,New Orleans Saints / 1st / 2nd pick / 2006
Brad Butler,OT,Virginia,College Stats,6-7,310,5.29,,,,,,Buffalo Bills / 5th / 143rd pick / 2006
Rashad Butler,OT,Miami (FL),College Stats,6-5,293,5.30,28.0,16,106,7.90,4.55,Carolina Panthers / 3rd / 89th pick / 2006
Dominique Byrd,TE,USC,College Stats,6-3,255,4.79,,,,,,St. Louis Rams / 3rd / 93rd pick / 2006
Brian Calhoun,RB,Wisconsin,College Stats,5-9,201,4.57,31.5,18,124,7.05,4.20,Detroit Lions / 3rd / 74th pick / 2006
Bobby Carpenter,OLB,Ohio State,College Stats,6-2,256,4.65,,,,,,Dallas Cowboys / 1st / 18th pick / 2006
Chris Chester,C,Oklahoma,College Stats,6-3,303,4.83,31.5,27,106,7.31,4.50,Baltimore Ravens / 2nd / 56th pick / 2006
Jeromey Clary,OT,Kansas State,College Stats,6-6,309,5.28,26.0,24,102,7.80,4.63,San Diego Chargers / 6th / 187th pick / 2006
Kellen Clemens,QB,Oregon,College Stats,6-2,224,4.89,,,,,,New York Jets / 2nd / 49th pick / 2006
Barry Cofield,DT,Northwestern,College Stats,6-4,304,4.95,34.0,35,105,7.43,4.35,New York Giants / 4th / 124th pick / 2006
Daryn Colledge,OT,Boise State,,6-4,299,5.05,32.5,21,110,7.43,4.58,Green Bay Packers / 2nd / 47th pick / 2006
Marques Colston,WR,Hofstra,,6-5,224,4.50,37.0,16,123,6.94,4.43,New Orleans Saints / 7th / 252nd pick / 2006
Ryan Cook,OT,New Mexico,,6-7,328,5.47,26.5,28,97,7.93,4.66,Minnesota Vikings / 2nd / 51st pick / 2006
Antonio Cromartie,CB,Florida State,College Stats,6-2,208,4.47,38.0,18,132,,,San Diego Chargers / 1st / 19th pick / 2006
Brodie Croyle,QB,Alabama,College Stats,6-2,205,4.88,30.5,,104,7.34,4.25,Kansas City Chiefs / 3rd / 85th pick / 2006
Jay Cutler,QB,Vanderbilt,College Stats,6-3,226,4.77,,23,,7.10,4.26,Denver Broncos / 1st / 11th pick / 2006
Owen Daniels,TE,Wisconsin,College Stats,6-3,253,4.65,34.5,23,114,6.87,4.10,Houston Texans / 4th / 98th pick / 2006
P.J. Daniels,RB,Georgia Tech,College Stats,5-10,214,4.64,33.0,21,116,7.13,4.40,Baltimore Ravens / 4th / 132nd pick / 2006
Vernon Davis,TE,Maryland,College Stats,6-3,254,4.38,42.0,33,128,7.00,4.17,San Francisco 49ers / 1st / 6th pick / 2006
Charles Davis,TE,Purdue,College Stats,6-5,263,4.87,31.5,27,108,7.53,4.37,Pittsburgh Steelers / 5th / 167th pick / 2006
Tim Dobbins,ILB,Iowa State,College Stats,6-1,246,4.59,35.5,23,110,7.25,4.39,San Diego Chargers / 5th / 151st pick / 2006
Reed Doughty,S,Northern Colorado,,6-0,209,4.65,37.0,15,121,6.66,4.17,Washington Redskins / 6th / 173rd pick / 2006
Elvis Dumervil,DE,Louisville,College Stats,5-11,257,4.75,,30,,,,Denver Broncos / 4th / 126th pick / 2006
Dusty Dvoracek,DT,Oklahoma,College Stats,6-3,306,5.01,34.0,31,110,7.62,4.35,Chicago Bears / 3rd / 73rd pick / 2006
Ray Edwards,DE,Purdue,College Stats,6-5,273,4.81,39.0,30,114,7.71,4.57,Minnesota Vikings / 4th / 127th pick / 2006
Keith Ellison,OLB,Oregon State,College Stats,6-1,235,4.76,32.5,24,115,7.22,4.16,Buffalo Bills / 6th / 178th pick / 2006
Greg Eslinger,C,Minnesota,College Stats,6-3,292,5.13,30.0,28,101,7.59,4.68,Denver Broncos / 6th / 198th pick / 2006
Jahri Evans,OT,Texas A&M,,6-4,316,5.25,27.0,20,95,7.97,4.80,New Orleans Saints / 4th / 108th pick / 2006
Anthony Fasano,TE,Notre Dame,College Stats,6-4,259,4.72,33.5,19,112,6.94,4.34,Dallas Cowboys / 2nd / 53rd pick / 2006
D'Brickashaw Ferguson,OT,Virginia,,6-6,312,5.08,,,,,,New York Jets / 1st / 4th pick / 2006
Omar Gaither,OLB,Tennessee,College Stats,6-1,234,4.78,37.0,23,116,7.31,4.28,Philadelphia Eagles / 5th / 168th pick / 2006
Quinton Ganther,RB,Utah,College Stats,5-9,218,4.50,35.0,29,119,7.19,,Tennessee Titans / 7th / 246th pick / 2006
Chris Gocong,DE,Cal Poly,,6-2,263,4.70,38.5,28,123,7.05,4.08,Philadelphia Eagles / 3rd / 71st pick / 2006
Kedric Golston,DT,Georgia,College Stats,6-4,300,4.88,33.0,31,111,7.60,4.45,Washington Redskins / 6th / 196th pick / 2006
Bruce Gradkowski,QB,Toledo,College Stats,6-1,217,4.59,34.0,,107,7.12,4.16,Tampa Bay Buccaneers / 6th / 194th pick / 2006
Skyler Green,WR,LSU,College Stats,5-9,192,4.53,34.0,,118,,,Dallas Cowboys / 4th / 125th pick / 2006
Chad Greenway,OLB,Iowa,College Stats,6-2,242,4.76,33.5,16,117,7.00,4.22,Minnesota Vikings / 1st / 17th pick / 2006
Cedric Griffin,S,Texas,College Stats,6-0,199,4.51,35.5,17,125,6.84,4.10,Minnesota Vikings / 2nd / 48th pick / 2006
Derek Hagan,WR,Arizona State,College Stats,6-2,208,4.45,36.0,,124,,4.07,Miami Dolphins / 3rd / 82nd pick / 2006
Marques Hagans,RB,Virginia,College Stats,5-9,202,4.67,35.0,,114,7.03,4.38,St. Louis Rams / 5th / 144th pick / 2006
Tamba Hali,DE,Penn State,College Stats,6-3,275,4.87,,,,,,Kansas City Chiefs / 1st / 20th pick / 2006
Parys Haralson,DE,Tennessee,College Stats,6-1,253,4.80,32.0,24,115,7.37,4.26,San Francisco 49ers / 5th / 140th pick / 2006
Roman Harper,S,Alabama,College Stats,6-0,198,4.50,,19,,,,New Orleans Saints / 2nd / 43rd pick / 2006
Orien Harris,DT,Miami (FL),College Stats,6-3,301,5.27,,25,,,,Pittsburgh Steelers / 4th / 133rd pick / 2006
Jerome Harrison,RB,Washington State,College Stats,5-9,201,4.47,34.5,19,124,6.77,4.07,Cleveland Browns / 5th / 145th pick / 2006
Mike Hass,WR,Oregon State,College Stats,6-1,208,4.59,32.0,,116,6.97,4.14,New Orleans Saints / 6th / 171st pick / 2006
Jason Hatcher,DE,Grambling State,,6-6,284,4.82,35.5,28,113,7.67,4.49,Dallas Cowboys / 3rd / 92nd pick / 2006
A.J. Hawk,OLB,Ohio State,College Stats,6-1,248,4.59,40.0,24,115,6.82,3.96,Green Bay Packers / 1st / 5th pick / 2006
Devin Hester,WR,Miami (FL),College Stats,5-11,190,4.41,38.0,16,124,,,Chicago Bears / 2nd / 57th pick / 2006
Tye Hill,CB,Clemson,College Stats,5-10,185,4.34,41.0,,129,6.63,4.01,St. Louis Rams / 1st / 15th pick / 2006
Abdul Hodge,ILB,Iowa,College Stats,6-0,236,4.76,31.0,,108,7.09,4.30,Green Bay Packers / 3rd / 67th pick / 2006
Santonio Holmes,WR,Ohio State,College Stats,5-11,188,4.35,,,,,,Pittsburgh Steelers / 1st / 25th pick / 2006
Thomas Howard,OLB,Texas-El Paso,College Stats,6-3,239,4.42,39.0,21,124,6.96,4.28,Oakland Raiders / 2nd / 38th pick / 2006
Marcus Hudson,S,North Carolina State,College Stats,6-1,194,4.55,,11,,,,San Francisco 49ers / 6th / 192nd pick / 2006
Michael Huff,S,Texas,College Stats,6-0,204,4.34,40.5,21,125,,,Oakland Raiders / 1st / 7th pick / 2006
Cedric Humes,RB,Virginia Tech,College Stats,6-1,227,4.62,30.5,18,106,7.07,4.22,Pittsburgh Steelers / 7th / 240th pick / 2006
Clint Ingram,OLB,Oklahoma,College Stats,6-2,244,4.65,41.0,22,,7.12,4.10,Jacksonville Jaguars / 3rd / 80th pick / 2006
Chad Jackson,WR,Florida,College Stats,6-1,213,4.32,38.5,,122,6.73,3.97,New England Patriots / 2nd / 36th pick / 2006
D'Qwell Jackson,ILB,Maryland,College Stats,6-0,230,4.73,37.0,19,116,7.05,4.36,Cleveland Browns / 2nd / 34th pick / 2006
Tarvaris Jackson,QB,Arkansas,College Stats,6-2,226,4.69,31.5,22,107,7.40,4.38,Minnesota Vikings / 2nd / 64th pick / 2006
Omar Jacobs,QB,Bowling Green,College Stats,6-4,232,4.84,32.5,,108,7.47,4.29,Pittsburgh Steelers / 5th / 164th pick / 2006
Max Jean-Gilles,OG,Georgia,College Stats,6-4,355,5.48,24.5,27,95,8.56,5.08,Philadelphia Eagles / 4th / 99th pick / 2006
Julian Jenkins,DE,Stanford,College Stats,6-4,277,5.03,34.5,25,110,7.11,4.23,Tampa Bay Buccaneers / 5th / 156th pick / 2006
Adam Jennings,WR,Fresno State,College Stats,5-9,181,4.44,37.5,,118,6.88,4.12,Atlanta Falcons / 6th / 184th pick / 2006
Greg Jennings,WR,West. Michigan,College Stats,5-11,197,4.42,36.5,,117,6.68,4.16,Green Bay Packers / 2nd / 52nd pick / 2006
Kelly Jennings,CB,Miami (FL),College Stats,5-11,178,4.39,40.0,,120,,4.00,Seattle Seahawks / 1st / 31st pick / 2006
Tim Jennings,CB,Georgia,College Stats,5-8,185,4.32,37.5,17,117,,,Indianapolis Colts / 2nd / 62nd pick / 2006
Brandon Johnson,OLB,Louisville,College Stats,6-5,228,4.44,37.0,11,118,7.17,4.34,Arizona Cardinals / 5th / 142nd pick / 2006
Johnny Jolly,DT,Texas A&M,College Stats,6-3,317,5.41,,,104,,,Green Bay Packers / 6th / 183rd pick / 2006
Maurice Jones-Drew,RB,UCLA,College Stats,5-7,207,4.39,36.0,18,116,7.08,4.38,Jacksonville Jaguars / 2nd / 60th pick / 2006
Davin Joseph,OG,Oklahoma,College Stats,6-3,311,5.09,32.0,24,111,,4.97,Tampa Bay Buccaneers / 1st / 23rd pick / 2006
Johnathan Joseph,CB,South Carolina,,5-11,193,4.31,37.0,15,123,6.92,4.23,Cincinnati Bengals / 1st / 24th pick / 2006
Winston Justice,OT,USC,College Stats,6-6,319,5.16,35.0,,110,7.31,4.53,Philadelphia Eagles / 2nd / 39th pick / 2006
Freddy Keiaho,ILB,San Diego State,College Stats,5-11,224,4.68,36.0,15,113,7.01,4.12,Indianapolis Colts / 3rd / 94th pick / 2006
Jeff King,TE,Virginia Tech,College Stats,6-5,245,4.83,32.5,21,109,6.99,4.09,Carolina Panthers / 5th / 155th pick / 2006
David Kirtman,FB,USC,College Stats,5-11,233,4.76,29.5,,106,7.18,4.31,Seattle Seahawks / 5th / 163rd pick / 2006
Mathias Kiwanuka,DE,Boston Col.,College Stats,6-6,266,4.70,32.0,17,120,7.27,4.13,New York Giants / 1st / 32nd pick / 2006
Joe Klopfenstein,TE,Colorado,College Stats,6-6,255,4.63,36.0,27,112,7.39,4.21,St. Louis Rams / 2nd / 46th pick / 2006
Chris Kuper,OG,North Dakota,,6-4,301,5.10,30.0,24,109,7.59,4.60,Denver Broncos / 5th / 161st pick / 2006
Ryan LaCasse,DE,Syracuse,College Stats,6-2,257,4.62,34.0,34,113,7.25,4.30,Baltimore Ravens / 7th / 219th pick / 2006
Dawan Landry,S,Georgia Tech,College Stats,6-1,220,4.64,37.5,18,124,,4.27,Baltimore Ravens / 5th / 146th pick / 2006
Manny Lawson,OLB,North Carolina State,College Stats,6-5,241,4.43,39.5,23,124,6.90,4.18,San Francisco 49ers / 1st / 22nd pick / 2006
Josh Lay,CB,Pittsburgh,,6-0,197,4.48,40.5,16,120,,,New Orleans Saints / 6th / 174th pick / 2006
Matt Leinart,QB,USC,College Stats,6-5,223,4.90,,,,,,Arizona Cardinals / 1st / 10th pick / 2006
Jonathan Lewis,DT,Virginia Tech,College Stats,6-1,309,4.97,33.5,24,111,7.40,4.40,Arizona Cardinals / 6th / 177th pick / 2006
Marcedes Lewis,TE,UCLA,College Stats,6-6,261,4.80,37.0,23,118,7.24,4.82,Jacksonville Jaguars / 1st / 28th pick / 2006
Calvin Lowry,S,Penn State,College Stats,5-11,200,4.54,36.0,15,120,7.16,4.20,Tennessee Titans / 4th / 102nd pick / 2006
Wali Lundy,RB,Virginia,College Stats,5-11,214,4.48,35.0,18,111,6.99,4.36,Houston Texans / 6th / 170th pick / 2006
Deuce Lutui,OG,USC,,6-4,334,5.35,28.0,26,97,8.04,4.76,Arizona Cardinals / 2nd / 41st pick / 2006
Jesse Mahelona,DT,Tennessee,College Stats,6-0,311,5.37,,,,,,Tennessee Titans / 5th / 169th pick / 2006
Nick Mangold,C,Ohio State,,6-4,300,5.05,27.5,24,104,7.47,4.36,New York Jets / 1st / 29th pick / 2006
Danieal Manning,CB,Abilene Christian,,5-11,202,4.48,39.0,17,123,7.23,4.07,Chicago Bears / 2nd / 42nd pick / 2006
Laurence Maroney,RB,Minnesota,College Stats,6-0,217,4.48,,,,,,New England Patriots / 1st / 21st pick / 2006
Brandon Marshall,WR,Central Florida,College Stats,6-4,229,4.52,37.0,,120,,,Denver Broncos / 4th / 119th pick / 2006
Richard Marshall,CB,Fresno State,College Stats,5-11,189,4.42,37.0,12,129,6.65,4.16,Carolina Panthers / 2nd / 58th pick / 2006
Derrick Martin,CB,Wyoming,College Stats,5-10,202,4.50,40.0,17,127,6.72,3.95,Baltimore Ravens / 6th / 208th pick / 2006
Ingle Martin,QB,Furman,,6-2,220,4.71,36.0,,111,7.13,4.17,Green Bay Packers / 5th / 148th pick / 2006
Jimmy Martin,OT,Virginia Tech,,6-5,303,5.23,31.0,25,101,,,San Diego Chargers / 7th / 227th pick / 2006
Tim Massaquoi,TE,Michigan,College Stats,6-3,259,4.85,,32,,,,Tampa Bay Buccaneers / 7th / 244th pick / 2006
Fred Matua,OG,USC,,6-2,306,5.00,24.5,28,93,7.87,4.76,Detroit Lions / 7th / 217th pick / 2006
Marcus Maxey,CB,Miami (FL),College Stats,6-1,198,4.48,41.5,14,129,,,Kansas City Chiefs / 5th / 154th pick / 2006
Dee McCann,CB,West Virginia,College Stats,5-11,197,4.53,40.5,,122,7.35,4.38,Detroit Lions / 6th / 179th pick / 2006
John McCargo,DT,North Carolina State,College Stats,6-1,302,5.15,30.5,25,110,7.79,4.48,Buffalo Bills / 1st / 26th pick / 2006
Stanley McClover,DE,Auburn,College Stats,6-2,262,4.70,39.0,19,114,7.87,4.50,Carolina Panthers / 7th / 237th pick / 2006
Tim McGarigle,ILB,Northwestern,College Stats,6-1,242,4.73,38.0,,118,7.09,4.07,St. Louis Rams / 7th / 221st pick / 2006
Rocky McIntosh,OLB,Miami (FL),,6-2,237,4.62,41.5,18,119,,,Washington Redskins / 2nd / 35th pick / 2006
Reggie McNeal,QB,Texas A&M,College Stats,6-2,198,4.40,32.0,,121,6.96,4.25,Cincinnati Bengals / 6th / 193rd pick / 2006
Marcus McNeill,OT,Auburn,College Stats,6-8,336,5.07,31.0,,98,8.19,5.00,San Diego Chargers / 2nd / 50th pick / 2006
Gerrick McPhearson,CB,Maryland,College Stats,5-10,196,4.42,41.5,18,129,,,New York Giants / 7th / 232nd pick / 2006
Paul McQuistan,OT,Weber State,,6-6,312,5.07,29.5,28,110,7.72,4.62,Oakland Raiders / 3rd / 69th pick / 2006
Garrett Mills,FB,Tulsa,College Stats,6-1,241,4.64,35.5,23,111,6.81,4.05,New England Patriots / 4th / 106th pick / 2006
Jeremy Mincey,DE,Florida,College Stats,6-3,259,4.76,33.5,27,116,6.99,4.25,New England Patriots / 6th / 191st pick / 2006
DeMario Minter,CB,Georgia,College Stats,5-11,190,4.52,38.5,10,131,6.87,4.10,Cleveland Browns / 5th / 152nd pick / 2006
Will Montgomery,C,Virginia Tech,,6-3,312,5.12,29.5,35,104,7.40,4.43,Carolina Panthers / 7th / 234th pick / 2006
Sinorice Moss,WR,Miami (FL),College Stats,5-8,185,4.38,,,,,,New York Giants / 2nd / 44th pick / 2006
Terna Nande,OLB,Miami (OH),College Stats,6-0,232,4.51,39.0,41,124,6.97,4.11,Tennessee Titans / 5th / 137th pick / 2006
Haloti Ngata,DT,Oregon,College Stats,6-4,338,5.13,31.5,37,110,7.95,4.65,Baltimore Ravens / 1st / 12th pick / 2006
A.J. Nicholson,OLB,Florida State,College Stats,6-1,252,4.88,,25,116,7.37,4.43,Cincinnati Bengals / 5th / 157th pick / 2006
Rob Ninkovich,DE,Purdue,College Stats,6-3,260,4.91,34.5,23,116,6.96,4.18,New Orleans Saints / 5th / 135th pick / 2006
Jerious Norwood,RB,Mississippi State,College Stats,6-0,210,4.40,36.5,15,122,6.81,4.25,Atlanta Falcons / 3rd / 79th pick / 2006
Ryan O'Callaghan,OT,California,,6-7,344,5.39,25.0,21,92,,,New England Patriots / 5th / 136th pick / 2006
Ben Obomanu,WR,Auburn,College Stats,6-1,205,4.45,38.0,,116,7.17,4.21,Seattle Seahawks / 7th / 249th pick / 2006
Quinn Ojinnaka,OT,Syracuse,,6-5,309,5.44,28.5,21,102,8.45,5.11,Atlanta Falcons / 5th / 139th pick / 2006
Melvin Oliver,DE,LSU,College Stats,6-3,276,5.08,,,,,,San Francisco 49ers / 6th / 197th pick / 2006
Jonathan Orr,WR,Wisconsin,College Stats,6-2,198,4.44,35.5,,119,7.31,4.16,Tennessee Titans / 6th / 172nd pick / 2006
Babatunde Oshinowo,DT,Stanford,,6-2,304,5.27,32.0,33,105,7.87,4.54,Cleveland Browns / 6th / 181st pick / 2006
Jarrad Page,S,UCLA,College Stats,6-0,239,4.63,38.0,,127,6.68,4.14,Kansas City Chiefs / 7th / 228th pick / 2006
Domata Peko,DT,Michigan State,College Stats,6-3,307,5.27,28.5,25,103,7.69,4.49,Cincinnati Bengals / 4th / 123rd pick / 2006
Terrance Pennington,OT,New Mexico,,6-7,325,5.39,28.5,28,102,,,Buffalo Bills / 7th / 216th pick / 2006
Charlie Peprah,S,Alabama,College Stats,5-11,206,4.66,37.5,15,119,6.81,4.09,New York Giants / 5th / 158th pick / 2006
Marvin Philip,C,California,,6-1,307,5.24,27.0,27,96,7.85,4.69,Pittsburgh Steelers / 6th / 201st pick / 2006
David Pittman,CB,NW State (LA),,5-11,182,4.44,36.0,14,128,,4.23,Baltimore Ravens / 3rd / 87th pick / 2006
Ryan Plackemeier,P,Wake Forest,College Stats,6-3,253,5.20,,,,,,Seattle Seahawks / 7th / 239th pick / 2006
Jason Pociask,TE,Wisconsin,College Stats,6-3,266,4.84,32.5,23,115,7.31,4.30,New York Jets / 5th / 150th pick / 2006
Bernard Pollard,S,Purdue,College Stats,6-2,224,4.57,36.5,,131,,,Kansas City Chiefs / 2nd / 54th pick / 2006
Leonard Pope,TE,Georgia,College Stats,6-8,258,4.62,37.5,22,118,7.47,4.67,Arizona Cardinals / 3rd / 72nd pick / 2006
Willie Reid,WR,Florida State,College Stats,5-10,188,4.34,37.5,,117,7.06,4.26,Pittsburgh Steelers / 3rd / 95th pick / 2006
Michael Robinson,WR,Penn State,College Stats,6-1,227,4.57,,,,,,San Francisco 49ers / 4th / 100th pick / 2006
Cory Rodgers,WR,TCU,College Stats,6-0,188,4.58,33.5,,110,7.37,4.19,Green Bay Packers / 4th / 104th pick / 2006
Frostee Rucker,DE,USC,College Stats,6-3,267,4.88,29.5,,110,,,Cincinnati Bengals / 3rd / 91st pick / 2006
DeMeco Ryans,OLB,Alabama,College Stats,6-1,236,4.65,39.0,23,129,7.19,4.17,Houston Texans / 2nd / 33rd pick / 2006
Nate Salley,S,Ohio State,College Stats,6-2,216,4.63,40.0,14,123,6.79,4.15,Carolina Panthers / 4th / 121st pick / 2006
Tony Scheffler,TE,West. Michigan,College Stats,6-5,254,4.54,33.5,17,115,6.81,4.01,Denver Broncos / 2nd / 61st pick / 2006
Anthony Schlegel,ILB,Ohio State,College Stats,6-0,250,4.88,32.0,21,111,7.41,4.38,New York Jets / 3rd / 76th pick / 2006
Jonathan Scott,OT,Texas,College Stats,6-6,315,5.32,24.5,,101,7.73,4.85,Detroit Lions / 5th / 141st pick / 2006
Mark Setterstrom,OG,Minnesota,,6-4,314,5.38,26.5,19,100,7.63,4.53,St. Louis Rams / 7th / 242nd pick / 2006
D.J. Shockley,QB,Georgia,College Stats,6-1,214,4.56,37.5,,121,7.07,4.17,Atlanta Falcons / 7th / 223rd pick / 2006
Kevin Simon,OLB,Tennessee,College Stats,5-10,235,4.89,28.0,26,103,7.69,4.32,Washington Redskins / 7th / 250th pick / 2006
Ko Simpson,S,South Carolina,College Stats,6-1,209,4.45,40.5,11,122,7.09,4.17,Buffalo Bills / 4th / 105th pick / 2006
Ernie Sims,OLB,Florida State,College Stats,5-11,231,4.50,41.0,25,125,7.31,4.22,Detroit Lions / 1st / 9th pick / 2006
Rob Sims,OG,Ohio State,,6-3,307,5.25,,27,,,,Seattle Seahawks / 4th / 128th pick / 2006
Anthony Smith,S,Syracuse,College Stats,6-0,194,4.71,41.0,18,125,6.75,4.35,Pittsburgh Steelers / 3rd / 83rd pick / 2006
Brad Smith,WR,Missouri,College Stats,6-2,213,4.46,39.5,,128,7.00,4.33,New York Jets / 4th / 103rd pick / 2006
Eric Smith,S,Michigan State,College Stats,6-1,209,4.63,40.0,21,127,6.89,4.10,New York Jets / 3rd / 97th pick / 2006
Isaac Sowells,OG,Indiana,,6-3,324,5.15,28.5,20,101,8.13,4.98,Cleveland Browns / 4th / 112th pick / 2006
Charles Spencer,OG,Pittsburgh,,6-5,352,5.25,,30,,,,Houston Texans / 3rd / 65th pick / 2006
Jason Spitz,OG,Louisville,College Stats,6-3,313,5.40,28.5,25,102,7.82,4.55,Green Bay Packers / 3rd / 75th pick / 2006
Montavious Stanley,DT,Louisville,College Stats,6-2,313,5.12,29.0,,106,8.06,4.60,Dallas Cowboys / 6th / 182nd pick / 2006
Dan Stevenson,OG,Notre Dame,,6-5,300,5.36,24.5,24,100,7.58,4.59,New England Patriots / 6th / 205th pick / 2006
Maurice Stovall,WR,Notre Dame,College Stats,6-4,217,4.57,35.0,,122,6.81,4.14,Tampa Bay Buccaneers / 3rd / 90th pick / 2006
Zach Strief,OT,Northwestern,College Stats,6-8,330,5.38,21.0,19,94,8.01,4.83,New Orleans Saints / 7th / 210th pick / 2006
Quinn Sypniewski,TE,Colorado,College Stats,6-6,268,4.77,32.5,20,114,7.09,4.52,Baltimore Ravens / 5th / 166th pick / 2006
Darryl Tapp,DE,Virginia Tech,College Stats,6-2,252,4.83,33.0,27,109,7.31,4.48,Seattle Seahawks / 2nd / 63rd pick / 2006
David Thomas,TE,Texas,College Stats,6-3,252,4.67,37.5,19,113,7.05,4.34,New England Patriots / 3rd / 86th pick / 2006
Joe Toledo,OT,Washington,,6-5,337,5.11,,32,,,,Miami Dolphins / 4th / 114th pick / 2006
Michael Toudouze,OT,TCU,,6-6,303,5.12,26.5,23,100,7.45,4.70,Indianapolis Colts / 5th / 162nd pick / 2006
Jeremy Trueblood,OT,Boston Col.,,6-8,316,5.25,27.5,20,96,7.82,4.68,Tampa Bay Buccaneers / 2nd / 59th pick / 2006
Stephen Tulloch,ILB,North Carolina State,College Stats,5-11,241,4.84,33.5,27,113,7.19,4.15,Tennessee Titans / 4th / 116th pick / 2006
Lawrence Vickers,FB,Colorado,College Stats,6-0,245,4.82,30.5,21,104,7.74,4.63,Cleveland Browns / 6th / 180th pick / 2006
Delanie Walker,WR,Central Missouri State,,6-1,240,4.49,36.5,,118,,,San Francisco 49ers / 6th / 175th pick / 2006
Leon Washington,RB,Florida State,College Stats,5-8,201,4.42,32.5,17,105,6.94,4.37,New York Jets / 4th / 117th pick / 2006
Pat Watkins,S,Florida State,College Stats,6-5,211,4.42,41.0,14,133,,,Dallas Cowboys / 5th / 138th pick / 2006
Todd Watkins,WR,BYU,College Stats,6-2,202,4.40,36.0,15,118,7.13,4.24,Arizona Cardinals / 7th / 218th pick / 2006
Gabe Watson,DT,Michigan,,6-3,339,5.27,25.0,36,96,8.28,4.80,Arizona Cardinals / 4th / 107th pick / 2006
Dee Webb,CB,Florida,,5-11,183,4.41,36.5,,121,,,Jacksonville Jaguars / 7th / 236th pick / 2006
Jeff Webb,WR,San Diego State,College Stats,6-2,211,4.40,37.0,,126,6.81,4.08,Kansas City Chiefs / 6th / 190th pick / 2006
Guy Whimper,OT,East Carolina,College Stats,6-5,304,4.96,29.0,26,102,7.38,4.59,New York Giants / 4th / 129th pick / 2006
LenDale White,RB,USC,College Stats,6-0,238,4.49,,,,,,Tennessee Titans / 2nd / 45th pick / 2006
Charlie Whitehurst,QB,Clemson,College Stats,6-5,223,4.75,33.0,,112,7.00,4.11,San Diego Chargers / 3rd / 81st pick / 2006
E.J. Whitley,OT,UNLV,College Stats,6-5,309,5.35,25.0,16,101,7.53,4.79,Dallas Cowboys / 7th / 224th pick / 2006
Donte Whitner,S,Ohio State,College Stats,5-10,204,4.40,40.0,18,132,,,Buffalo Bills / 1st / 8th pick / 2006
Andrew Whitworth,OT,LSU,,6-7,334,5.16,30.5,28,112,8.23,4.83,Cincinnati Bengals / 2nd / 55th pick / 2006
Gerris Wilkinson,ILB,Georgia Tech,College Stats,6-3,233,4.66,39.0,19,122,7.21,4.17,New York Giants / 3rd / 96th pick / 2006
T.J. Williams,TE,North Carolina State,College Stats,6-2,269,4.72,34.0,25,111,7.49,4.54,Tampa Bay Buccaneers / 6th / 202nd pick / 2006
Brandon Williams,WR,Wisconsin,College Stats,5-9,179,4.48,34.5,,115,6.87,4.07,San Francisco 49ers / 3rd / 84th pick / 2006
DeAngelo Williams,RB,Memphis,College Stats,5-9,214,4.45,35.5,25,121,,,Carolina Panthers / 1st / 27th pick / 2006
Demetrius Williams,WR,Oregon,College Stats,6-2,197,4.52,38.0,,127,6.84,4.08,Baltimore Ravens / 4th / 111th pick / 2006
Jamar Williams,OLB,Arizona State,College Stats,6-0,236,4.59,37.0,,120,7.03,4.29,Chicago Bears / 4th / 120th pick / 2006
Jimmy Williams,CB,Virginia Tech,College Stats,6-2,213,4.44,,,,,,Atlanta Falcons / 2nd / 37th pick / 2006
Leon Williams,ILB,Miami (FL),College Stats,6-3,245,4.54,,25,,,,Cleveland Browns / 4th / 110th pick / 2006
Mario Williams,DE,North Carolina State,College Stats,6-7,295,4.70,40.5,35,120,7.19,4.36,Houston Texans / 1st / 1st pick / 2006
Travis Wilson,WR,Oklahoma,College Stats,6-2,214,4.47,36.5,,120,6.70,3.99,Cleveland Browns / 3rd / 78th pick / 2006
Kamerion Wimbley,DE,Florida State,College Stats,6-4,248,4.61,38.5,24,129,6.97,4.48,Cleveland Browns / 1st / 13th pick / 2006
Eric Winston,OT,Miami (FL),College Stats,6-7,310,4.94,29.0,,108,7.47,4.44,Houston Texans / 3rd / 66th pick / 2006
Rodrique Wright,DT,Texas,College Stats,6-5,300,5.08,32.0,31,110,7.84,4.51,Miami Dolphins / 7th / 226th pick / 2006
Claude Wroten,DT,LSU,College Stats,6-2,302,5.08,,,,,,St. Louis Rams / 3rd / 68th pick / 2006
James Wyche,DE,Syracuse,College Stats,6-5,262,4.63,33.0,27,116,7.75,4.51,Jacksonville Jaguars / 7th / 213th pick / 2006
Ashton Youboty,CB,Ohio State,College Stats,6-0,189,4.44,,,,,,Buffalo Bills / 3rd / 70th pick / 2006
Vince Young,QB,Texas,College Stats,6-5,229,4.48,,,,,,Tennessee Titans / 1st / 3rd pick / 2006
Alan Zemaitis,CB,Penn State,College Stats,6-1,194,4.57,,,,,,Tampa Bay Buccaneers / 4th / 122nd pick / 2006
