Player,Position,School,College,Height,Weight,40 Time,Vertical Jump,Bench,Broad Jump,3 Cone,Shuttle,Drafted
Nate Allen,S,South Florida,College Stats,6-0,207,4.50,,16,,,,Philadelphia Eagles / 2nd / 37th pick / 2010
Tyson Alualu,DE,California,College Stats,6-2,295,4.87,35.5,21,116,7.15,4.43,Jacksonville Jaguars / 1st / 10th pick / 2010
Pat Angerer,ILB,Iowa,College Stats,6-0,235,4.71,35.0,26,110,7.04,4.29,Indianapolis Colts / 2nd / 63rd pick / 2010
Javier Arenas,CB,Alabama,College Stats,5-9,197,4.60,,,112,,,Kansas City Chiefs / 2nd / 50th pick / 2010
Jon Asamoah,OG,Illinois,,6-4,305,5.07,,,,,,Kansas City Chiefs / 3rd / 68th pick / 2010
Larry Asante,S,Nebraska,College Stats,6-0,212,4.62,37.5,14,118,7.00,4.17,Cleveland Browns / 5th / 160th pick / 2010
Geno Atkins,DT,Georgia,College Stats,6-1,293,4.75,33.0,34,117,7.33,4.43,Cincinnati Bengals / 4th / 120th pick / 2010
Zane Beadles,OG,Utah,College Stats,6-4,310,5.28,,27,,,,Denver Broncos / 2nd / 45th pick / 2010
Arrelious Benn,WR,Illinois,College Stats,6-1,219,4.57,37.0,20,118,,,Tampa Bay Buccaneers / 2nd / 39th pick / 2010
Eric Berry,S,Tennessee,College Stats,6-0,211,4.40,43.0,19,130,6.80,4.23,Kansas City Chiefs / 1st / 5th pick / 2010
Jahvid Best,RB,California,College Stats,5-10,199,4.34,32.5,18,113,6.75,4.17,Detroit Lions / 1st / 30th pick / 2010
Brent Bowden,P,Virginia Tech,College Stats,6-2,202,4.80,,,,,,Tampa Bay Buccaneers / 6th / 172nd pick / 2010
Navorro Bowman,OLB,Penn State,College Stats,6-0,242,4.70,29.5,26,115,6.91,4.59,San Francisco 49ers / 3rd / 91st pick / 2010
Sam Bradford,QB,Oklahoma,College Stats,6-4,236,4.79,,,,,,St. Louis Rams / 1st / 1st pick / 2010
Dezmon Briscoe,WR,Kansas,College Stats,6-2,207,4.66,33.0,9,115,7.10,4.57,Cincinnati Bengals / 6th / 191st pick / 2010
Antonio Brown,WR,Central Michigan,College Stats,5-10,186,4.56,33.5,13,105,6.98,4.18,Pittsburgh Steelers / 6th / 195th pick / 2010
Charles Brown,OT,USC,College Stats,6-5,303,5.21,31.5,21,,,,New Orleans Saints / 2nd / 64th pick / 2010
Levi Brown,QB,Troy,College Stats,6-3,229,4.93,31.5,20,106,7.07,4.43,Buffalo Bills / 7th / 209th pick / 2010
Dez Bryant,WR,Oklahoma State,College Stats,6-2,225,4.52,,,,,,Dallas Cowboys / 1st / 24th pick / 2010
Bryan Bulaga,OT,Iowa,,6-5,314,5.20,27.5,26,98,7.70,4.75,Green Bay Packers / 1st / 23rd pick / 2010
Morgan Burnett,S,Georgia Tech,College Stats,6-1,209,4.51,,16,,,,Green Bay Packers / 3rd / 71st pick / 2010
Crezdon Butler,CB,Clemson,College Stats,6-0,191,4.43,39.5,17,121,7.08,4.23,Pittsburgh Steelers / 5th / 164th pick / 2010
Donald Butler,ILB,Washington,College Stats,6-1,245,4.61,,35,,,,San Diego Chargers / 3rd / 79th pick / 2010
Nate Byham,TE,Pittsburgh,College Stats,6-4,268,4.97,29.0,,109,,,San Francisco 49ers / 6th / 182nd pick / 2010
Kyle Calloway,OT,Iowa,College Stats,6-6,323,5.46,23.5,22,92,7.96,4.86,Buffalo Bills / 7th / 216th pick / 2010
Bruce Campbell,OT,Maryland,College Stats,6-6,314,4.75,32.0,34,101,7.58,4.69,Oakland Raiders / 4th / 106th pick / 2010
Sean Canfield,QB,Oregon State,College Stats,6-4,223,4.93,29.5,,100,7.26,4.39,New Orleans Saints / 7th / 239th pick / 2010
Selvish Capers,OT,West Virginia,College Stats,6-5,308,5.11,30.5,19,106,7.68,4.68,Washington Redskins / 7th / 231st pick / 2010
Alex Carrington,DE,Arkansas State,College Stats,6-5,285,4.92,,26,,,,Buffalo Bills / 3rd / 72nd pick / 2010
Nolan Carroll,CB,Maryland,College Stats,5-11,204,4.42,,,,,,Miami Dolphins / 5th / 145th pick / 2010
Chris Carter,WR,California-Davis,,5-11,191,4.49,,12,,,,Pittsburgh Steelers / 5th / 162nd pick / 2011
Kam Chancellor,S,Virginia Tech,College Stats,6-3,231,4.62,32.0,22,116,7.36,4.41,Seattle Seahawks / 5th / 133rd pick / 2010
Jamar Chaney,ILB,Mississippi State,College Stats,6-1,242,4.54,39.0,26,124,6.90,4.29,Philadelphia Eagles / 7th / 220th pick / 2010
Jimmy Clausen,QB,Notre Dame,College Stats,6-3,222,4.76,,,,,,Carolina Panthers / 2nd / 48th pick / 2010
Keenan Clayton,OLB,Oklahoma,College Stats,6-1,229,4.59,41.5,27,124,,,Philadelphia Eagles / 4th / 121st pick / 2010
Terrence Cody,DT,Alabama,College Stats,6-4,354,5.71,20.5,,90,8.19,5.03,Baltimore Ravens / 2nd / 57th pick / 2010
Kurt Coleman,S,Ohio State,College Stats,5-10,192,4.55,,19,,,,Philadelphia Eagles / 7th / 244th pick / 2010
John Conner,FB,Kentucky,College Stats,5-11,246,4.64,35.0,24,111,7.15,4.32,New York Jets / 5th / 139th pick / 2010
Kavell Conner,OLB,Clemson,College Stats,6-0,242,4.59,33.5,24,110,7.36,4.60,Indianapolis Colts / 7th / 240th pick / 2010
Chris Cook,CB,Virginia,College Stats,6-2,212,4.45,38.0,7,132,6.88,4.23,Minnesota Vikings / 2nd / 34th pick / 2010
Erik Cook,C,New Mexico,,6-6,318,5.55,25.0,19,94,8.24,4.99,Washington Redskins / 7th / 229th pick / 2010
Riley Cooper,WR,Florida,College Stats,6-3,222,4.53,33.0,,114,,,Philadelphia Eagles / 5th / 159th pick / 2010
Perrish Cox,CB,Oklahoma State,College Stats,5-11,195,4.58,32.5,12,113,,,Denver Broncos / 5th / 137th pick / 2010
Jermaine Cunningham,DE,Florida,College Stats,6-3,266,4.89,,,,,,New England Patriots / 2nd / 53rd pick / 2010
Rennie Curran,OLB,Georgia,College Stats,5-11,235,4.75,34.5,25,,,,Tennessee Titans / 3rd / 97th pick / 2010
Anthony Davis,OT,Rutgers,College Stats,6-5,323,5.36,33.0,21,99,8.17,4.97,San Francisco 49ers / 1st / 11th pick / 2010
Dexter Davis,OLB,Arizona State,College Stats,6-1,244,4.62,35.0,25,109,7.08,4.30,Seattle Seahawks / 7th / 236th pick / 2010
Hall Davis,DE,Louisiana-Lafayette,College Stats,6-4,271,4.84,,28,,,,St. Louis Rams / 5th / 149th pick / 2010
Brandon Deaderick,DT,Alabama,College Stats,6-4,314,5.08,,,,,,New England Patriots / 7th / 247th pick / 2010
Eric Decker,WR,Minnesota,College Stats,6-3,217,4.54,,15,,,,Denver Broncos / 3rd / 87th pick / 2010
Chris DeGeare,OG,Wake Forest,,6-4,325,5.12,32.5,27,103,7.84,4.90,Minnesota Vikings / 5th / 161st pick / 2010
Dorin Dickerson,TE,Pittsburgh,College Stats,6-1,226,4.40,43.5,24,125,6.96,4.30,Houston Texans / 7th / 227th pick / 2010
Ed Dickson,TE,Oregon,College Stats,6-4,249,4.59,34.0,23,115,7.32,4.59,Baltimore Ravens / 3rd / 70th pick / 2010
Phillip Dillard,ILB,Nebraska,College Stats,6-0,245,4.65,31.5,,106,7.16,4.43,New York Giants / 4th / 115th pick / 2010
Anthony Dixon,RB,Mississippi State,College Stats,6-1,233,4.67,33.0,15,121,7.09,4.49,San Francisco 49ers / 6th / 173rd pick / 2010
Matt Dodge,P,East Carolina,College Stats,6-1,224,,,,,,,New York Giants / 7th / 221st pick / 2010
Jim Dray,TE,Stanford,College Stats,6-5,246,4.82,,17,,,,Arizona Cardinals / 7th / 233rd pick / 2010
Vladimir Ducasse,OT,Massachusetts,,6-4,332,5.21,26.0,29,91,8.25,4.97,New York Jets / 2nd / 61st pick / 2010
Carlos Dunlap,DE,Florida,College Stats,6-6,277,4.68,31.5,21,111,7.21,4.61,Cincinnati Bengals / 2nd / 54th pick / 2010
Jonathan Dwyer,RB,Georgia Tech,College Stats,5-11,229,4.64,33.0,15,107,7.56,4.67,Pittsburgh Steelers / 6th / 188th pick / 2010
Marcus Easley,WR,Connecticut,College Stats,6-3,210,4.39,34.0,16,123,6.94,4.60,Buffalo Bills / 4th / 107th pick / 2010
A.J. Edds,OLB,Iowa,College Stats,6-4,246,4.62,33.0,16,117,7.19,4.28,Miami Dolphins / 4th / 119th pick / 2010
Armanti Edwards,WR,Appalachian State,,5-11,187,4.41,,,,,,Carolina Panthers / 3rd / 89th pick / 2010
Brody Eldridge,TE,Oklahoma,College Stats,6-5,261,4.72,31.5,,,,,Indianapolis Colts / 5th / 162nd pick / 2010
Dedrick Epps,TE,Miami (FL),College Stats,6-3,250,4.70,,19,,,,San Diego Chargers / 7th / 235th pick / 2010
Jacoby Ford,WR,Clemson,College Stats,5-9,186,4.28,33.5,15,115,7.00,4.44,Oakland Raiders / 4th / 108th pick / 2010
Jason Fox,OT,Miami (FL),College Stats,6-7,303,5.45,,23,,,,Detroit Lions / 4th / 128th pick / 2010
Dominique Franks,CB,Oklahoma,College Stats,5-11,194,4.46,33.5,10,117,7.32,4.33,Atlanta Falcons / 5th / 135th pick / 2010
Clifton Geathers,DE,South Carolina,College Stats,6-7,299,4.98,36.0,26,112,7.69,,Cleveland Browns / 6th / 186th pick / 2010
Toby Gerhart,RB,Stanford,College Stats,6-0,231,4.50,38.0,22,118,6.94,4.25,Minnesota Vikings / 2nd / 51st pick / 2010
David Gettis,WR,Baylor,College Stats,6-3,217,4.43,34.5,15,124,6.94,4.41,Carolina Panthers / 6th / 198th pick / 2010
Brandon Ghee,CB,Wake Forest,College Stats,6-0,192,4.37,37.0,15,127,6.75,4.07,Cincinnati Bengals / 3rd / 96th pick / 2010
Thaddeus Gibson,OLB,Ohio State,College Stats,6-2,243,4.78,32.0,32,115,6.84,4.27,Pittsburgh Steelers / 4th / 116th pick / 2010
Mardy Gilyard,WR,Cincinnati,College Stats,6-0,187,4.61,39.0,,116,6.92,4.40,St. Louis Rams / 4th / 99th pick / 2010
Travis Goethel,ILB,Arizona State,College Stats,6-2,240,4.81,35.0,21,111,6.93,4.54,Oakland Raiders / 6th / 190th pick / 2010
Brandon Graham,OLB,Michigan,College Stats,6-1,268,4.71,,31,,,,Philadelphia Eagles / 1st / 13th pick / 2010
Garrett Graham,TE,Wisconsin,College Stats,6-3,243,4.71,34.5,20,112,7.09,4.35,Houston Texans / 4th / 118th pick / 2010
Jimmy Graham,TE,Miami (FL),College Stats,6-6,260,4.53,38.5,,120,6.90,4.45,New Orleans Saints / 3rd / 95th pick / 2010
Jermaine Gresham,TE,Oklahoma,College Stats,6-5,261,4.66,35.0,20,113,7.07,4.53,Cincinnati Bengals / 1st / 21st pick / 2010
Everson Griffen,DE,USC,College Stats,6-3,273,4.65,,32,,,,Minnesota Vikings / 4th / 100th pick / 2010
Cody Grimm,S,Virginia Tech,College Stats,5-11,203,4.55,35.5,11,117,6.58,,Tampa Bay Buccaneers / 7th / 210th pick / 2010
Rob Gronkowski,TE,Arizona,College Stats,6-6,264,4.68,,23,,,,New England Patriots / 2nd / 42nd pick / 2010
Joe Haden,CB,Florida,College Stats,5-11,193,4.52,35.0,18,125,6.94,4.34,Cleveland Browns / 1st / 7th pick / 2010
Clay Harbor,FB,Missouri State,,6-3,252,4.62,40.0,30,120,,4.37,Philadelphia Eagles / 4th / 125th pick / 2010
Montario Hardesty,RB,Tennessee,College Stats,6-0,225,4.49,41.0,21,124,6.87,4.14,Cleveland Browns / 2nd / 59th pick / 2010
Greg Hardy,DE,Mississippi,College Stats,6-4,281,4.82,35.0,21,117,7.25,4.65,Carolina Panthers / 6th / 175th pick / 2010
Joe Hawley,C,UNLV,College Stats,6-3,297,5.21,26.0,35,105,7.50,4.73,Atlanta Falcons / 4th / 117th pick / 2010
Aaron Hernandez,TE,Florida,College Stats,6-2,245,4.64,,,,,,New England Patriots / 4th / 113th pick / 2010
Trindon Holliday,WR,LSU,College Stats,5-5,166,4.34,42.0,10,116,6.54,4.48,Houston Texans / 6th / 197th pick / 2010
Michael Hoomanawanui,TE,Illinois,College Stats,6-4,264,4.77,,25,,,,St. Louis Rams / 5th / 132nd pick / 2010
Lamarr Houston,DT,Texas,College Stats,6-3,305,4.84,33.5,30,114,7.61,4.71,Oakland Raiders / 2nd / 44th pick / 2010
Jerry Hughes,OLB,TCU,College Stats,6-2,255,4.65,34.5,26,118,6.99,4.15,Indianapolis Colts / 1st / 31st pick / 2010
Josh Hull,ILB,Penn State,College Stats,6-3,237,4.93,32.5,25,115,6.86,4.07,St. Louis Rams / 7th / 254th pick / 2010
Mike Iupati,OG,Idaho,College Stats,6-5,331,5.24,27.5,27,92,7.85,4.93,San Francisco 49ers / 1st / 17th pick / 2010
Kareem Jackson,CB,Alabama,College Stats,5-10,196,4.40,37.5,13,118,6.92,4.14,Houston Texans / 1st / 20th pick / 2010
John Jerry,OT,Mississippi,,6-5,328,5.15,27.5,,101,7.93,4.69,Miami Dolphins / 3rd / 73rd pick / 2010
Mike Johnson,OG,Alabama,College Stats,6-5,312,5.37,25.0,,91,8.15,5.01,Atlanta Falcons / 3rd / 98th pick / 2010
Arthur Jones,DT,Syracuse,College Stats,6-3,301,5.04,,,,,,Baltimore Ravens / 5th / 157th pick / 2010
Reshad Jones,S,Georgia,College Stats,6-1,214,4.51,39.5,24,118,7.43,4.54,Miami Dolphins / 5th / 163rd pick / 2010
Chad Jones,S,LSU,College Stats,6-2,221,4.59,36.0,9,115,6.83,4.14,New York Giants / 3rd / 76th pick / 2010
Linval Joseph,DT,East Carolina,College Stats,6-4,328,5.09,30.0,39,100,8.12,4.71,New York Giants / 2nd / 46th pick / 2010
Mike Kafka,QB,Northwestern,College Stats,6-3,225,4.93,32.0,,110,6.96,4.37,Philadelphia Eagles / 4th / 122nd pick / 2010
Sergio Kindle,OLB,Texas,College Stats,6-3,250,4.65,36.5,25,118,7.26,4.53,Baltimore Ravens / 2nd / 43rd pick / 2010
Jammie Kirlew,DE,Indiana,College Stats,6-1,260,5.05,33.0,26,111,7.50,4.74,Denver Broncos / 7th / 232nd pick / 2010
Brandon LaFell,WR,LSU,College Stats,6-2,211,4.58,36.0,,115,6.81,4.23,Carolina Panthers / 3rd / 78th pick / 2010
Ted Larsen,C,North Carolina State,College Stats,6-3,304,5.19,24.0,26,96,7.81,4.66,New England Patriots / 6th / 205th pick / 2010
Shawn Lauvao,OG,Arizona State,College Stats,6-3,315,5.22,26.5,33,101,7.56,4.51,Cleveland Browns / 3rd / 92nd pick / 2010
Sean Lee,ILB,Penn State,College Stats,6-2,236,4.71,37.5,24,120,,,Dallas Cowboys / 2nd / 55th pick / 2010
Dan LeFevour,QB,Central Michigan,College Stats,6-3,230,4.60,29.5,,110,6.93,4.22,Chicago Bears / 6th / 181st pick / 2010
Kendrick Lewis,S,Mississippi,College Stats,6-0,198,4.73,31.5,16,116,6.88,4.33,Kansas City Chiefs / 5th / 136th pick / 2010
Myron Lewis,S,Vanderbilt,College Stats,6-2,203,4.42,37.0,10,126,,,Tampa Bay Buccaneers / 3rd / 67th pick / 2010
Trevard Lindley,CB,Kentucky,College Stats,5-11,183,4.51,38.5,9,116,6.81,4.27,Philadelphia Eagles / 4th / 105th pick / 2010
Erik Lorig,DE,Stanford,College Stats,6-3,281,4.86,,,,,,Tampa Bay Buccaneers / 7th / 253rd pick / 2010
Ryan Mathews,RB,Fresno State,College Stats,6-0,218,4.37,36.0,19,121,7.00,4.33,San Diego Chargers / 1st / 12th pick / 2010
Taylor Mays,S,USC,College Stats,6-3,230,4.31,41.0,24,125,,,San Francisco 49ers / 2nd / 49th pick / 2010
Rolando McClain,ILB,Alabama,College Stats,6-3,254,4.68,,24,,,,Oakland Raiders / 1st / 8th pick / 2010
Dexter McCluster,WR,Mississippi,College Stats,5-9,172,4.53,37.5,20,118,,4.06,Kansas City Chiefs / 2nd / 36th pick / 2010
Devin McCourty,CB,Rutgers,College Stats,5-11,193,4.38,36.0,16,126,6.70,4.07,New England Patriots / 1st / 27th pick / 2010
Anthony McCoy,TE,USC,College Stats,6-4,259,4.71,35.5,19,113,6.99,4.57,Seattle Seahawks / 6th / 185th pick / 2010
Colt McCoy,QB,Texas,College Stats,6-1,216,4.79,,,114,,,Cleveland Browns / 3rd / 85th pick / 2010
Gerald McCoy,DT,Oklahoma,College Stats,6-4,295,5.04,30.5,23,114,7.32,4.48,Tampa Bay Buccaneers / 1st / 3rd pick / 2010
Joe McKnight,RB,USC,College Stats,5-11,198,4.40,36.5,18,120,,,New York Jets / 4th / 112th pick / 2010
Sherrick McManis,CB,Northwestern,College Stats,5-11,195,4.48,,,,,,Houston Texans / 5th / 144th pick / 2010
Kerry Meier,WR,Kansas,College Stats,6-2,224,4.62,35.0,13,115,,4.23,Atlanta Falcons / 5th / 165th pick / 2010
Zoltan Mesko,P,Michigan,College Stats,6-4,240,4.79,,16,,,,New England Patriots / 5th / 150th pick / 2010
Koa Misi,OLB,Utah,College Stats,6-3,251,4.75,38.0,,127,7.07,4.27,Miami Dolphins / 2nd / 40th pick / 2010
Carlton Mitchell,WR,South Florida,College Stats,6-3,215,4.46,36.0,16,122,6.96,4.55,Cleveland Browns / 6th / 177th pick / 2010
Earl Mitchell,DT,Arizona,College Stats,6-2,296,4.75,28.5,25,107,7.68,4.55,Houston Texans / 3rd / 81st pick / 2010
Arthur Moats,OLB,James Madison,,6-0,246,4.64,36.5,24,122,7.22,4.37,Buffalo Bills / 6th / 178th pick / 2010
Tony Moeaki,TE,Iowa,College Stats,6-3,245,4.69,34.0,18,113,7.10,4.42,Kansas City Chiefs / 3rd / 93rd pick / 2010
Joshua Moore,CB,Kansas State,College Stats,5-11,188,4.50,36.5,2,122,6.74,4.07,Chicago Bears / 5th / 141st pick / 2010
Derrick Morgan,DE,Georgia Tech,College Stats,6-3,266,4.77,34.0,,112,7.12,4.43,Tennessee Titans / 1st / 16th pick / 2010
Roddrick Muckelroy,OLB,Texas,College Stats,6-2,246,4.68,31.0,19,110,7.25,4.39,Cincinnati Bengals / 4th / 131st pick / 2010
Jerome Murphy,CB,South Florida,College Stats,6-0,196,4.50,38.0,16,127,6.87,4.05,St. Louis Rams / 3rd / 65th pick / 2010
Mike Neal,DT,Purdue,College Stats,6-3,294,4.87,33.0,31,113,7.53,4.53,Green Bay Packers / 2nd / 56th pick / 2010
Marshall Newhouse,OG,TCU,College Stats,6-4,319,4.99,25.0,25,97,7.40,4.60,Green Bay Packers / 5th / 169th pick / 2010
Eric Norwood,OLB,South Carolina,College Stats,6-1,245,4.71,36.5,,115,7.08,4.23,Carolina Panthers / 4th / 124th pick / 2010
Jared Odrick,DT,Penn State,College Stats,6-5,304,5.03,29.0,26,106,7.22,4.59,Miami Dolphins / 1st / 28th pick / 2010
Russell Okung,OT,Oklahoma State,College Stats,6-5,307,5.18,,38,,,,Seattle Seahawks / 1st / 6th pick / 2010
Eric Olsen,C,Notre Dame,College Stats,6-4,306,5.25,29.5,35,93,7.50,4.82,Denver Broncos / 6th / 183rd pick / 2010
Jeff Owens,DT,Georgia,College Stats,6-1,304,4.97,30.0,44,101,,4.68,Philadelphia Eagles / 7th / 243rd pick / 2010
Akwasi Owusu-Ansah,CB,Indiana (PA),,6-0,207,4.32,35.5,,120,6.84,4.32,Dallas Cowboys / 4th / 126th pick / 2010
Corey Peters,DT,Kentucky,College Stats,6-3,300,4.98,33.0,,98,7.56,4.76,Atlanta Falcons / 3rd / 83rd pick / 2010
Mitch Petrus,OG,Arkansas,College Stats,6-3,310,5.34,,45,,,,New York Giants / 5th / 147th pick / 2010
Jason Pierre-Paul,DE,South Florida,College Stats,6-5,270,4.71,30.5,19,115,7.18,4.67,New York Giants / 1st / 15th pick / 2010
Tony Pike,QB,Cincinnati,College Stats,6-6,223,4.90,28.5,,108,7.06,4.53,Carolina Panthers / 6th / 204th pick / 2010
Dennis Pitta,TE,BYU,College Stats,6-4,245,4.68,34.0,27,113,6.72,4.17,Baltimore Ravens / 4th / 114th pick / 2010
Maurkice Pouncey,C,Florida,College Stats,6-4,304,5.25,,,95,7.74,4.92,Pittsburgh Steelers / 1st / 18th pick / 2010
Brian Price,DT,UCLA,College Stats,6-1,303,5.12,28.5,34,96,,,Tampa Bay Buccaneers / 2nd / 35th pick / 2010
Taylor Price,WR,Ohio,College Stats,6-0,204,4.40,37.0,16,114,6.82,4.34,New England Patriots / 3rd / 90th pick / 2010
Andrew Quarless,TE,Penn State,College Stats,6-4,254,4.68,32.0,23,112,,,Green Bay Packers / 5th / 154th pick / 2010
David Reed,WR,Utah,College Stats,6-0,191,4.56,37.0,15,114,6.95,4.38,Baltimore Ravens / 5th / 156th pick / 2010
Perry Riley,OLB,LSU,College Stats,6-1,239,4.69,35.5,,119,6.97,4.25,Washington Redskins / 4th / 103rd pick / 2010
Andre Roberts,WR,Citadel,,5-11,195,4.40,36.0,15,120,6.77,4.15,Arizona Cardinals / 3rd / 88th pick / 2010
Patrick Robinson,CB,Florida State,College Stats,5-11,190,4.46,39.0,15,122,6.78,,New Orleans Saints / 1st / 32nd pick / 2010
Zac Robinson,QB,Oklahoma State,College Stats,6-2,214,4.68,35.0,,110,7.24,4.40,New England Patriots / 7th / 250th pick / 2010
Myron Rolle,S,Florida State,,6-2,215,4.59,36.0,21,124,6.94,4.15,Tennessee Titans / 6th / 207th pick / 2010
Rodger Saffold,OT,Indiana,College Stats,6-5,316,5.21,29.5,27,113,7.42,4.67,St. Louis Rams / 2nd / 33rd pick / 2010
Emmanuel Sanders,WR,SMU,College Stats,5-11,186,4.40,39.5,12,126,6.64,4.10,Pittsburgh Steelers / 3rd / 82nd pick / 2010
Ricky Sapp,OLB,Clemson,College Stats,6-4,252,4.65,34.0,23,114,7.29,4.41,Philadelphia Eagles / 5th / 134th pick / 2010
O'Brien Schofield,OLB,Wisconsin,College Stats,6-2,221,4.63,,,,,,Arizona Cardinals / 4th / 130th pick / 2010
Charles Scott,RB,LSU,College Stats,5-11,238,4.68,30.5,,111,6.98,4.47,Philadelphia Eagles / 6th / 200th pick / 2010
Chris Scott,OG,Tennessee,,6-5,319,5.52,22.5,19,90,8.24,5.03,Pittsburgh Steelers / 5th / 151st pick / 2010
George Selvie,DE,South Florida,College Stats,6-4,252,4.93,30.5,24,109,7.48,4.63,St. Louis Rams / 7th / 226th pick / 2010
Darryl Sharpton,ILB,Miami (FL),College Stats,5-11,236,4.81,,24,,7.19,4.42,Houston Texans / 4th / 102nd pick / 2010
Cameron Sheffield,OLB,Troy,College Stats,6-2,257,4.92,33.0,,115,7.23,4.53,Kansas City Chiefs / 5th / 142nd pick / 2010
Jordan Shipley,WR,Texas,College Stats,5-11,193,4.60,36.5,16,116,,,Cincinnati Bengals / 3rd / 84th pick / 2010
John Skelton,QB,Fordham,,6-5,243,4.85,33.5,,108,7.17,4.33,Arizona Cardinals / 5th / 155th pick / 2010
D'Anthony Smith,DT,Louisiana Tech,College Stats,6-2,304,5.01,,,,,,Jacksonville Jaguars / 3rd / 74th pick / 2010
Shelley Smith,OG,Colorado State,,6-3,300,5.03,34.0,26,112,7.67,4.71,Houston Texans / 6th / 187th pick / 2010
Amari Spievey,CB,Iowa,College Stats,5-11,195,4.52,35.0,,116,,,Detroit Lions / 3rd / 66th pick / 2010
Brandon Spikes,ILB,Florida,College Stats,6-3,249,5.05,29.0,,111,6.97,,New England Patriots / 2nd / 62nd pick / 2010
C.J. Spiller,RB,Clemson,College Stats,5-11,196,4.37,,18,,,,Buffalo Bills / 1st / 9th pick / 2010
James Starks,RB,Buffalo,College Stats,6-2,218,4.50,36.0,15,119,6.89,4.23,Green Bay Packers / 6th / 193rd pick / 2010
Darrell Stuckey,S,Kansas,College Stats,5-11,205,4.46,39.5,17,120,,,San Diego Chargers / 4th / 110th pick / 2010
Ndamukong Suh,DT,Nebraska,College Stats,6-4,307,5.03,35.5,32,105,7.21,4.44,Detroit Lions / 1st / 2nd pick / 2010
Stevenson Sylvester,OLB,Utah,College Stats,6-2,231,4.71,,23,,,,Pittsburgh Steelers / 5th / 166th pick / 2010
Ben Tate,RB,Auburn,College Stats,5-11,220,4.34,40.5,26,124,6.91,4.12,Houston Texans / 2nd / 58th pick / 2010
Golden Tate,WR,Notre Dame,College Stats,5-10,199,4.42,35.0,17,120,7.12,4.34,Seattle Seahawks / 2nd / 60th pick / 2010
Daniel Te'o-Nesheim,DE,Washington,College Stats,6-3,263,4.73,37.0,29,121,6.91,4.18,Philadelphia Eagles / 3rd / 86th pick / 2010
Tim Tebow,QB,Florida,College Stats,6-3,236,4.71,38.5,,115,6.66,4.17,Denver Broncos / 1st / 25th pick / 2010
Matt Tennant,C,Boston Col.,,6-5,300,5.15,25.0,27,98,7.60,4.62,New Orleans Saints / 5th / 158th pick / 2010
Cam Thomas,DT,North Carolina,College Stats,6-4,330,5.16,29.0,31,102,7.68,4.78,San Diego Chargers / 5th / 146th pick / 2010
Demaryius Thomas,WR,Georgia Tech,College Stats,6-3,224,4.52,,,,,,Denver Broncos / 1st / 22nd pick / 2010
Earl Thomas,CB,Texas,College Stats,5-10,208,4.43,,21,113,,,Seattle Seahawks / 1st / 14th pick / 2010
Kevin Thomas,CB,USC,College Stats,6-0,192,4.41,34.5,19,126,6.82,4.18,Indianapolis Colts / 3rd / 94th pick / 2010
Syd'Quan Thompson,CB,California,College Stats,5-9,186,4.75,33.0,,117,6.73,4.26,Denver Broncos / 7th / 225th pick / 2010
Walter Thurmond,CB,Oregon,College Stats,5-11,189,4.53,,,,,,Seattle Seahawks / 4th / 111th pick / 2010
Adrian Tracy,OLB,William & Mary,,6-3,248,4.76,35.5,20,110,7.08,4.34,New York Giants / 6th / 184th pick / 2010
Nate Triplett,OLB,Minnesota,College Stats,6-3,250,4.70,33.0,20,115,7.02,4.37,Minnesota Vikings / 5th / 167th pick / 2010
Torell Troup,DT,Central Florida,,6-3,314,5.12,29.0,34,98,7.61,4.73,Buffalo Bills / 2nd / 41st pick / 2010
Jared Veldheer,OT,Hillsdale,,6-8,312,5.06,33.5,32,109,7.40,4.51,Oakland Raiders / 3rd / 69th pick / 2010
Alterraun Verner,CB,UCLA,College Stats,5-10,189,4.52,32.0,11,116,6.70,4.12,Tennessee Titans / 4th / 104th pick / 2010
Jamar Wall,CB,Texas Tech,College Stats,5-10,204,4.52,,15,,,,Dallas Cowboys / 6th / 196th pick / 2010
J.D. Walton,C,Baylor,College Stats,6-3,300,5.19,27.0,24,101,7.60,4.69,Denver Broncos / 3rd / 80th pick / 2010
Ed Wang,OT,Virginia Tech,College Stats,6-5,314,5.18,27.0,29,96,,4.70,Buffalo Bills / 5th / 140th pick / 2010
T.J. Ward,S,Oregon,College Stats,5-10,211,4.56,34.0,19,121,,,Cleveland Browns / 2nd / 38th pick / 2010
Daryl Washington,OLB,TCU,College Stats,6-2,230,4.58,31.0,17,114,,,Arizona Cardinals / 2nd / 47th pick / 2010
Dekoda Watson,OLB,Florida State,College Stats,6-1,240,4.55,40.0,24,134,7.06,4.11,Tampa Bay Buccaneers / 7th / 217th pick / 2010
Sean Weatherspoon,OLB,Missouri,College Stats,6-1,239,4.62,40.0,34,123,6.99,4.38,Atlanta Falcons / 1st / 19th pick / 2010
Thomas Welch,OT,Vanderbilt,College Stats,6-6,307,5.42,29.0,29,105,7.67,4.80,New England Patriots / 7th / 208th pick / 2010
Damian Williams,WR,USC,College Stats,6-1,197,4.52,38.0,19,118,6.79,4.24,Tennessee Titans / 3rd / 77th pick / 2010
Dan Williams,DT,Tennessee,College Stats,6-2,327,5.19,32.0,27,96,7.88,4.87,Arizona Cardinals / 1st / 26th pick / 2010
Kyle Williams,WR,Arizona State,College Stats,5-10,188,4.40,33.0,11,118,7.00,4.19,San Francisco 49ers / 6th / 206th pick / 2010
Mike Williams,WR,Syracuse,College Stats,6-1,221,4.53,33.5,8,116,6.90,4.31,Tampa Bay Buccaneers / 4th / 101st pick / 2010
Trent Williams,OT,Oklahoma,College Stats,6-5,315,4.81,34.5,23,113,7.64,4.63,Washington Redskins / 1st / 4th pick / 2010
C.J. Wilson,DE,East Carolina,College Stats,6-3,290,4.83,33.0,32,116,,4.77,Green Bay Packers / 7th / 230th pick / 2010
E.J. Wilson,DE,North Carolina,College Stats,6-2,286,4.97,29.5,23,,,,Seattle Seahawks / 4th / 127th pick / 2010
Kyle Wilson,CB,Boise State,College Stats,5-10,194,4.43,,25,,,,New York Jets / 1st / 29th pick / 2010
Al Woods,DT,LSU,College Stats,6-4,309,5.15,37.0,,109,7.45,4.67,New Orleans Saints / 4th / 123rd pick / 2010
Corey Wootton,DE,Northwestern,College Stats,6-6,270,4.92,,20,,,,Chicago Bears / 4th / 109th pick / 2010
Jason Worilds,OLB,Virginia Tech,College Stats,6-1,254,4.65,38.0,24,114,6.95,4.29,Pittsburgh Steelers / 2nd / 52nd pick / 2010
Doug Worthington,DT,Ohio State,College Stats,6-5,292,5.02,,19,,,,Pittsburgh Steelers / 7th / 242nd pick / 2010
Major Wright,S,Florida,College Stats,5-11,206,4.44,37.5,14,119,6.95,4.36,Chicago Bears / 3rd / 75th pick / 2010
Sam Young,OT,Notre Dame,,6-8,316,5.20,29.5,29,104,7.73,4.87,Dallas Cowboys / 6th / 179th pick / 2010
Willie Young,DE,North Carolina State,College Stats,6-5,251,4.88,38.0,25,118,7.24,4.56,Detroit Lions / 7th / 213th pick / 2010
