Player,Position,School,College,Height,Weight,40 Time,Vertical Jump,Bench,Broad Jump,3 Cone,Shuttle,Drafted
Dante Pettis,WR,Washington,College Stats,6-0,186,,,,,,,San Francisco 49ers / 2nd / 44th pick / 2018
Kemoko Turay,EDGE,Rutgers,College Stats,6-5,253,4.65,,,,,,Indianapolis Colts / 2nd / 52nd pick / 2018
Jordan Akins,TE,Central Florida,College Stats,6-3,249,,,,,,,Houston Texans / 3rd / 98th pick / 2018
Jaire Alexander,CB,Louisville,College Stats,5-11,192,4.38,35.0,14,127,6.71,3.98,Green Bay Packers / 1st / 18th pick / 2018
Brian Allen,C,Michigan State,College Stats,6-1,298,5.34,26.5,27,99,7.81,4.71,Los Angeles Rams / 4th / 111th pick / 2018
Josh Allen,QB,Wyoming,College Stats,6-5,237,4.75,33.5,,119,6.90,4.40,Buffalo Bills / 1st / 7th pick / 2018
Marcus Allen,S,Penn State,College Stats,6-2,202,,37.0,15,127,,4.32,Pittsburgh Steelers / 5th / 148th pick / 2018
Mark Andrews,TE,Oklahoma,College Stats,6-5,256,4.67,31.0,17,113,7.34,4.38,Baltimore Ravens / 3rd / 86th pick / 2018
Troy Apke,S,Penn State,College Stats,6-2,198,4.34,41.0,16,131,6.56,4.03,Washington Redskins / 4th / 109th pick / 2018
Dorance Armstrong,EDGE,Kansas,,6-4,257,4.87,30.0,20,118,7.12,4.23,Dallas Cowboys / 4th / 116th pick / 2018
Ade Aruna,DE,Tulane,College Stats,6-6,262,4.60,38.5,18,128,7.53,4.48,Minnesota Vikings / 6th / 218th pick / 2018
Marcell Ateman,WR,Oklahoma State,College Stats,6-4,216,4.62,34.0,13,121,7.07,4.25,Oakland Raiders / 7th / 228th pick / 2018
Anthony Averett,CB,Alabama,College Stats,6-0,185,4.36,31.5,13,119,6.93,4.40,Baltimore Ravens / 4th / 118th pick / 2018
Genard Avery,ILB,Memphis,College Stats,6-1,248,4.59,36.0,26,124,6.90,4.36,Cleveland Browns / 5th / 150th pick / 2018
Jerome Baker,OLB,Ohio State,College Stats,6-1,229,4.53,36.5,22,126,,,Miami Dolphins / 3rd / 73rd pick / 2018
Kalen Ballage,RB,Arizona State,College Stats,6-1,228,4.46,33.5,15,122,6.91,4.35,Miami Dolphins / 4th / 131st pick / 2018
Saquon Barkley,RB,Penn State,College Stats,6-0,233,4.40,41.0,29,,,4.24,New York Giants / 1st / 2nd pick / 2018
Jessie Bates,S,Wake Forest,College Stats,6-2,195,4.50,35.5,,117,6.78,4.26,Cincinnati Bengals / 2nd / 54th pick / 2018
Nick Bawden,FB,San Diego State,College Stats,6-2,245,,,,,,,Detroit Lions / 7th / 237th pick / 2018
Braxton Berrios,WR,Miami (FL),College Stats,5-9,184,,,11,,,,New England Patriots / 6th / 210th pick / 2018
Keishawn Bierria,ILB,Washington,College Stats,6-2,230,4.79,30.5,21,117,7.26,,Denver Broncos / 6th / 217th pick / 2018
Andrew Brown,DE,Virginia,College Stats,6-4,296,5.03,28.0,31,101,7.51,4.48,Cincinnati Bengals / 5th / 158th pick / 2018
Orlando Brown,OT,Oklahoma,College Stats,6-8,345,5.85,19.5,14,82,7.87,5.38,Baltimore Ravens / 3rd / 83rd pick / 2018
Equanimeous St. brown,WR,Notre Dame,College Stats,6-5,214,4.48,,20,,,,Green Bay Packers / 6th / 207th pick / 2018
Taven Bryan,DT,Florida,College Stats,6-4,291,4.98,35.0,30,119,7.12,4.48,Jacksonville Jaguars / 1st / 29th pick / 2018
Oren Burks,OLB,Vanderbilt,College Stats,6-3,233,4.59,39.5,18,131,6.82,4.15,Green Bay Packers / 3rd / 88th pick / 2018
Deon Cain,WR,Clemson,College Stats,6-2,202,4.43,33.5,11,115,6.71,4.37,Indianapolis Colts / 6th / 185th pick / 2018
Antonio Callaway,WR,Florida,College Stats,5-11,200,4.41,34.0,,121,,,Cleveland Browns / 4th / 105th pick / 2018
Dylan Cantrell,WR,Texas Tech,College Stats,6-3,226,4.59,38.5,18,130,6.56,4.03,Los Angeles Chargers / 6th / 191st pick / 2018
Alex Cappa,OT,Humboldt State,,6-6,305,5.39,26.5,24,97,8.04,4.84,Tampa Bay Buccaneers / 3rd / 94th pick / 2018
Daniel Carlson,K,Auburn,College Stats,6-5,213,,,,,,,Minnesota Vikings / 5th / 167th pick / 2018
Lorenzo Carter,EDGE,Georgia,College Stats,6-6,250,4.50,36.0,,130,,,New York Giants / 3rd / 66th pick / 2018
D.J. Chark,WR,LSU,College Stats,6-3,199,4.34,40.0,16,129,,,Jacksonville Jaguars / 2nd / 61st pick / 2018
Geron Christian,OT,Louisville,College Stats,6-5,298,5.33,,19,,,,Washington Redskins / 3rd / 74th pick / 2018
Bradley Chubb,DE,North Carolina State,College Stats,6-4,269,4.65,36.0,24,121,7.37,4.41,Denver Broncos / 1st / 5th pick / 2018
Nick Chubb,RB,Georgia,College Stats,5-11,227,4.52,38.5,29,128,7.09,4.25,Cleveland Browns / 2nd / 35th pick / 2018
Jack Cichy,ILB,Wisconsin,College Stats,6-2,238,,,18,,,,Tampa Bay Buccaneers / 6th / 202nd pick / 2018
Will Clapp,C,LSU,College Stats,6-4,311,5.39,29.0,25,97,8.04,4.92,New Orleans Saints / 7th / 245th pick / 2018
Mason Cole,C,Michigan,College Stats,6-4,307,5.23,23.5,23,104,7.77,4.78,Arizona Cardinals / 3rd / 97th pick / 2018
Tyler Conklin,TE,Central Michigan,College Stats,6-3,254,4.80,38.0,18,120,7.13,4.23,Minnesota Vikings / 5th / 157th pick / 2018
Austin Corbett,OG,Nevada,College Stats,6-4,306,5.15,28.0,19,106,7.87,4.50,Cleveland Browns / 2nd / 33rd pick / 2018
Keke Coutee,WR,Texas Tech,College Stats,5-10,181,4.43,34.5,14,113,6.93,4.15,Houston Texans / 4th / 103rd pick / 2018
Chris Covington,OLB,Indiana,College Stats,6-2,245,4.78,,23,,,,Dallas Cowboys / 6th / 193rd pick / 2018
Tyrell Crosby,OT,Oregon,College Stats,6-5,309,5.23,30.0,17,105,7.89,4.77,Detroit Lions / 5th / 153rd pick / 2018
Dane Cruikshank,S,Arizona,College Stats,6-1,206,4.41,38.5,25,121,6.89,4.24,Tennessee Titans / 5th / 152nd pick / 2018
James Daniels,C,Iowa,College Stats,6-3,306,,30.5,21,108,7.29,4.40,Chicago Bears / 2nd / 39th pick / 2018
Sam Darnold,QB,USC,College Stats,6-3,221,4.85,26.5,,105,6.96,4.40,New York Jets / 1st / 3rd pick / 2018
Marcus Davenport,DE,Texas-San Antonio,College Stats,6-6,264,4.58,33.5,22,124,7.20,4.41,New Orleans Saints / 1st / 14th pick / 2018
Carlton Davis,CB,Auburn,College Stats,6-1,203,4.53,34.0,16,124,,,Tampa Bay Buccaneers / 2nd / 63rd pick / 2018
Duke Dawson,CB,Florida,College Stats,5-10,208,4.46,,15,,,,New England Patriots / 2nd / 56th pick / 2018
Jamil Demby,OG,Maine,,6-4,319,5.58,23.5,17,98,7.86,4.95,Los Angeles Rams / 6th / 192nd pick / 2018
Michael Dickson,P,Texas,College Stats,6-2,208,,,,,,,Seattle Seahawks / 5th / 149th pick / 2018
Will Dissly,TE,Washington,College Stats,6-4,262,4.87,28.0,15,111,7.07,4.40,Seattle Seahawks / 4th / 120th pick / 2018
Chase Edmonds,RB,Fordham,,5-9,205,4.55,34.0,19,122,6.79,4.07,Arizona Cardinals / 4th / 134th pick / 2018
Terrell Edmunds,S,Virginia Tech,College Stats,6-2,220,4.47,41.5,,134,,,Pittsburgh Steelers / 1st / 28th pick / 2018
Tremaine Edmunds,LB,Virginia Tech,College Stats,6-5,253,4.54,,19,117,,,Buffalo Bills / 1st / 16th pick / 2018
Duke Ejiofor,DE,Wake Forest,College Stats,6-4,264,,,,,,,Houston Texans / 6th / 177th pick / 2018
Deshon Elliott,S,Texas,College Stats,6-2,205,4.58,36.0,15,121,,,Baltimore Ravens / 6th / 190th pick / 2018
Leighton Vander esch,ILB,Boise State,College Stats,6-4,256,4.65,39.5,20,124,6.88,4.15,Dallas Cowboys / 1st / 19th pick / 2018
Danny Etling,QB,LSU,College Stats,6-2,222,4.76,30.5,,114,7.09,4.37,New England Patriots / 7th / 219th pick / 2018
Rashaan Evans,LB,Alabama,College Stats,6-3,232,,30.0,,116,6.95,4.36,Tennessee Titans / 1st / 22nd pick / 2018
Luke Falk,QB,Washington State,College Stats,6-4,215,,26.5,,103,,,Tennessee Titans / 6th / 199th pick / 2018
Kylie Fitts,EDGE,Utah,College Stats,6-4,263,4.69,32.5,31,117,6.88,4.19,Chicago Bears / 6th / 181st pick / 2018
Minkah Fitzpatrick,DB,Alabama,College Stats,6-1,201,4.46,33.0,14,121,,,Miami Dolphins / 1st / 11th pick / 2018
Tre Flowers,S,Oklahoma State,College Stats,6-3,200,4.45,34.5,18,122,,,Seattle Seahawks / 5th / 146th pick / 2018
John Franklin-Myers,DE,Stephen F. Austin,,6-4,283,4.75,33.0,26,113,7.36,4.48,Los Angeles Rams / 4th / 135th pick / 2018
Joshua Frazier,DT,Alabama,College Stats,6-4,321,,,21,,,,Pittsburgh Steelers / 7th / 246th pick / 2018
Royce Freeman,RB,Oregon,College Stats,5-11,229,4.54,34.0,17,118,6.90,4.16,Denver Broncos / 3rd / 71st pick / 2018
Troy Fumagalli,TE,Wisconsin,College Stats,6-5,247,,,14,,,,Denver Broncos / 5th / 156th pick / 2018
Michael Gallup,WR,Colorado State,College Stats,6-1,205,4.51,36.0,10,122,6.95,4.37,Dallas Cowboys / 3rd / 81st pick / 2018
Rashaan Gaulden,CB,Tennessee,College Stats,6-1,193,4.61,30.0,8,119,7.16,4.33,Carolina Panthers / 3rd / 85th pick / 2018
Mike Gesicki,TE,Penn State,College Stats,6-5,247,4.54,41.5,22,129,6.76,4.10,Miami Dolphins / 2nd / 42nd pick / 2018
Dallas Goedert,TE,South Dakota State,,6-5,256,,,23,,,,Philadelphia Eagles / 2nd / 49th pick / 2018
Colby Gossett,OG,Appalachian State,College Stats,6-5,311,5.20,25.0,32,103,7.60,4.83,Minnesota Vikings / 6th / 213th pick / 2018
Rasheem Green,DE,USC,College Stats,6-5,275,4.73,32.5,,118,7.24,4.39,Seattle Seahawks / 3rd / 79th pick / 2018
Shaquem Griffin,OLB,Central Florida,College Stats,6-1,227,4.38,,20,117,,,Seattle Seahawks / 5th / 141st pick / 2018
Derrius Guice,RB,LSU,College Stats,5-10,224,4.49,31.5,15,,,,Washington Redskins / 2nd / 59th pick / 2018
Shaun dion Hamilton,ILB,Alabama,College Stats,6-0,228,,,20,,,,Washington Redskins / 6th / 197th pick / 2018
Daesean Hamilton,WR,Penn State,College Stats,6-1,203,,34.5,,118,6.84,4.15,Denver Broncos / 4th / 113th pick / 2018
Davontae Harris,CB,Illinois State,,6-0,200,4.43,32.5,22,123,6.96,4.40,Cincinnati Bengals / 5th / 151st pick / 2018
Marcell Harris,S,Florida,College Stats,6-0,208,,,16,,,,San Francisco 49ers / 6th / 184th pick / 2018
Ronnie Harrison,S,Alabama,College Stats,6-3,214,,34.0,,120,,,Jacksonville Jaguars / 3rd / 93rd pick / 2018
Marquis Haynes,EDGE,Mississippi,College Stats,6-3,235,4.67,32.0,23,123,7.14,4.45,Carolina Panthers / 4th / 136th pick / 2018
Will Hernandez,OG,Texas-El Paso,College Stats,6-2,327,5.15,24.0,37,104,7.59,4.70,New York Giants / 2nd / 34th pick / 2018
Chris Herndon,TE,Miami (FL),,6-4,253,,,21,,,,New York Jets / 4th / 107th pick / 2018
B.J. Hill,DT,North Carolina State,College Stats,6-4,311,4.99,26.5,35,101,7.28,4.53,New York Giants / 3rd / 69th pick / 2018
Nyheim Hines,RB,North Carolina State,College Stats,5-8,198,4.38,35.5,,119,7.18,4.35,Indianapolis Colts / 4th / 104th pick / 2018
Jalyn Holmes,DE,Ohio State,College Stats,6-5,283,4.82,32.0,25,,,,Minnesota Vikings / 4th / 102nd pick / 2018
Sam Hubbard,DE,Ohio State,College Stats,6-5,270,,35.0,,116,6.84,4.32,Cincinnati Bengals / 3rd / 77th pick / 2018
Mike Hughes,CB,Central Florida,College Stats,5-11,191,4.53,35.5,20,127,6.70,4.13,Minnesota Vikings / 1st / 30th pick / 2018
Hayden Hurst,TE,South Carolina,College Stats,6-4,250,4.67,31.5,,120,7.19,4.37,Baltimore Ravens / 1st / 25th pick / 2018
Maurice Hurst,DT,Michigan,,6-2,292,,,,,,,Oakland Raiders / 5th / 140th pick / 2018
Joel Iyiegbuniwe,LB,Western Kentucky,,6-1,229,4.60,35.0,19,117,7.06,4.28,Chicago Bears / 4th / 115th pick / 2018
Ryan Izzo,TE,Florida State,College Stats,6-5,256,4.94,33.0,18,110,7.15,4.43,New England Patriots / 7th / 250th pick / 2018
Donte Jackson,CB,LSU,College Stats,5-11,175,4.32,,7,124,,,Carolina Panthers / 2nd / 55th pick / 2018
Josh Jackson,CB,Iowa,College Stats,6-1,192,4.56,38.0,18,123,6.86,4.03,Green Bay Packers / 2nd / 45th pick / 2018
Justin Jackson,RB,Northwestern,College Stats,6-0,199,4.52,38.5,13,122,6.81,4.07,Los Angeles Chargers / 7th / 251st pick / 2018
Lamar Jackson,QB,Louisville,College Stats,6-2,216,,,,,,,Baltimore Ravens / 1st / 32nd pick / 2018
Leon Jacobs,EDGE,Wisconsin,College Stats,6-3,246,4.48,34.5,26,122,7.14,4.44,Jacksonville Jaguars / 7th / 230th pick / 2018
Natrell Jamerson,S,Wisconsin,College Stats,6-0,198,4.40,35.5,25,120,,,New Orleans Saints / 5th / 164th pick / 2018
Derwin James,S,Florida State,College Stats,6-3,215,4.47,40.0,21,132,,,Los Angeles Chargers / 1st / 17th pick / 2018
Richie James,WR,Middle Tennessee State,,5-10,183,4.48,35.5,6,122,6.87,4.16,San Francisco 49ers / 7th / 240th pick / 2018
Malik Jefferson,OLB,Texas,College Stats,6-3,236,4.52,36.0,27,125,,,Cincinnati Bengals / 3rd / 78th pick / 2018
Josey Jewell,ILB,Iowa,College Stats,6-1,234,4.82,33.0,18,117,6.80,4.27,Denver Broncos / 4th / 106th pick / 2018
Kerryon Johnson,RB,Auburn,College Stats,5-11,213,,40.0,11,126,7.07,4.29,Detroit Lions / 2nd / 43rd pick / 2018
Taron Johnson,CB,Weber State,,6-0,180,4.50,33.0,17,118,7.03,4.28,Buffalo Bills / 4th / 121st pick / 2018
Jamarco Jones,OT,Ohio State,College Stats,6-4,299,5.50,24.0,,102,8.32,4.99,Seattle Seahawks / 5th / 168th pick / 2018
Justin Jones,DT,North Carolina State,College Stats,6-2,309,5.09,29.0,24,104,7.82,4.74,Los Angeles Chargers / 3rd / 84th pick / 2018
Ronald Jones,RB,USC,College Stats,5-11,205,4.65,36.5,,,,,Tampa Bay Buccaneers / 2nd / 38th pick / 2018
Sam Jones,OG,Arizona State,College Stats,6-5,305,5.32,27.0,28,101,7.92,4.86,Denver Broncos / 6th / 183rd pick / 2018
Peter Kalambayi,EDGE,Stanford,College Stats,6-3,252,4.57,34.0,19,121,7.13,4.36,Houston Texans / 6th / 214th pick / 2018
John Kelly,RB,Tennessee,College Stats,5-10,216,,35.0,15,120,7.13,4.51,Los Angeles Rams / 6th / 176th pick / 2018
Arden Key,EDGE,LSU,College Stats,6-6,238,,31.0,,117,7.16,4.25,Oakland Raiders / 3rd / 87th pick / 2018
Christian Kirk,WR,Texas A&M,College Stats,5-10,201,4.47,35.5,20,115,7.09,4.45,Arizona Cardinals / 2nd / 47th pick / 2018
Micah Kiser,ILB,Virginia,College Stats,6-2,238,4.66,35.5,,121,7.05,4.24,Los Angeles Rams / 5th / 147th pick / 2018
Harold Landry,EDGE,Boston Col.,College Stats,6-3,252,4.64,36.0,24,119,6.88,4.19,Tennessee Titans / 2nd / 41st pick / 2018
Jordan Lasley,WR,UCLA,College Stats,6-1,203,4.50,34.5,8,112,,4.19,Baltimore Ravens / 5th / 162nd pick / 2018
Kyle Lauletta,QB,Richmond,,6-3,222,4.81,31.0,,113,6.95,4.07,New York Giants / 4th / 108th pick / 2018
Tanner Lee,QB,Nebraska,College Stats,6-4,218,4.98,32.0,,115,7.00,4.41,Jacksonville Jaguars / 6th / 203rd pick / 2018
Darius Leonard,OLB,South Carolina State,,6-2,234,4.70,,17,,,,Indianapolis Colts / 2nd / 36th pick / 2018
Rick Leonard,OT,Florida State,College Stats,6-7,311,,,19,,,,New Orleans Saints / 4th / 127th pick / 2018
Tyquan Lewis,EDGE,Ohio State,College Stats,6-3,265,,35.5,,122,,,Indianapolis Colts / 2nd / 64th pick / 2018
James Looney,DE,California,College Stats,6-3,287,4.89,35.5,28,113,7.32,4.37,Green Bay Packers / 7th / 232nd pick / 2018
Avonte Maddox,CB,Pittsburgh,College Stats,5-9,180,4.39,37.0,13,125,6.51,4.00,Philadelphia Eagles / 4th / 125th pick / 2018
Cole Madison,OL,Washington State,College Stats,6-5,308,5.33,28.5,26,97,7.86,4.88,Green Bay Packers / 5th / 138th pick / 2018
Baker Mayfield,QB,Oklahoma,College Stats,6-1,215,4.84,29.0,,111,7.00,4.28,Cleveland Browns / 1st / 1st pick / 2018
Ray-ray McCloud,WR,Clemson,College Stats,5-9,190,4.53,34.5,13,113,,,Buffalo Bills / 6th / 187th pick / 2018
Mike McGlinchey,OT,Notre Dame,College Stats,6-8,309,,28.5,24,105,,,San Francisco 49ers / 1st / 9th pick / 2018
R.J. McIntosh,DT,Miami (FL),,6-4,286,,,,,,,New York Giants / 5th / 139th pick / 2018
Kahlil McKenzie,DT,Tennessee,,6-5,314,5.15,29.5,26,105,7.94,4.68,Kansas City Chiefs / 6th / 198th pick / 2018
Sony Michel,RB,Georgia,College Stats,5-11,214,4.54,,22,,,4.21,New England Patriots / 1st / 31st pick / 2018
Anthony Miller,WR,Memphis,College Stats,5-11,201,,,22,,,,Chicago Bears / 2nd / 51st pick / 2018
Kolton Miller,OT,UCLA,College Stats,6-9,309,4.95,31.5,24,121,7.34,4.49,Oakland Raiders / 1st / 15th pick / 2018
D.J. Moore,WR,Maryland,College Stats,6-0,210,4.42,39.5,15,132,6.95,4.07,Carolina Panthers / 1st / 24th pick / 2018
Kamrin Moore,CB,Boston Col.,College Stats,5-11,200,,,,,,,New Orleans Saints / 6th / 189th pick / 2018
Siran Neal,S,Jacksonville State,,6-0,199,4.56,40.5,17,122,7.00,4.28,Buffalo Bills / 5th / 154th pick / 2018
Nick Nelson,CB,Wisconsin,College Stats,5-11,208,4.52,,17,123,,,Oakland Raiders / 4th / 110th pick / 2018
Quenton Nelson,OG,Notre Dame,College Stats,6-5,325,,26.5,35,105,7.65,4.62,Indianapolis Colts / 1st / 6th pick / 2018
Bilal Nichols,DT,Delaware,,6-4,306,4.95,,29,,,,Chicago Bears / 5th / 145th pick / 2018
Parry Nickerson,CB,Tulane,College Stats,6-0,180,4.32,,15,,,,New York Jets / 6th / 179th pick / 2018
Derrick Nnadi,DT,Florida State,College Stats,6-1,317,5.38,27.0,25,96,8.15,5.02,Kansas City Chiefs / 3rd / 75th pick / 2018
Kendrick Norton,DT,Miami (FL),College Stats,6-3,314,5.25,,30,,,,Carolina Panthers / 7th / 242nd pick / 2018
Joseph Noteboom,OT,TCU,College Stats,6-5,309,4.96,24.0,27,102,7.65,4.44,Los Angeles Rams / 3rd / 89th pick / 2018
Uchenna Nwosu,EDGE,USC,College Stats,6-3,251,4.65,32.0,20,119,,,Los Angeles Chargers / 2nd / 48th pick / 2018
Dorian O'daniel,OLB,Clemson,College Stats,6-1,223,4.61,32.0,21,119,6.64,4.07,Kansas City Chiefs / 3rd / 100th pick / 2018
Brian O'neill,OT,Pittsburgh,College Stats,6-7,297,4.82,29.5,22,107,7.14,4.50,Minnesota Vikings / 2nd / 62nd pick / 2018
Chukwuma Okorafor,OT,West. Michigan,College Stats,6-6,320,5.31,23.5,19,102,7.87,4.80,Pittsburgh Steelers / 3rd / 92nd pick / 2018
Ogbonnia Okoronkwo,EDGE,Oklahoma,College Stats,6-1,253,4.77,38.0,27,121,,,Los Angeles Rams / 5th / 160th pick / 2018
Isaiah Oliver,CB,Colorado,College Stats,6-1,190,4.50,,,,,,Atlanta Falcons / 2nd / 58th pick / 2018
Brandon Parker,OT,North Carolina A&T,,6-8,305,5.40,28.5,,113,7.82,4.68,Oakland Raiders / 3rd / 65th pick / 2018
Daron Payne,DT,Alabama,College Stats,6-2,311,4.95,28.5,27,107,7.58,4.71,Washington Redskins / 1st / 13th pick / 2018
Rashaad Penny,RB,San Diego State,College Stats,5-11,220,4.46,32.5,13,120,,,Seattle Seahawks / 1st / 27th pick / 2018
Darius Phillips,CB,West. Michigan,College Stats,5-10,190,4.54,,,,,,Cincinnati Bengals / 5th / 170th pick / 2018
Harrison Phillips,DT,Stanford,College Stats,6-4,307,5.21,32.0,42,103,7.28,4.50,Buffalo Bills / 3rd / 96th pick / 2018
Billy Price,C,Ohio State,College Stats,6-4,305,,,,,,,Cincinnati Bengals / 1st / 21st pick / 2018
Scott Quessenberry,C,UCLA,College Stats,6-4,310,5.09,33.5,25,111,7.50,4.69,Los Angeles Chargers / 5th / 155th pick / 2018
Trey Quinn,WR,SMU,College Stats,5-11,203,4.55,33.5,17,116,6.91,4.19,Washington Redskins / 7th / 256th pick / 2018
Frank Ragnow,C,Arkansas,College Stats,6-5,312,,,26,,,,Detroit Lions / 1st / 20th pick / 2018
Martinas Rankin,OL,Mississippi State,College Stats,6-4,308,,,24,,,,Houston Texans / 3rd / 80th pick / 2018
D.J. Reed,CB,Kansas State,College Stats,5-9,188,4.51,36.5,11,,,,San Francisco 49ers / 5th / 142nd pick / 2018
Justin Reid,S,Stanford,College Stats,6-1,204,4.40,36.5,16,128,6.65,4.15,Houston Texans / 3rd / 68th pick / 2018
Will Richardson,OT,North Carolina State,College Stats,6-6,306,5.26,31.5,,108,7.80,4.83,Jacksonville Jaguars / 4th / 129th pick / 2018
Calvin Ridley,WR,Alabama,College Stats,6-0,189,4.43,31.0,15,110,6.88,4.41,Atlanta Falcons / 1st / 26th pick / 2018
Josh Rosen,QB,UCLA,College Stats,6-4,226,4.92,31.0,,111,7.09,4.28,Arizona Cardinals / 1st / 10th pick / 2018
Mason Rudolph,QB,Oklahoma State,College Stats,6-5,235,4.90,26.0,,,,,Pittsburgh Steelers / 3rd / 76th pick / 2018
Christian Sam,ILB,Arizona State,College Stats,6-2,244,4.75,32.0,28,114,7.03,4.25,New England Patriots / 6th / 178th pick / 2018
Jaylen Samuels,TE,North Carolina State,College Stats,5-11,225,4.54,34.5,18,121,6.93,4.28,Pittsburgh Steelers / 5th / 165th pick / 2018
Bo Scarbrough,RB,Alabama,College Stats,6-1,228,4.52,40.0,14,129,,4.34,Dallas Cowboys / 7th / 236th pick / 2018
Dalton Schultz,TE,Stanford,College Stats,6-5,244,4.75,32.0,15,120,7.00,4.40,Dallas Cowboys / 4th / 137th pick / 2018
Jaleel Scott,WR,New Mexico State,College Stats,6-5,218,4.56,34.5,16,124,7.20,4.40,Baltimore Ravens / 4th / 132nd pick / 2018
Jk Scott,P,Alabama,College Stats,6-6,208,4.83,30.5,,114,7.28,4.41,Green Bay Packers / 5th / 172nd pick / 2018
Deadrin Senat,DT,South Florida,College Stats,6-0,314,5.16,26.0,35,100,7.77,4.79,Atlanta Falcons / 3rd / 90th pick / 2018
Greg Senat,OT,Wagner,,6-6,302,5.38,26.0,19,106,7.41,4.71,Baltimore Ravens / 6th / 212th pick / 2018
Tim Settle,DT,Virginia Tech,College Stats,6-3,329,5.37,23.5,,96,7.95,4.83,Washington Redskins / 5th / 163rd pick / 2018
Nathan Shepherd,DT,Fort Hays State,,6-5,315,5.09,31.0,,112,7.50,4.53,New York Jets / 3rd / 72nd pick / 2018
Andre Smith,ILB,North Carolina,College Stats,6-0,237,4.63,,19,,,,Carolina Panthers / 7th / 234th pick / 2018
Braden Smith,OG,Auburn,College Stats,6-6,315,5.22,33.5,35,113,,4.77,Indianapolis Colts / 2nd / 37th pick / 2018
Roquan Smith,OLB,Georgia,College Stats,6-1,236,4.51,,,,,,Chicago Bears / 1st / 8th pick / 2018
Durham Smythe,TE,Notre Dame,College Stats,6-5,253,4.81,31.0,18,110,7.17,4.23,Miami Dolphins / 4th / 123rd pick / 2018
Breeland Speaks,DT,Mississippi,College Stats,6-3,283,4.87,32.5,,110,7.63,4.65,Kansas City Chiefs / 2nd / 46th pick / 2018
M.J. Stewart,CB,North Carolina,College Stats,5-11,200,4.54,35.0,18,118,6.90,4.28,Tampa Bay Buccaneers / 2nd / 53rd pick / 2018
Kentavius Street,DE,North Carolina State,College Stats,6-2,280,4.87,,28,,,,San Francisco 49ers / 4th / 128th pick / 2018
Greg Stroman,CB,Virginia Tech,College Stats,6-0,180,4.48,33.5,16,113,,4.45,Washington Redskins / 7th / 241st pick / 2018
Courtland Sutton,WR,SMU,College Stats,6-3,218,4.54,35.5,18,124,6.57,4.11,Denver Broncos / 2nd / 40th pick / 2018
Josh Sweat,EDGE,Florida State,College Stats,6-4,251,4.53,39.5,,124,,4.28,Philadelphia Eagles / 4th / 130th pick / 2018
Auden Tate,WR,Florida State,College Stats,6-5,228,4.68,31.0,,112,,,Cincinnati Bengals / 7th / 253rd pick / 2018
Rod Taylor,OT,Mississippi,College Stats,6-3,320,5.24,30.5,,99,,,Cincinnati Bengals / 7th / 252nd pick / 2018
Wyatt Teller,OG,Virginia Tech,College Stats,6-4,314,5.24,29.0,30,114,7.45,4.84,Buffalo Bills / 5th / 166th pick / 2018
Chad Thomas,DE,Miami (FL),College Stats,6-6,281,4.92,29.0,,116,,,Cleveland Browns / 3rd / 67th pick / 2018
Ian Thomas,TE,Indiana,College Stats,6-4,259,4.74,36.0,,123,7.15,4.20,Carolina Panthers / 4th / 101st pick / 2018
Jordan Thomas,TE,Mississippi State,College Stats,6-5,265,4.74,27.0,16,111,7.50,4.75,Houston Texans / 6th / 211th pick / 2018
Johnny Townsend,P,Florida,College Stats,6-1,210,,,,,,,Oakland Raiders / 5th / 173rd pick / 2018
Marquez Valdes-Scantling,WR,South Florida,College Stats,6-4,206,4.37,30.5,15,124,,,Green Bay Packers / 5th / 174th pick / 2018
Vita Vea,DT,Washington,College Stats,6-4,347,5.10,,41,,,,Tampa Bay Buccaneers / 1st / 12th pick / 2018
Azeem Victor,ILB,Washington,College Stats,6-1,240,4.72,32.5,19,115,7.20,4.40,Oakland Raiders / 6th / 216th pick / 2018
Mark Walton,RB,Miami (FL),College Stats,5-10,202,4.60,31.5,18,118,,,Cincinnati Bengals / 4th / 112th pick / 2018
Denzel Ward,CB,Ohio State,College Stats,5-10,191,4.32,39.0,16,136,,,Cleveland Browns / 1st / 4th pick / 2018
Fred Warner,OLB,BYU,College Stats,6-3,236,4.64,38.5,21,119,6.90,4.28,San Francisco 49ers / 3rd / 70th pick / 2018
James Washington,WR,Oklahoma State,College Stats,5-11,213,4.54,34.5,14,120,7.11,4.32,Pittsburgh Steelers / 2nd / 60th pick / 2018
Armani Watts,S,Texas A&M,College Stats,5-11,205,,35.0,13,120,7.25,4.37,Kansas City Chiefs / 4th / 124th pick / 2018
Kyzir White,S,West Virginia,College Stats,6-2,216,,35.5,21,113,,,Los Angeles Chargers / 4th / 119th pick / 2018
Mike White,QB,Western Kentucky,,6-5,224,5.09,27.0,,96,7.40,4.40,Dallas Cowboys / 5th / 171st pick / 2018
Jordan Whitehead,S,Pittsburgh,College Stats,5-11,195,,,21,,,,Tampa Bay Buccaneers / 4th / 117th pick / 2018
Jordan Wilkins,RB,Mississippi,College Stats,6-1,216,,36.0,16,117,,4.27,Indianapolis Colts / 5th / 169th pick / 2018
Connor Williams,OT,Texas,College Stats,6-5,296,5.05,34.0,26,112,7.83,4.63,Dallas Cowboys / 2nd / 50th pick / 2018
Cedrick Wilson,WR,Boise State,College Stats,6-2,197,4.55,37.0,9,121,6.89,4.23,Dallas Cowboys / 6th / 208th pick / 2018
Javon Wims,WR,Georgia,College Stats,6-3,215,4.53,33.5,,113,7.00,,Chicago Bears / 7th / 224th pick / 2018
Logan Woodside,QB,Toledo,College Stats,6-1,213,4.79,31.5,,103,6.94,4.15,Cincinnati Bengals / 7th / 249th pick / 2018
Isaiah Wynn,OG,Georgia,College Stats,6-3,313,,,,,,,New England Patriots / 1st / 23rd pick / 2018
Isaac Yiadom,CB,Boston Col.,College Stats,6-1,190,4.52,,8,120,,4.18,Denver Broncos / 3rd / 99th pick / 2018
Kenny Young,ILB,UCLA,College Stats,6-1,236,4.60,36.0,23,117,7.38,4.48,Baltimore Ravens / 4th / 122nd pick / 2018
Trevon Young,EDGE,Louisville,College Stats,6-4,258,4.78,33.0,25,114,6.99,4.40,Los Angeles Rams / 6th / 205th pick / 2018
