Player,Position,School,College,Height,Weight,40 Time,Vertical Jump,Bench,Broad Jump,3 Cone,Shuttle,Drafted
Paulson Adebo,CB,Stanford,College Stats,6-1,198,4.45,36.5,18,121,6.69,4.13,New Orleans Saints / 3rd / 76th pick / 2021
Jack Anderson,OL,Texas Tech,College Stats,6-4,314,5.28,29.5,27,105,7.90,4.83,Buffalo Bills / 7th / 236th pick / 2021
Tutu Atwell,WR,Louisville,College Stats,5-8,155,4.42,33.0,,117,6.89,4.14,Los Angeles Rams / 2nd / 57th pick / 2021
Josh Ball,OL,Marshall,College Stats,6-7,308,5.20,27.5,28,106,7.77,4.70,Dallas Cowboys / 4th / 138th pick / 2021
Aaron Banks,OL,Notre Dame,College Stats,6-5,325,5.32,31.0,24,100,7.69,4.89,San Francisco 49ers / 2nd / 48th pick / 2021
Christian Barmore,DL,Alabama,College Stats,6-4,310,4.93,,,,,,New England Patriots / 2nd / 38th pick / 2021
Derrick Barnes,DE,Purdue,College Stats,6-0,238,4.57,37.0,29,119,,4.27,Detroit Lions / 4th / 113th pick / 2021
Carlos Basham,DL,Wake Forest,College Stats,6-3,274,4.64,34.0,20,122,7.13,4.25,Buffalo Bills / 2nd / 61st pick / 2021
Rashod Bateman,WR,Minnesota,College Stats,6-0,190,4.39,36.0,,123,,,Baltimore Ravens / 1st / 27th pick / 2021
Joshuah Bledsoe,S,Missouri,College Stats,,,,,,,,,New England Patriots / 6th / 188th pick / 2021
Nick Bolton,LB,Missouri,College Stats,5-11,237,4.60,32.0,24,,7.40,4.50,Kansas City Chiefs / 2nd / 58th pick / 2021
Ian Book,QB,Notre Dame,College Stats,6-0,211,4.65,32.5,,115,6.99,4.19,New Orleans Saints / 4th / 133rd pick / 2021
Larry Borom,OL,Missouri,College Stats,6-5,322,5.12,31.0,,,,,Chicago Bears / 5th / 151st pick / 2021
William Bradley-King,OLB,Baylor,College Stats,6-3,252,4.74,34.5,,119,7.14,4.26,Washington Football Team / 7th / 240th pick / 2021
Brady Breeze,S,Oregon,College Stats,5-11,197,4.55,38.0,20,120,7.05,4.22,Tennessee Titans / 6th / 215th pick / 2021
Gary Brightwell,RB,Arizona,College Stats,5-10,218,4.62,34.5,17,118,7.51,4.48,New York Giants / 6th / 196th pick / 2021
K.J. Britt,LB,Auburn,College Stats,6-0,235,4.76,32.5,24,118,7.38,4.40,Tampa Bay Buccaneers / 5th / 176th pick / 2021
Deonte Brown,OL,Alabama,College Stats,6-3,344,,27.0,,,,,Carolina Panthers / 6th / 193rd pick / 2021
Dyami Brown,WR,North Carolina,College Stats,6-0,189,4.46,35.0,18,128,6.87,4.35,Washington Football Team / 3rd / 82nd pick / 2021
Tre Brown,CB,Oklahoma,College Stats,5-9,185,4.42,38.0,13,123,7.11,4.27,Seattle Seahawks / 4th / 137th pick / 2021
Amon-Ra St. Brown,WR,USC,College Stats,5-11,197,4.51,38.5,20,127,6.88,4.17,Detroit Lions / 4th / 112th pick / 2021
Baron Browning,LB,Ohio St.,College Stats,6-2,245,4.58,40.0,23,130,6.78,4.23,Denver Broncos / 3rd / 105th pick / 2021
Camryn Bynum,CB,California,College Stats,6-0,196,4.58,34.0,,129,6.99,4.10,Minnesota Vikings / 4th / 125th pick / 2021
Tyson Campbell,DB,Georgia,College Stats,6-1,193,4.40,34.5,12,124,7.15,4.45,Jacksonville Jaguars / 2nd / 33rd pick / 2021
Jackson Carman,OT,Clemson,College Stats,6-4,317,,,,,,,Cincinnati Bengals / 2nd / 46th pick / 2021
Michael Carter,RB,North Carolina,College Stats,5-7,201,4.50,34.0,16,119,6.81,3.98,New York Jets / 4th / 107th pick / 2021
Ja'Marr Chase,WR,LSU,College Stats,6-0,201,4.34,41.0,,132,6.96,3.99,Cincinnati Bengals / 1st / 5th pick / 2021
Brady Christensen,OL,BYU,College Stats,,,,34.0,30,124,,,Carolina Panthers / 3rd / 70th pick / 2021
Andre Cisco,DB,Syracuse,College Stats,,,,,17,,,,Jacksonville Jaguars / 3rd / 65th pick / 2021
Ben Cleveland,OL,Georgia,College Stats,6-6,343,5.05,28.0,30,102,,4.88,Baltimore Ravens / 3rd / 94th pick / 2021
Nico Collins,WR,Michigan,College Stats,6-4,215,4.43,37.5,14,125,6.78,4.29,Houston Texans / 3rd / 89th pick / 2021
Zaven Collins,LB,Tulsa,College Stats,6-4,259,4.67,35.0,19,122,,4.36,Arizona Cardinals / 1st / 16th pick / 2021
Jonathon Cooper,DE,Ohio St.,College Stats,6-2,253,4.69,33.0,28,108,6.99,4.31,Denver Broncos / 7th / 239th pick / 2021
Samuel Cosmi,OL,Texas,College Stats,6-5,314,4.87,30.0,36,117,7.35,4.39,Washington Football Team / 2nd / 51st pick / 2021
Jabril Cox,LB,LSU,College Stats,6-3,232,,,,,,,Dallas Cowboys / 4th / 115th pick / 2021
Drew Dalman,C,Stanford,College Stats,6-3,299,5.11,33.0,33,109,7.33,4.52,Atlanta Falcons / 4th / 114th pick / 2021
Frank Darby,WR,Arizona St.,College Stats,6-0,201,4.56,34.5,19,117,7.05,4.25,Atlanta Falcons / 6th / 187th pick / 2021
Jaelon Darden,WR,North Texas,College Stats,5-7,174,4.47,35.5,,122,6.66,3.98,Tampa Bay Buccaneers / 4th / 129th pick / 2021
Jamin Davis,LB,Kentucky,College Stats,6-3,234,4.47,42.0,,132,,,Washington Football Team / 1st / 19th pick / 2021
Shawn Davis,DB,Florida,College Stats,5-10,202,,39.5,17,128,,,Indianapolis Colts / 5th / 165th pick / 2021
Wyatt Davis,OL,Ohio St.,College Stats,6-3,315,,,25,,,,Minnesota Vikings / 3rd / 86th pick / 2021
Divine Deablo,DB,Virginia Tech,College Stats,6-3,226,4.42,34.0,19,126,7.12,4.40,Las Vegas Raiders / 3rd / 80th pick / 2021
Victor Dimukeje,DE,Duke,College Stats,6-1,262,4.87,34.5,28,115,7.25,4.35,Arizona Cardinals / 6th / 210th pick / 2021
Sam Ehlinger,QB,Texas,College Stats,6-1,220,4.84,36.5,,114,7.15,4.44,Indianapolis Colts / 6th / 218th pick / 2021
Liam Eichenberg,OL,Notre Dame,College Stats,6-6,306,,26.5,33,105,7.53,4.58,Miami Dolphins / 2nd / 42nd pick / 2021
D'Wayne Eskridge,WR,West. Michigan,College Stats,5-8,190,4.38,35.0,,124,6.93,4.22,Seattle Seahawks / 2nd / 56th pick / 2021
Travis Etienne,RB,Clemson,College Stats,5-10,215,4.45,33.5,18,128,,,Jacksonville Jaguars / 1st / 25th pick / 2021
Chris Evans,RB,Michigan,College Stats,5-11,211,4.50,40.5,20,127,6.83,4.12,Cincinnati Bengals / 6th / 202nd pick / 2021
Luke Farrell,TE,Ohio St.,College Stats,6-5,251,4.79,36.5,22,118,7.14,4.36,Jacksonville Jaguars / 5th / 145th pick / 2021
Simi Fehoko,WR,Stanford,College Stats,6-3,222,4.44,34.5,16,120,6.78,4.26,Dallas Cowboys / 5th / 179th pick / 2021
Demetric Felton,RB,UCLA,College Stats,5-8,189,4.55,,,,,,Cleveland Browns / 6th / 211th pick / 2021
Justin Fields,QB,Ohio St.,College Stats,6-2,227,4.45,,,,,,Chicago Bears / 1st / 11th pick / 2021
Tony Fields,LB,West Virginia,College Stats,6-0,222,4.64,34.0,17,114,7.15,4.48,Cleveland Browns / 5th / 153rd pick / 2021
Dez Fitzpatrick,WR,Louisville,College Stats,6-1,208,4.43,35.0,,,7.09,4.26,Tennessee Titans / 4th / 109th pick / 2021
Darrick Forrest,S,Cincinnati,College Stats,5-11,206,4.42,39.0,21,132,6.91,4.23,Washington Football Team / 5th / 163rd pick / 2021
Stone Forsythe,OL,Florida,College Stats,6-8,307,5.14,27.5,25,103,7.47,4.65,Seattle Seahawks / 6th / 208th pick / 2021
Pat Freiermuth,TE,Penn St.,College Stats,6-5,251,,,26,,,,Pittsburgh Steelers / 2nd / 55th pick / 2021
Will Fries,OL,Penn St.,College Stats,6-6,309,5.37,31.0,24,115,7.77,4.53,Indianapolis Colts / 7th / 248th pick / 2021
Jake Funk,RB,Maryland,College Stats,5-10,204,4.49,38.0,22,122,6.71,4.12,Los Angeles Rams / 7th / 233rd pick / 2021
Kenneth Gainwell,RB,Memphis,College Stats,,201,4.42,,21,,,,Philadelphia Eagles / 5th / 150th pick / 2021
Tyree Gillespie,S,Missouri,College Stats,,,4.38,,15,,7.06,,Las Vegas Raiders / 4th / 143rd pick / 2021
Chauncey Golston,DL,Iowa,College Stats,6-4,269,4.79,36.0,,119,7.52,4.65,Dallas Cowboys / 3rd / 84th pick / 2021
Tay Gowan,DB,Central Florida,College Stats,6-0,186,4.44,35.5,13,118,6.88,4.25,Arizona Cardinals / 6th / 223rd pick / 2021
Ta'Quon Graham,DL,Texas,College Stats,6-3,292,4.89,32.5,32,113,7.31,4.68,Atlanta Falcons / 5th / 148th pick / 2021
Richie Grant,DB,Central Florida,College Stats,5-11,197,4.49,34.5,12,129,6.78,4.27,Atlanta Falcons / 2nd / 40th pick / 2021
Noah Gray,TE,Duke,College Stats,6-3,240,4.55,35.0,15,115,6.83,4.37,Kansas City Chiefs / 5th / 162nd pick / 2021
Kendrick Green,OL,Illinois,College Stats,6-1,305,4.89,35.5,25,119,7.79,4.67,Pittsburgh Steelers / 3rd / 87th pick / 2021
Robert Hainsey,OL,Notre Dame,College Stats,6-4,306,5.20,27.5,32,104,7.58,4.63,Tampa Bay Buccaneers / 3rd / 95th pick / 2021
Darren Hall,CB,San Diego St.,College Stats,5-11,188,4.47,38.5,16,132,7.07,4.28,Atlanta Falcons / 4th / 108th pick / 2021
Damar Hamlin,DB,Pittsburgh,College Stats,6-0,200,4.60,35.0,18,118,6.93,4.40,Buffalo Bills / 6th / 212th pick / 2021
Daelin Hayes,DL,Notre Dame,College Stats,6-3,253,4.71,32.5,26,119,7.17,4.29,Baltimore Ravens / 5th / 171st pick / 2021
Khalil Herbert,RB,Virginia Tech,College Stats,5-8,210,4.46,33.0,22,115,6.96,4.31,Chicago Bears / 6th / 217th pick / 2021
Kylin Hill,RB,Mississippi St.,College Stats,5-10,214,4.51,36.0,22,122,7.13,4.35,Green Bay Packers / 7th / 256th pick / 2021
Trey Hill,OL,Georgia,College Stats,6-3,319,5.50,,,,,,Cincinnati Bengals / 6th / 190th pick / 2021
Jevon Holland,S,Oregon,College Stats,6-0,207,4.48,35.5,19,126,,4.14,Miami Dolphins / 2nd / 36th pick / 2021
Jaycee Horn,DB,South Carolina,College Stats,6-0,205,4.39,41.5,19,133,,,Carolina Panthers / 1st / 8th pick / 2021
Chuba Hubbard,RB,Oklahoma St.,College Stats,6-0,210,4.48,36.0,20,120,7.24,4.26,Carolina Panthers / 4th / 126th pick / 2021
Wyatt Hubert,DE,Kansas St.,College Stats,6-2,258,4.93,32.5,,110,7.03,4.28,Cincinnati Bengals / 7th / 235th pick / 2021
James Hudson,OL,Cincinnati,College Stats,6-4,313,5.27,28.5,22,98,8.05,4.79,Cleveland Browns / 4th / 110th pick / 2021
Talanoa Hufanga,S,USC,College Stats,,,4.65,,,,,,San Francisco 49ers / 5th / 180th pick / 2021
Creed Humphrey,OL,Oklahoma,College Stats,6-4,302,5.11,33.0,29,112,7.50,4.49,Kansas City Chiefs / 2nd / 63rd pick / 2021
Tarron Jackson,DE,Coastal Carolina,College Stats,6-2,254,4.68,29.0,25,118,7.45,4.51,Philadelphia Eagles / 6th / 191st pick / 2021
Brenden Jaimes,OL,Nebraska,College Stats,6-5,298,,30.5,25,112,7.50,4.51,Los Angeles Chargers / 5th / 159th pick / 2021
Jermar Jefferson,RB,Oregon St.,College Stats,5-10,206,4.57,31.0,13,115,7.38,4.38,Detroit Lions / 7th / 257th pick / 2021
Teven Jenkins,OL,Oklahoma St.,College Stats,6-5,317,5.01,32.5,36,106,7.72,4.66,Chicago Bears / 2nd / 39th pick / 2021
Jamar Johnson,DB,Indiana,College Stats,6-2,205,4.58,35.0,17,122,7.22,4.41,Denver Broncos / 5th / 164th pick / 2021
Patrick Johnson,DE,Tulane,College Stats,6-6,240,4.59,35.0,16,119,6.97,4.41,Philadelphia Eagles / 7th / 234th pick / 2021
Ernest Jones,LB,South Carolina,College Stats,6-1,230,4.65,38.5,,,,,Los Angeles Rams / 3rd / 103rd pick / 2021
Mac Jones,QB,Alabama,College Stats,6-2,217,4.72,32.0,,116,7.04,4.39,New England Patriots / 1st / 15th pick / 2021
Patrick Jones,DL,Pittsburgh,College Stats,6-4,261,4.85,31.5,22,107,,,Minnesota Vikings / 3rd / 90th pick / 2021
Brevin Jordan,TE,Miami (FL),College Stats,6-2,247,4.64,31.0,17,116,,,Houston Texans / 5th / 147th pick / 2021
Kelvin Joseph,DB,Kentucky,College Stats,5-11,197,4.34,35.0,,128,7.21,4.22,Dallas Cowboys / 2nd / 44th pick / 2021
Kary Vincent Jr.,CB,LSU,College Stats,5-9,185,4.36,35.5,8,117,,,Denver Broncos / 7th / 237th pick / 2021
Malcolm Koonce,DE,Buffalo,College Stats,6-2,249,,,,,,,Las Vegas Raiders / 3rd / 79th pick / 2021
Trey Lance,QB,North Dakota St.,College Stats,6-3,224,,,,,,,San Francisco 49ers / 1st / 3rd pick / 2021
Cole Van Lanen,OL,Wisconsin,College Stats,6-4,305,5.11,30.0,22,107,7.34,4.64,Green Bay Packers / 6th / 214th pick / 2021
Trevor Lawrence,QB,Clemson,College Stats,6-5,213,,,,,,,Jacksonville Jaguars / 1st / 1st pick / 2021
Alex Leatherwood,OL,Alabama,College Stats,6-5,312,4.96,34.5,,118,,,Las Vegas Raiders / 1st / 17th pick / 2021
Richard LeCounte,DB,Georgia,College Stats,5-10,196,4.79,32.5,,128,7.44,4.49,Cleveland Browns / 5th / 169th pick / 2021
Deommodore Lenoir,CB,Oregon,College Stats,5-10,199,4.48,34.5,15,121,7.02,4.35,San Francisco 49ers / 5th / 172nd pick / 2021
Walker Little,OT,Stanford,College Stats,6-7,313,5.30,29.5,24,111,7.44,4.59,Jacksonville Jaguars / 2nd / 45th pick / 2021
Isaiahh Loudermilk,DE,Wisconsin,College Stats,6-6,274,5.08,28.5,21,112,7.52,4.55,Pittsburgh Steelers / 5th / 156th pick / 2021
Tre' McKitty,TE,Georgia,College Stats,6-4,247,,,,,,,Los Angeles Chargers / 3rd / 97th pick / 2021
Racey McMath,WR,LSU,College Stats,6-2,217,4.36,34.0,,124,7.38,4.38,Tennessee Titans / 6th / 205th pick / 2021
Quinn Meinerz,OL,Wisconsin–Whitewater,,6-2,320,4.99,32.0,,111,7.54,4.58,Denver Broncos / 3rd / 98th pick / 2021
Ifeatu Melifonwu,DB,Syracuse,College Stats,6-2,205,4.48,41.5,16,134,7.01,4.34,Detroit Lions / 3rd / 101st pick / 2021
Davis Mills,QB,Stanford,College Stats,6-3,217,4.82,32.0,,110,6.95,4.40,Houston Texans / 3rd / 67th pick / 2021
Dax Milne,WR,BYU,College Stats,,,4.54,31.0,14,114,,4.19,Washington Football Team / 7th / 258th pick / 2021
Elijah Mitchell,RB,Louisiana,College Stats,5-10,201,4.38,37.5,17,128,6.94,4.19,San Francisco 49ers / 6th / 194th pick / 2021
Trevon Moehrig,S,TCU,College Stats,,,4.50,33.0,,,,4.19,Las Vegas Raiders / 2nd / 43rd pick / 2021
Elijah Molden,DB,Washington,College Stats,5-9,192,4.62,36.5,13,125,,,Tennessee Titans / 3rd / 100th pick / 2021
Elijah Moore,WR,Mississippi,College Stats,,,4.35,36.0,17,121,6.63,4.07,New York Jets / 2nd / 34th pick / 2021
Rondale Moore,WR,Purdue,College Stats,5-7,180,4.28,42.5,,,6.65,4.06,Arizona Cardinals / 2nd / 49th pick / 2021
Jimmy Morrissey,OL,Pittsburgh,College Stats,6-3,303,5.31,31.0,26,105,7.39,4.47,Las Vegas Raiders / 7th / 230th pick / 2021
Israel Mukuamu,DB,South Carolina,College Stats,,,,36.0,34,,,,Dallas Cowboys / 6th / 227th pick / 2021
Josh Myers,C,Ohio St.,College Stats,6-5,310,,,29,,,,Green Bay Packers / 2nd / 62nd pick / 2021
Hamsah Nasirildeen,DB,Florida St.,College Stats,6-3,215,,32.0,17,,7.05,4.31,New York Jets / 6th / 186th pick / 2021
Dazz Newsome,WR,North Carolina,College Stats,5-10,190,4.59,34.0,12,121,7.38,4.38,Chicago Bears / 6th / 221st pick / 2021
Greg Newsome,DB,Northwestern,College Stats,6-0,192,4.39,40.0,18,123,6.90,4.26,Cleveland Browns / 1st / 26th pick / 2021
Daviyon Nixon,DT,Iowa,College Stats,6-3,313,4.90,28.5,,106,7.68,4.70,Carolina Panthers / 5th / 158th pick / 2021
Tre Nixon,WR,Central Florida,College Stats,6-0,187,4.44,35.5,18,125,6.81,4.27,New England Patriots / 7th / 242nd pick / 2021
Tre Norwood,DB,Oklahoma,College Stats,5-11,192,4.58,33.5,12,123,7.65,4.45,Pittsburgh Steelers / 7th / 245th pick / 2021
Dayo Odeyingbo,DL,Vanderbilt,College Stats,6-5,276,,,,,,,Indianapolis Colts / 2nd / 54th pick / 2021
Adetokunbo Ogundeji,DL,Notre Dame,College Stats,6-4,260,4.75,32.0,22,120,7.17,4.64,Atlanta Falcons / 5th / 182nd pick / 2021
Azeez Ojulari,OLB,Georgia,College Stats,6-2,249,4.63,30.0,26,127,7.27,4.34,New York Giants / 2nd / 50th pick / 2021
Levi Onwuzurike,DL,Washington,College Stats,6-2,290,4.89,30.0,29,109,,,Detroit Lions / 2nd / 41st pick / 2021
Joseph Ossai,LB,Texas,College Stats,6-3,256,4.63,41.5,19,131,,,Cincinnati Bengals / 3rd / 69th pick / 2021
Jayson Oweh,DE,Penn St.,College Stats,6-5,257,4.36,39.5,21,134,6.83,4.21,Baltimore Ravens / 1st / 31st pick / 2021
Jeremiah Owusu-Koramoah,LB,Notre Dame,College Stats,6-1,221,,36.5,,124,6.80,4.15,Cleveland Browns / 2nd / 52nd pick / 2021
Micah Parsons,LB,Penn St.,College Stats,6-3,246,4.39,34.0,19,126,6.89,4.40,Dallas Cowboys / 1st / 12th pick / 2021
Kwity Paye,DL,Michigan,College Stats,6-2,261,4.52,35.3,36,118,,,Indianapolis Colts / 1st / 21st pick / 2021
Ronnie Perkins,DE,Oklahoma,College Stats,6-2,253,4.71,32.0,25,115,,4.69,New England Patriots / 3rd / 96th pick / 2021
Jaelan Phillips,DL,Miami (FL),College Stats,6-5,260,4.56,36.0,21,125,,,Miami Dolphins / 1st / 18th pick / 2021
Kyle Pitts,TE,Florida,College Stats,6-5,245,4.44,33.5,22,129,7.12,4.30,Atlanta Falcons / 1st / 4th pick / 2021
Cornell Powell,WR,Clemson,College Stats,6-0,204,4.53,36.5,16,128,7.03,4.21,Kansas City Chiefs / 5th / 181st pick / 2021
Dillon Radunz,OT,North Dakota St.,,6-5,301,5.16,32.0,24,112,7.27,4.57,Tennessee Titans / 2nd / 53rd pick / 2021
Monty Rice,LB,Georgia,College Stats,6-0,233,4.58,32.0,,121,7.34,4.33,Tennessee Titans / 3rd / 92nd pick / 2021
Aaron Robinson,DB,Central Florida,College Stats,5-11,186,4.39,37.0,15,123,6.89,4.29,New York Giants / 3rd / 71st pick / 2021
Quincy Roche,DL,Miami (FL),College Stats,,,,32.5,23,119,,,Pittsburgh Steelers / 6th / 216th pick / 2021
Robert Rochell,DB,Central Arkansas,,5-11,193,4.41,43.0,9,133,6.84,4.08,Los Angeles Rams / 4th / 130th pick / 2021
Amari Rodgers,WR,Clemson,College Stats,5-9,212,4.52,33.0,19,121,7.07,4.31,Green Bay Packers / 3rd / 85th pick / 2021
Larry Rountree,RB,Missouri,College Stats,,,4.62,30.0,,,6.96,,Los Angeles Chargers / 6th / 198th pick / 2021
Gregory Rousseau,DL,Miami (FL),College Stats,6-6,266,4.68,30.0,21,115,,,Buffalo Bills / 1st / 30th pick / 2021
Chris Rumph,DE,Duke,College Stats,6-2,244,,,18,,,,Los Angeles Chargers / 4th / 118th pick / 2021
Anthony Schwartz,WR,Auburn,College Stats,6-0,186,4.27,32.0,,123,7.13,4.25,Cleveland Browns / 3rd / 91st pick / 2021
Trey Sermon,RB,Ohio St.,College Stats,6-0,215,4.57,37.0,,125,6.83,4.28,San Francisco 49ers / 3rd / 88th pick / 2021
Penei Sewell,OL,Oregon,College Stats,6-4,331,5.13,28.0,30,109,7.76,4.68,Detroit Lions / 1st / 7th pick / 2021
Tyler Shelvin,DT,LSU,College Stats,6-2,350,5.40,28.5,,97,8.15,5.05,Cincinnati Bengals / 4th / 122nd pick / 2021
William Sherman,OL,Colorado,College Stats,6-3,304,5.19,26.0,23,108,7.71,4.82,New England Patriots / 6th / 197th pick / 2021
Jamien Sherwood,DB,Auburn,College Stats,6-1,216,4.76,36.0,15,123,7.15,4.36,New York Jets / 5th / 146th pick / 2021
Rashawn Slater,OL,Northwestern,College Stats,6-4,304,4.91,33.0,33,112,7.48,4.45,Los Angeles Chargers / 1st / 13th pick / 2021
Tedarrell Slaton,DL,Florida,College Stats,6-4,330,5.09,29.0,27,109,7.91,4.81,Green Bay Packers / 5th / 173rd pick / 2021
Elerson Smith,DL,Northern Iowa,,,,4.71,41.5,26,127,7.00,4.39,New York Giants / 4th / 116th pick / 2021
Jordan Smith,OLB,Ala-Birmingham,College Stats,6-5,264,4.80,33.0,16,117,,,Jacksonville Jaguars / 4th / 121st pick / 2021
Ihmir Smith-Marsette,WR,Iowa,College Stats,6-0,181,4.43,37.0,,124,7.00,4.20,Minnesota Vikings / 5th / 157th pick / 2021
Benjamin St-Juste,DB,Minnesota,College Stats,6-3,202,4.51,34.5,11,119,6.63,3.96,Washington Football Team / 3rd / 74th pick / 2021
Caden Sterns,DB,Texas,College Stats,5-11,202,4.41,42.0,14,128,6.96,4.13,Denver Broncos / 5th / 152nd pick / 2021
Jacoby Stevens,S,LSU,College Stats,6-1,212,4.63,42.0,,130,,,Philadelphia Eagles / 6th / 224th pick / 2021
Marquez Stevenson,WR,Houston,College Stats,5-10,180,4.48,33.0,,122,6.76,4.14,Buffalo Bills / 6th / 203rd pick / 2021
Rhamondre Stevenson,RB,Oklahoma,College Stats,5-11,231,4.64,31.5,15,112,7.09,4.15,New England Patriots / 4th / 120th pick / 2021
Eric Stokes,DB,Georgia,College Stats,6-0,194,4.31,38.5,14,128,6.96,4.36,Green Bay Packers / 1st / 29th pick / 2021
Chazz Surratt,LB,North Carolina,College Stats,6-2,229,4.58,31.0,25,,7.02,4.16,Minnesota Vikings / 3rd / 78th pick / 2021
Patrick Surtain,DB,Alabama,College Stats,6-2,208,4.42,39.0,18,131,,,Denver Broncos / 1st / 9th pick / 2021
Keith Taylor,DB,Washington,College Stats,6-2,187,4.54,33.5,12,127,6.85,4.26,Carolina Panthers / 5th / 166th pick / 2021
Ambry Thomas,DB,Michigan,College Stats,5-11,191,4.37,38.0,15,122,,,San Francisco 49ers / 3rd / 102nd pick / 2021
Tommy Togiai,DT,Ohio St.,College Stats,6-1,296,4.97,32.0,40,105,7.20,4.49,Cleveland Browns / 4th / 132nd pick / 2021
Kadarius Toney,WR,Florida,College Stats,5-11,193,4.39,39.5,9,136,6.88,4.25,New York Giants / 1st / 20th pick / 2021
Shaka Toney,DE,Penn St.,College Stats,6-2,242,4.51,39.0,24,128,6.95,4.28,Washington Football Team / 7th / 246th pick / 2021
Khyiris Tonga,DL,BYU,College Stats,,,,,35,,,,Chicago Bears / 7th / 250th pick / 2021
Kyle Trask,QB,Florida,College Stats,6-5,236,5.10,31.5,,113,7.08,4.60,Tampa Bay Buccaneers / 2nd / 64th pick / 2021
Tommy Tremble,TE,Notre Dame,College Stats,6-3,241,4.60,36.5,20,122,,,Carolina Panthers / 3rd / 83rd pick / 2021
Joe Tryon,OLB,Washington,College Stats,6-5,259,4.69,35.0,22,116,7.18,4.36,Tampa Bay Buccaneers / 1st / 32nd pick / 2021
Jay Tufele,DL,USC,College Stats,6-2,305,5.00,30.0,30,105,7.80,4.88,Jacksonville Jaguars / 4th / 106th pick / 2021
Payton Turner,DL,Houston,College Stats,6-5,268,,35.5,23,,6.98,4.33,New Orleans Saints / 1st / 28th pick / 2021
Jaylen Twyman,DL,Pittsburgh,College Stats,6-1,301,5.40,32.5,40,104,8.00,,Minnesota Vikings / 6th / 199th pick / 2021
Alijah Vera-Tucker,OL,USC,College Stats,6-4,308,5.05,32.0,36,106,7.67,4.70,New York Jets / 1st / 14th pick / 2021
Shaun Wade,CB,Ohio St.,College Stats,6-0,196,,,,,,,Baltimore Ravens / 5th / 160th pick / 2021
Tylan Wallace,WR,Oklahoma St.,College Stats,5-11,194,4.48,33.0,11,112,6.97,4.25,Baltimore Ravens / 4th / 131st pick / 2021
Garret Wallow,LB,TCU,College Stats,,,4.65,32.5,22,122,6.87,4.12,Houston Texans / 5th / 170th pick / 2021
Rashad Weaver,DL,Pittsburgh,College Stats,6-4,259,4.88,32.0,20,114,6.97,4.26,Tennessee Titans / 4th / 135th pick / 2021
Mark Webb,DB,Georgia,College Stats,6-1,207,4.61,36.5,,136,7.30,4.52,Los Angeles Chargers / 7th / 241st pick / 2021
Pete Werner,LB,Ohio St.,College Stats,6-2,238,4.58,39.5,20,122,6.95,4.38,New Orleans Saints / 2nd / 60th pick / 2021
James Wiggins,S,Cincinnati,College Stats,5-11,209,4.40,38.0,22,127,,,Arizona Cardinals / 7th / 243rd pick / 2021
Rachad Wildgoose,CB,Wisconsin,College Stats,5-11,197,4.53,36.0,11,120,7.09,4.18,Buffalo Bills / 6th / 213th pick / 2021
Avery Williams,CB,Boise St.,College Stats,5-8,187,4.43,33.5,19,121,6.88,4.00,Atlanta Falcons / 5th / 183rd pick / 2021
Javonte Williams,RB,North Carolina,College Stats,5-9,212,4.55,36.0,22,123,6.97,4.09,Denver Broncos / 2nd / 35th pick / 2021
Milton Williams,DL,Louisiana Tech,College Stats,6-3,284,4.67,38.5,34,121,6.96,4.33,Philadelphia Eagles / 3rd / 73rd pick / 2021
Rodarius Williams,CB,Oklahoma St.,College Stats,5-11,189,4.50,36.5,14,123,6.98,4.15,New York Giants / 6th / 201st pick / 2021
Seth Williams,WR,Auburn,College Stats,6-3,211,4.49,37.0,12,124,7.20,4.43,Denver Broncos / 6th / 219th pick / 2021
Marco Wilson,CB,Florida,College Stats,5-11,191,4.37,43.5,26,136,6.80,4.13,Arizona Cardinals / 4th / 136th pick / 2021
Zach Wilson,QB,BYU,College Stats,6-2,214,,,,,,,New York Jets / 1st / 2nd pick / 2021
Nahshon Wright,DB,Oregon St.,College Stats,6-4,183,4.46,31.0,6,126,7.24,4.57,Dallas Cowboys / 3rd / 99th pick / 2021
Landon Young,OT,Kentucky,College Stats,6-6,310,5.00,30.5,34,108,7.70,4.89,New Orleans Saints / 6th / 206th pick / 2021
