Player,Position,School,College,Height,Weight,40 Time,Vertical Jump,Bench,Broad Jump,3 Cone,Shuttle,Drafted
Tyler Allgeier,RB,BYU,College Stats,5-11,224,4.60,33.0,,120,,,Atlanta Falcons / 5th / 151st pick / 2022
Troy Andersen,LB,Montana St.,,6-4,243,4.42,36.0,,128,,,Atlanta Falcons / 2nd / 58th pick / 2022
Tycen Anderson,S,Toledo,College Stats,6-2,209,4.36,35.5,,123,6.64,4.28,Cincinnati Bengals / 5th / 166th pick / 2022
Matt Araiza,P,San Diego St.,College Stats,6-1,200,4.68,32.0,,121,,,Buffalo Bills / 6th / 180th pick / 2022
Jalyn Armour-Davis,CB,Alabama,College Stats,6-1,197,4.39,34.5,14,,,,Baltimore Ravens / 4th / 119th pick / 2022
Brian Asamoah,LB,Oklahoma,College Stats,6-0,226,4.56,36.5,,124,,,Minnesota Vikings / 3rd / 66th pick / 2022
Calvin Austin,WR,Memphis,College Stats,5-8,170,4.32,39.0,,135,6.65,4.07,Pittsburgh Steelers / 4th / 138th pick / 2022
Tyler Badie,RB,Missouri,College Stats,5-8,197,4.45,33.5,,121,,,Baltimore Ravens / 6th / 196th pick / 2022
Kalon Barnes,CB,Baylor,College Stats,6-0,183,4.23,,,,,,Carolina Panthers / 7th / 242nd pick / 2022
Amaré Barno,EDGE,Virginia Tech,College Stats,6-5,246,4.36,37.0,,131,,4.45,Carolina Panthers / 6th / 189th pick / 2022
Darrian Beavers,LB,Cincinnati,College Stats,6-4,237,,36.5,,125,6.91,,New York Giants / 6th / 182nd pick / 2022
David Bell,WR,Purdue,College Stats,6-1,212,4.65,33.0,,118,7.14,4.57,Cleveland Browns / 3rd / 99th pick / 2022
Daniel Bellinger,TE,San Diego St.,College Stats,6-5,253,4.63,34.5,22,125,7.05,4.47,New York Giants / 4th / 112th pick / 2022
Dane Belton,S,Iowa,College Stats,6-1,205,4.43,36.5,,123,7.01,4.24,New York Giants / 4th / 114th pick / 2022
Terrel Bernard,LB,Baylor,College Stats,6-1,224,,35.5,22,123,7.03,4.25,Buffalo Bills / 3rd / 89th pick / 2022
Nik Bonitto,EDGE,Oklahoma,College Stats,6-3,248,4.54,35.5,,120,7.07,4.23,Denver Broncos / 2nd / 64th pick / 2022
Thomas Booker,DT,Stanford,College Stats,6-3,301,4.94,,,110,7.33,4.41,Houston Texans / 5th / 150th pick / 2022
Andrew Booth,CB,Clemson,College Stats,6-0,194,,,,,,,Minnesota Vikings / 2nd / 42nd pick / 2022
Jaquan Brisker,S,Penn St.,College Stats,6-1,199,4.49,34.5,22,124,,,Chicago Bears / 2nd / 48th pick / 2022
Montaric Brown,CB,Arkansas,College Stats,6-0,196,4.55,,,,,,Jacksonville Jaguars / 7th / 222nd pick / 2022
Logan Bruss,OG,Wisconsin,College Stats,6-5,309,5.32,31.0,,112,7.57,4.55,Los Angeles Rams / 3rd / 104th pick / 2022
Coby Bryant,CB,Cincinnati,College Stats,6-1,193,4.54,,17,,,,Seattle Seahawks / 4th / 109th pick / 2022
Spencer Burford,OG,Texas-San Antonio,College Stats,6-4,304,5.19,27.5,,105,,4.73,San Francisco 49ers / 4th / 134th pick / 2022
Treylon Burks,WR,Arkansas,College Stats,6-2,225,4.55,33.0,,122,7.28,,Tennessee Titans / 1st / 18th pick / 2022
Matthew Butler,DT,Tennessee,College Stats,6-4,297,5.00,32.0,17,112,7.89,4.81,Las Vegas Raiders / 5th / 175th pick / 2022
Percy Butler,S,Louisiana,College Stats,6-0,194,4.36,31.5,,123,,,Washington Commanders / 4th / 113th pick / 2022
Grant Calcaterra,TE,SMU,College Stats,6-4,241,4.62,,20,,,,Philadelphia Eagles / 6th / 198th pick / 2022
Jake Camarda,P,Georgia,College Stats,6-1,193,4.56,,,,,,Tampa Bay Buccaneers / 4th / 133rd pick / 2022
Chance Campbell,LB,Mississippi,College Stats,6-2,232,4.57,39.5,,127,,,Tennessee Titans / 6th / 219th pick / 2022
Ja'Tyre Carter,OG,Southern,,6-3,311,5.13,30.0,,108,7.84,4.90,Chicago Bears / 7th / 226th pick / 2022
Zachary Carter,DE,Florida,College Stats,6-4,282,4.99,27.5,19,110,,,Cincinnati Bengals / 3rd / 95th pick / 2022
Tariq Castro-Fields,CB,Penn St.,College Stats,6-1,197,4.38,,,,,,San Francisco 49ers / 6th / 221st pick / 2022
Tykevious Chandler,RB,North Carolina,College Stats,5-11,204,4.38,31.0,,121,,,Minnesota Vikings / 5th / 169th pick / 2022
Leo Chenal,LB,Wisconsin,College Stats,6-3,250,4.53,40.5,,128,,,Kansas City Chiefs / 3rd / 103rd pick / 2022
Lewis Cine,S,Georgia,College Stats,6-2,199,4.37,36.5,,133,,,Minnesota Vikings / 1st / 32nd pick / 2022
Damone Clark,LB,LSU,College Stats,6-3,239,4.57,36.5,,127,7.12,,Dallas Cowboys / 5th / 176th pick / 2022
Micheal Clemons,DE,Texas A&M,College Stats,6-5,263,,,24,116,,,New York Jets / 4th / 117th pick / 2022
Snoop Conner,RB,Mississippi,College Stats,5-10,222,4.59,29.5,25,118,,,Jacksonville Jaguars / 5th / 154th pick / 2022
Bryan Cook,S,Cincinnati,College Stats,6-1,206,,,,,,,Kansas City Chiefs / 2nd / 62nd pick / 2022
James Cook,RB,Georgia,College Stats,5-11,199,4.42,33.0,,124,,,Buffalo Bills / 2nd / 63rd pick / 2022
Matt Corral,QB,Mississippi,College Stats,6-2,212,,,,,,,Carolina Panthers / 3rd / 94th pick / 2022
Charles Cross,OT,Mississippi St.,College Stats,6-5,307,4.95,26.0,,112,7.88,4.61,Seattle Seahawks / 1st / 9th pick / 2022
Nick Cross,S,Maryland,College Stats,6-0,212,4.34,37.0,,130,,,Indianapolis Colts / 3rd / 96th pick / 2022
DJ Davidson,DT,Arizona St.,College Stats,6-3,327,,28.0,23,,7.85,4.72,New York Giants / 5th / 147th pick / 2022
Jordan Davis,DT,Georgia,College Stats,6-6,341,4.78,32.0,,123,,,Philadelphia Eagles / 1st / 13th pick / 2022
Kalia Davis,DT,Central Florida,College Stats,6-1,302,,,,,,,San Francisco 49ers / 6th / 220th pick / 2022
Tyrion Davis-Price,RB,LSU,College Stats,6-0,211,4.48,30.0,,117,,,San Francisco 49ers / 3rd / 93rd pick / 2022
Nakobe Dean,LB,Georgia,College Stats,5-11,229,,,,,,,Philadelphia Eagles / 3rd / 83rd pick / 2022
Dawson Deaton,C,Texas Tech,College Stats,6-6,306,5.12,29.0,24,108,7.52,4.49,Cleveland Browns / 7th / 246th pick / 2022
Austin Deculus,OT,LSU,College Stats,6-5,321,5.08,28.5,,109,,4.99,Houston Texans / 6th / 205th pick / 2022
Jahan Dotson,WR,Penn St.,College Stats,5-11,178,4.43,36.0,,121,7.28,,Washington Commanders / 1st / 16th pick / 2022
Romeo Doubs,WR,Nevada,College Stats,6-2,201,,,,,,,Green Bay Packers / 4th / 132nd pick / 2022
Greg Dulcich,TE,UCLA,College Stats,6-4,243,4.69,34.0,16,122,7.05,4.37,Denver Broncos / 3rd / 80th pick / 2022
Cobie Durant,CB,South Carolina St.,,5-10,180,4.38,,,,,,Los Angeles Rams / 4th / 142nd pick / 2022
Arnold Ebiketie,EDGE,Penn St.,College Stats,6-2,250,,38.0,21,128,,,Atlanta Falcons / 2nd / 38th pick / 2022
Trestan Ebner,RB,Baylor,College Stats,5-11,206,4.43,30.0,,,,,Chicago Bears / 6th / 203rd pick / 2022
Ikem Ekwonu,OT,North Carolina St.,College Stats,6-4,310,4.93,29.0,,108,7.82,4.73,Carolina Panthers / 1st / 6th pick / 2022
Kaiir Elam,CB,Florida,College Stats,6-2,191,4.39,,,,,,Buffalo Bills / 1st / 23rd pick / 2022
Martin Emerson,CB,Mississippi St.,College Stats,6-2,201,4.53,,,,,,Cleveland Browns / 3rd / 68th pick / 2022
Kingsley Enagbare,DE,South Carolina,College Stats,6-4,258,4.87,36.5,,117,,,Green Bay Packers / 5th / 179th pick / 2022
Akayleb Evans,CB,Missouri,College Stats,6-2,197,4.46,36.0,,129,,,Minnesota Vikings / 4th / 118th pick / 2022
Joshua Ezeudu,OG,North Carolina,College Stats,6-4,308,5.19,28.5,,105,7.83,4.56,New York Giants / 3rd / 67th pick / 2022
Erik Ezukanma,WR,Texas Tech,College Stats,6-2,209,,36.5,,126,,4.38,Miami Dolphins / 4th / 125th pick / 2022
Daniel Faalele,OT,Minnesota,College Stats,6-8,384,,,24,,,,Baltimore Ravens / 4th / 110th pick / 2022
Neil Farrell,DT,LSU,College Stats,6-4,330,5.41,21.5,,,8.41,,Las Vegas Raiders / 4th / 126th pick / 2022
Jake Ferguson,TE,Wisconsin,College Stats,6-5,250,4.81,31.5,15,118,7.03,4.48,Dallas Cowboys / 4th / 129th pick / 2022
Cordale Flott,CB,LSU,College Stats,6-1,175,,,,,,,New York Giants / 3rd / 81st pick / 2022
Jerome Ford,RB,Cincinnati,College Stats,5-11,210,4.46,31.0,,118,,,Cleveland Browns / 5th / 156th pick / 2022
Jonathan Ford,DT,Miami,College Stats,6-5,333,,29.0,,102,,,Green Bay Packers / 7th / 234th pick / 2022
Luke Fortner,C,Kentucky,College Stats,6-4,307,5.21,24.0,,102,7.75,4.95,Jacksonville Jaguars / 3rd / 65th pick / 2022
Ahmad Gardner,CB,Cincinnati,College Stats,6-3,190,4.41,,,,,,New York Jets / 1st / 4th pick / 2022
Trenton Gill,P,North Carolina St.,College Stats,6-4,220,,,,,,,Chicago Bears / 7th / 255th pick / 2022
Luke Goedeke,OG,Central Michigan,College Stats,6-5,312,,,26,,,,Tampa Bay Buccaneers / 2nd / 57th pick / 2022
Kyler Gordon,CB,Washington,College Stats,6-0,194,4.52,,,,,,Chicago Bears / 2nd / 39th pick / 2022
Danny Gray,WR,SMU,College Stats,6-0,186,4.33,34.0,,126,,,San Francisco 49ers / 3rd / 105th pick / 2022
Kenyon Green,OG,Texas A&M,College Stats,6-4,323,5.24,26.0,20,102,,5.12,Houston Texans / 1st / 15th pick / 2022
Jeffrey Gunter,EDGE,Coastal Carolina,College Stats,6-4,258,4.70,35.5,,122,7.21,4.35,Cincinnati Bengals / 7th / 252nd pick / 2022
Breece Hall,RB,Iowa St.,College Stats,5-11,217,4.39,40.0,,126,,,New York Jets / 2nd / 36th pick / 2022
Logan Hall,DE,Houston,College Stats,6-6,283,4.88,30.0,,,7.25,4.44,Tampa Bay Buccaneers / 2nd / 33rd pick / 2022
Kyle Hamilton,S,Notre Dame,College Stats,6-4,220,4.59,38.0,,131,6.90,4.32,Baltimore Ravens / 1st / 14th pick / 2022
Christian Harris,LB,Alabama,College Stats,6-1,226,4.44,34.5,,132,,,Houston Texans / 3rd / 75th pick / 2022
Kevin Harris,RB,South Carolina,College Stats,5-10,221,,38.5,21,126,,,New England Patriots / 6th / 183rd pick / 2022
Hassan Haskins,RB,Michigan,College Stats,6-2,228,,,27,,,,Tennessee Titans / 4th / 131st pick / 2022
Marquis Hayes,OG,Oklahoma,College Stats,6-5,318,5.30,23.5,,102,,,Arizona Cardinals / 7th / 257th pick / 2022
Connor Heyward,TE,Michigan St.,College Stats,5-11,233,4.72,32.5,,,,,Pittsburgh Steelers / 6th / 208th pick / 2022
Daxton Hill,S,Michigan,College Stats,6-0,191,4.38,33.5,,121,6.57,4.06,Cincinnati Bengals / 1st / 31st pick / 2022
Chasen Hines,C,LSU,College Stats,6-3,327,5.22,30.5,,108,,,New England Patriots / 6th / 210th pick / 2022
Sam Howell,QB,North Carolina,College Stats,6-1,218,,,,,,,Washington Commanders / 5th / 144th pick / 2022
Aidan Hutchinson,DE,Michigan,College Stats,6-7,260,4.74,36.0,,117,6.73,4.15,Detroit Lions / 1st / 2nd pick / 2022
Jermaine Johnson II,DE,Florida St.,College Stats,6-5,254,4.58,32.0,,125,,,New York Jets / 1st / 26th pick / 2022
Ed Ingram,OG,LSU,College Stats,6-3,307,5.02,20.5,,102,7.81,4.76,Minnesota Vikings / 2nd / 59th pick / 2022
Keaontay Ingram,RB,USC,College Stats,6-0,221,4.53,34.5,,122,,,Arizona Cardinals / 6th / 201st pick / 2022
D'Marco Jackson,LB,Appalachian St.,College Stats,6-1,233,4.55,33.0,,125,,,New Orleans Saints / 5th / 161st pick / 2022
Drake Jackson,EDGE,USC,College Stats,6-3,254,,36.5,,127,,,San Francisco 49ers / 2nd / 61st pick / 2022
Jordan Jackson,DT,Air Force,College Stats,6-5,294,,,,,,,New Orleans Saints / 6th / 194th pick / 2022
Zion Johnson,OG,Boston Col.,College Stats,6-3,312,5.18,32.0,32,112,7.38,4.46,Los Angeles Chargers / 1st / 17th pick / 2022
Braxton Jones,OT,Southern Utah St.,,6-5,310,4.97,25.5,,108,,4.84,Chicago Bears / 5th / 168th pick / 2022
Jack Jones,CB,Arizona St.,College Stats,5-11,171,4.51,,,,,,New England Patriots / 4th / 121st pick / 2022
Marcus Jones,CB,Houston,College Stats,5-8,174,,,,,,,New England Patriots / 3rd / 85th pick / 2022
Travis Jones,DT,Connecticut,College Stats,6-4,325,4.92,28.5,,110,7.33,4.58,Baltimore Ravens / 3rd / 76th pick / 2022
Velus Jones,WR,Tennessee,College Stats,6-0,204,4.31,33.0,,121,,,Chicago Bears / 3rd / 71st pick / 2022
Kerby Joseph,S,Illinois,College Stats,6-1,203,,38.5,18,123,,,Detroit Lions / 3rd / 97th pick / 2022
Cameron Jurgens,C,Nebraska,College Stats,6-3,303,4.92,,25,,,,Philadelphia Eagles / 2nd / 51st pick / 2022
George Karlaftis,EDGE,Purdue,College Stats,6-4,266,,38.0,21,121,,4.36,Kansas City Chiefs / 1st / 30th pick / 2022
Derion Kendrick,CB,Georgia,College Stats,6-0,194,,,,,,,Los Angeles Rams / 6th / 212th pick / 2022
Darian Kinnard,OG,Kentucky,College Stats,6-5,322,5.31,25.0,,99,8.11,4.96,Kansas City Chiefs / 5th / 145th pick / 2022
Charlie Kolar,TE,Iowa St.,College Stats,6-7,252,,,,,,,Baltimore Ravens / 4th / 128th pick / 2022
Quentin Lake,S,UCLA,College Stats,6-1,201,4.59,,,,,,Los Angeles Rams / 6th / 211th pick / 2022
DeMarvin Leal,DT,Texas A&M,College Stats,6-4,283,5.00,27.5,,106,,4.49,Pittsburgh Steelers / 3rd / 84th pick / 2022
Isaiah Likely,TE,Coastal Carolina,College Stats,6-5,245,,36.0,,,,4.57,Baltimore Ravens / 4th / 139th pick / 2022
Tyler Linderbaum,C,Iowa,College Stats,6-2,296,,,,,,,Baltimore Ravens / 1st / 25th pick / 2022
Devin Lloyd,LB,Utah,College Stats,6-3,237,4.66,35.0,25,126,,,Jacksonville Jaguars / 1st / 27th pick / 2022
Drake London,WR,USC,College Stats,6-4,219,,,,,,,Atlanta Falcons / 1st / 8th pick / 2022
Vederian Lowe,OT,Illinois,College Stats,6-5,314,5.22,25.5,,99,7.83,4.71,Minnesota Vikings / 6th / 184th pick / 2022
Abraham Lucas,OT,Washington St.,College Stats,6-6,315,4.92,27.0,24,107,7.25,4.40,Seattle Seahawks / 3rd / 72nd pick / 2022
Chase Lucas,CB,Arizona St.,College Stats,5-11,180,4.48,39.0,,128,,,Detroit Lions / 7th / 237th pick / 2022
Jesse Luketa,LB,Penn St.,College Stats,6-3,253,4.89,37.5,,114,,,Arizona Cardinals / 7th / 256th pick / 2022
Boye Mafe,EDGE,Minnesota,College Stats,6-4,261,4.53,38.0,,125,,,Seattle Seahawks / 2nd / 40th pick / 2022
DeAngelo Malone,EDGE,Western Kentucky,College Stats,6-3,243,,,23,,,,Atlanta Falcons / 3rd / 82nd pick / 2022
Damarri Mathis,CB,Pittsburgh,College Stats,5-11,196,4.39,,,,,,Denver Broncos / 4th / 115th pick / 2022
Phidarian Mathis,DT,Alabama,College Stats,6-4,310,,23.5,,109,,4.91,Washington Commanders / 2nd / 47th pick / 2022
Cade Mays,OG,Tennessee,College Stats,6-5,311,5.24,26.0,,102,7.57,4.71,Carolina Panthers / 6th / 199th pick / 2022
Trey McBride,TE,Colorado St.,College Stats,6-4,246,,33.0,18,117,,,Arizona Cardinals / 2nd / 55th pick / 2022
Zyon McCollum,CB,Sam Houston St.,,6-2,199,4.33,39.5,,132,6.48,3.94,Tampa Bay Buccaneers / 5th / 157th pick / 2022
Roger McCreary,CB,Auburn,College Stats,5-11,190,4.50,,,,,,Tennessee Titans / 2nd / 35th pick / 2022
Trent McDuffie,CB,Washington,College Stats,5-11,193,4.44,,,,,,Kansas City Chiefs / 1st / 21st pick / 2022
Micah McFadden,LB,Indiana,College Stats,6-1,240,,,21,,,,New York Giants / 5th / 146th pick / 2022
Marcus McKethan,OG,North Carolina,College Stats,6-7,340,5.31,27.5,27,110,7.81,4.99,New York Giants / 5th / 173rd pick / 2022
Bo Melton,WR,Rutgers,College Stats,5-11,189,4.34,38.0,,121,6.98,,Seattle Seahawks / 7th / 229th pick / 2022
John Metchie,WR,Alabama,College Stats,5-11,187,,,,,,,Houston Texans / 2nd / 44th pick / 2022
James Mitchell,TE,Virginia Tech,College Stats,6-4,249,,,,,,,Detroit Lions / 5th / 177th pick / 2022
Max Mitchell,OT,Louisiana,,6-6,307,5.32,25.0,,106,8.09,4.65,New York Jets / 4th / 111th pick / 2022
Skyy Moore,WR,Western Michigan,College Stats,5-10,195,4.41,34.5,,125,7.13,4.32,Kansas City Chiefs / 2nd / 54th pick / 2022
Chad Muma,LB,Wyoming,College Stats,6-3,239,4.63,40.0,27,129,7.06,4.28,Jacksonville Jaguars / 3rd / 70th pick / 2022
Thayer Munford,OT,Ohio St.,College Stats,6-6,328,5.39,22.0,,104,,,Las Vegas Raiders / 7th / 238th pick / 2022
Jalen Nailor,WR,Michigan St.,College Stats,5-11,186,4.50,38.0,,128,7.03,4.28,Minnesota Vikings / 6th / 191st pick / 2022
Evan Neal,OT,Alabama,College Stats,6-8,337,,,,,,,New York Giants / 1st / 7th pick / 2022
Otito Ogbonnia,DT,UCLA,College Stats,6-4,324,,,29,,,,Los Angeles Chargers / 5th / 160th pick / 2022
David Ojabo,EDGE,Michigan,College Stats,6-4,250,4.55,35.0,,122,,4.45,Baltimore Ravens / 2nd / 45th pick / 2022
Chigoziem Okonkwo,TE,Maryland,College Stats,6-3,238,4.52,35.5,,,,,Tennessee Titans / 4th / 143rd pick / 2022
Chris Olave,WR,Ohio St.,College Stats,6-0,187,4.39,32.0,,124,,,New Orleans Saints / 1st / 11th pick / 2022
Esezi Otomewo,DE,Minnesota,College Stats,6-5,282,,,,,,,Minnesota Vikings / 5th / 165th pick / 2022
Cade Otton,TE,Washington,College Stats,6-5,247,,,,,,,Tampa Bay Buccaneers / 4th / 106th pick / 2022
Isiah Pacheco,RB,Rutgers,College Stats,5-10,216,4.37,33.0,,118,,,Kansas City Chiefs / 7th / 251st pick / 2022
Dylan Parham,OG,Memphis,College Stats,6-3,311,4.93,26.5,,108,7.78,4.70,Las Vegas Raiders / 3rd / 90th pick / 2022
Joshua Paschal,DE,Kentucky,College Stats,6-3,268,4.77,37.5,,123,,,Detroit Lions / 2nd / 46th pick / 2022
Chris Paul,OG,Tulsa,College Stats,6-4,323,4.89,27.0,,109,7.74,4.83,Washington Commanders / 7th / 230th pick / 2022
Trevor Penning,OT,Northern Iowa,,6-7,325,4.89,28.0,,111,7.25,4.62,New Orleans Saints / 1st / 19th pick / 2022
Nicholas Petit-Frere,OT,Ohio St.,College Stats,6-5,316,5.14,24.5,,103,,,Tennessee Titans / 3rd / 69th pick / 2022
Kyle Philips,WR,UCLA,College Stats,5-11,189,4.58,33.5,,124,,,Tennessee Titans / 5th / 163rd pick / 2022
George Pickens,WR,Georgia,College Stats,6-3,195,4.47,33.0,,125,,,Pittsburgh Steelers / 2nd / 52nd pick / 2022
Kenny Pickett,QB,Pittsburgh,College Stats,6-3,217,4.73,33.5,,121,,4.29,Pittsburgh Steelers / 1st / 20th pick / 2022
Alec Pierce,WR,Cincinnati,College Stats,6-3,211,4.41,40.5,,129,7.13,4.28,Indianapolis Colts / 2nd / 53rd pick / 2022
Dameon Pierce,RB,Florida,College Stats,5-10,218,4.59,34.5,21,119,,,Houston Texans / 4th / 107th pick / 2022
Jalen Pitre,S,Baylor,College Stats,5-11,198,,35.0,16,,6.74,4.18,Houston Texans / 2nd / 37th pick / 2022
Brock Purdy,QB,Iowa St.,College Stats,6-1,212,4.84,27.0,,,7.21,4.45,San Francisco 49ers / 7th / 262nd pick / 2022
Teagan Quitoriano,TE,Oregon St.,College Stats,6-6,258,,,22,,,,Houston Texans / 5th / 170th pick / 2022
Bernhard Raimann,OT,Central Michigan,College Stats,6-6,303,5.05,30.5,30,117,7.46,4.49,Indianapolis Colts / 3rd / 77th pick / 2022
Sean Rhyan,OG,UCLA,College Stats,6-5,321,5.25,33.5,,110,7.55,4.81,Green Bay Packers / 3rd / 92nd pick / 2022
Desmond Ridder,QB,Cincinnati,College Stats,6-3,211,4.52,36.0,,127,7.15,4.29,Atlanta Falcons / 3rd / 74th pick / 2022
John Ridgeway,DT,Arkansas,College Stats,6-5,321,5.30,,,101,,4.73,Dallas Cowboys / 5th / 178th pick / 2022
Brian Robinson,RB,Alabama,College Stats,6-2,225,4.53,30.0,,119,,,Washington Commanders / 3rd / 98th pick / 2022
Dominique Robinson,EDGE,Miami (Ohio),College Stats,6-5,253,4.72,41.0,25,121,,,Chicago Bears / 5th / 174th pick / 2022
Wan'Dale Robinson,WR,Kentucky,College Stats,5-8,178,4.44,34.5,,118,,,New York Giants / 2nd / 43rd pick / 2022
Malcolm Rodriguez,LB,Oklahoma St.,College Stats,5-11,232,4.52,39.5,,120,,,Detroit Lions / 6th / 188th pick / 2022
Jeremy Ruckert,TE,Ohio St.,College Stats,6-5,250,,,19,,,,New York Jets / 3rd / 101st pick / 2022
Jamaree Salyer,OG,Georgia,College Stats,6-3,321,,,31,,,,Los Angeles Chargers / 6th / 195th pick / 2022
Myjai Sanders,EDGE,Cincinnati,College Stats,6-5,228,4.67,33.0,,120,,4.37,Arizona Cardinals / 3rd / 100th pick / 2022
Justin Shaffer,OG,Georgia,College Stats,6-4,314,5.14,25.5,,107,,,Atlanta Falcons / 6th / 190th pick / 2022
Khalil Shakir,WR,Boise St.,College Stats,6-0,196,4.43,34.5,,124,7.28,4.21,Buffalo Bills / 5th / 148th pick / 2022
Brandon Smith,LB,Penn St.,College Stats,6-4,250,4.52,37.5,,128,,,Carolina Panthers / 4th / 120th pick / 2022
Lecitus Smith,OG,Virginia Tech,College Stats,6-3,314,5.18,,23,99,7.88,4.78,Arizona Cardinals / 6th / 215th pick / 2022
Tyler Smith,OT,Tulsa,College Stats,6-5,324,5.02,27.5,,105,7.78,4.65,Dallas Cowboys / 1st / 24th pick / 2022
Tyreke Smith,EDGE,Ohio St.,College Stats,6-3,254,4.86,34.0,,117,,,Seattle Seahawks / 5th / 158th pick / 2022
Baylon Spector,LB,Clemson,College Stats,6-0,233,4.60,36.0,,122,,,Buffalo Bills / 7th / 231st pick / 2022
Isaiah Spiller,RB,Texas A&M,College Stats,6-0,217,,30.0,,114,,,Los Angeles Chargers / 4th / 123rd pick / 2022
Derek Stingley,CB,LSU,College Stats,6-0,190,,,,,,,Houston Texans / 1st / 3rd pick / 2022
Jordan Stout,P,Penn St.,College Stats,6-3,209,4.65,,,,,,Baltimore Ravens / 4th / 130th pick / 2022
Cole Strange,OG,Tennessee-Chattanooga,,6-5,307,5.03,28.0,31,120,7.44,4.50,New England Patriots / 1st / 29th pick / 2022
Pierre Strong,RB,South Dakota St.,,5-11,207,4.37,36.0,,124,,,New England Patriots / 4th / 127th pick / 2022
Andrew Stueber,OT,Michigan,College Stats,6-7,325,,24.5,,101,7.94,4.90,New England Patriots / 7th / 245th pick / 2022
Alontae Taylor,CB,Tennessee,College Stats,6-0,199,4.36,34.5,,128,,,New Orleans Saints / 2nd / 49th pick / 2022
Cam Taylor-Britt,CB,Nebraska,College Stats,5-11,196,4.38,,,,,,Cincinnati Bengals / 2nd / 60th pick / 2022
Luke Tenuta,OT,Virginia Tech,College Stats,6-8,319,5.41,26.0,,104,,4.77,Buffalo Bills / 6th / 209th pick / 2022
Kayvon Thibodeaux,EDGE,Oregon,College Stats,6-4,254,4.58,,27,,,,New York Giants / 1st / 5th pick / 2022
Cameron Thomas,DE,San Diego St.,College Stats,6-4,267,,,24,,,,Arizona Cardinals / 3rd / 87th pick / 2022
Isaiah Thomas,EDGE,Oklahoma,College Stats,6-5,266,4.70,31.5,,117,,,Cleveland Browns / 7th / 223rd pick / 2022
Skylar Thompson,QB,Kansas St.,College Stats,6-2,217,4.91,31.0,,112,7.00,4.28,Miami Dolphins / 7th / 247th pick / 2022
Tyquan Thornton,WR,Baylor,College Stats,6-2,181,4.28,36.5,,130,,,New England Patriots / 2nd / 50th pick / 2022
Channing Tindall,LB,Georgia,College Stats,6-2,230,4.47,42.0,,129,,,Miami Dolphins / 3rd / 102nd pick / 2022
Jalen Tolbert,WR,South Alabama,College Stats,6-1,194,4.49,36.0,,123,7.08,,Dallas Cowboys / 3rd / 88th pick / 2022
Zach Tom,C,Wake Forest,College Stats,6-4,304,4.94,33.0,,118,7.32,4.47,Green Bay Packers / 4th / 140th pick / 2022
Cole Turner,TE,Nevada,College Stats,6-6,246,4.76,27.0,17,120,7.06,4.41,Washington Commanders / 5th / 149th pick / 2022
Delarrin Turner-Yell,S,Oklahoma,College Stats,5-10,197,4.47,,,122,,,Denver Broncos / 5th / 152nd pick / 2022
Eyioma Uwazurike,DT,Iowa St.,College Stats,6-6,316,,33.0,,107,,,Denver Broncos / 4th / 116th pick / 2022
Cordell Volson,OG,North Dakota St.,,6-6,315,5.27,25.0,25,104,8.31,4.93,Cincinnati Bengals / 4th / 136th pick / 2022
Matt Waletzko,OT,North Dakota,,6-8,312,5.03,30.0,,113,,,Dallas Cowboys / 5th / 155th pick / 2022
Kenneth Walker,RB,Michigan St.,College Stats,5-9,211,4.38,34.0,,122,,,Seattle Seahawks / 2nd / 41st pick / 2022
Quay Walker,LB,Georgia,College Stats,6-4,241,4.52,32.0,,122,,,Green Bay Packers / 1st / 22nd pick / 2022
Rasheed Walker,OT,Penn St.,College Stats,6-6,313,,,,,,,Green Bay Packers / 7th / 249th pick / 2022
Travon Walker,DE,Georgia,College Stats,6-5,272,4.51,35.5,,123,6.89,4.32,Jacksonville Jaguars / 1st / 1st pick / 2022
Christian Watson,WR,North Dakota St.,,6-4,208,4.36,38.5,,136,,,Green Bay Packers / 2nd / 34th pick / 2022
Jaylen Watson,CB,Washington St.,College Stats,6-2,197,4.51,,18,,,,Kansas City Chiefs / 7th / 243rd pick / 2022
Luke Wattenberg,C,Washington,College Stats,6-4,299,5.20,29.5,,113,7.45,4.57,Denver Broncos / 5th / 171st pick / 2022
Rachaad White,RB,Arizona St.,College Stats,6-0,214,4.48,38.0,,125,,,Tampa Bay Buccaneers / 3rd / 91st pick / 2022
Zamir White,RB,Georgia,College Stats,6-0,214,4.40,33.5,,128,,,Las Vegas Raiders / 4th / 122nd pick / 2022
Damarion Williams,CB,Houston,College Stats,5-10,182,,34.5,17,118,,,Baltimore Ravens / 4th / 141st pick / 2022
Jameson Williams,WR,Alabama,College Stats,6-2,179,,,,,,,Detroit Lions / 1st / 12th pick / 2022
Joshua Williams,CB,Fayetteville St. University,,6-3,195,4.53,36.0,,124,,,Kansas City Chiefs / 4th / 135th pick / 2022
Kyren Williams,RB,Notre Dame,College Stats,5-9,194,4.65,32.0,,116,,,Los Angeles Rams / 5th / 164th pick / 2022
Sam Williams,EDGE,Mississippi,College Stats,6-4,261,4.46,32.5,,123,,,Dallas Cowboys / 2nd / 56th pick / 2022
Malik Willis,QB,Liberty,College Stats,6-1,219,,,,,,,Tennessee Titans / 3rd / 86th pick / 2022
Garrett Wilson,WR,Ohio St.,College Stats,6-0,183,4.38,36.0,,123,,4.36,New York Jets / 1st / 10th pick / 2022
Perrion Winfrey,DT,Oklahoma,College Stats,6-4,290,4.89,,,,,,Cleveland Browns / 4th / 108th pick / 2022
Jelani Woods,TE,Virginia,College Stats,6-7,259,4.61,,24,,,,Indianapolis Colts / 3rd / 73rd pick / 2022
JT Woods,S,Baylor,College Stats,6-2,195,4.36,39.5,,128,,,Los Angeles Chargers / 3rd / 79th pick / 2022
Mike Woods,WR,Oklahoma,College Stats,6-1,204,4.55,34.5,,125,,,Cleveland Browns / 6th / 202nd pick / 2022
Tariq Woolen,CB,Texas-San Antonio,College Stats,6-4,205,4.26,42.0,,,,,Seattle Seahawks / 5th / 153rd pick / 2022
Alex Wright,DE,Alabama-Birmingham,College Stats,6-5,271,,,15,,,,Cleveland Browns / 3rd / 78th pick / 2022
Devonte Wyatt,DT,Georgia,College Stats,6-3,304,4.77,29.0,,111,,,Green Bay Packers / 1st / 28th pick / 2022
Cade York,K,LSU,College Stats,6-1,206,,,12,,,,Cleveland Browns / 4th / 124th pick / 2022
Nick Zakelj,OT,Fordham,,6-6,316,5.13,28.5,27,110,7.75,4.71,San Francisco 49ers / 6th / 187th pick / 2022
Bailey Zappe,QB,Western Kentucky,College Stats,6-1,215,4.88,30.0,,109,7.19,4.40,New England Patriots / 4th / 137th pick / 2022
