Rk,Player,School,Conf,G,Completions,Attempts,CompletionPCT,PassYds,YardsPerAttempt,AdjustedYardsPerAttempt,PassingTDs,Int,EfficiencyRtg,RushAtt,RushYds,RushAvg,RushTD
1,Baker Mayfield,Oklahoma,Big 12,13,254,358,70.9,3965,11.1,12.3,40,8,196.4,78,177,2.3,6
2,Mike White,Western Kentucky,CUSA,14,280,416,67.3,4363,10.5,11.5,37,7,181.4,29,-74,-2.6,0
3,Logan Woodside,Toledo,MAC,13,289,418,69.1,4129,9.9,11.1,45,9,183.3,37,-40,-1.1,0
4,Nick Stevens,Colorado State,MWC,10,129,201,64.2,1936,9.6,10.4,19,5,171.3,15,53,3.5,2
5,Zach Terrell,Western Michigan,MAC,14,263,377,69.8,3533,9.4,10.6,33,4,175.2,80,249,3.1,7
6,Ryan Higgins,Louisiana Tech,CUSA,13,329,496,66.3,4617,9.3,10.2,41,8,168.6,88,277,3.1,4
7,Brett Rypien,Boise State,MWC,13,244,394,61.9,3646,9.3,9.6,24,8,155.7,48,-16,-0.3,2
8,Trace McSorley,Penn State,Big Ten,14,224,387,57.9,3614,9.3,9.9,29,8,156.9,146,365,2.5,7
9,Nathan Peterman,Pitt,ACC,13,185,306,60.5,2855,9.3,10.1,27,7,163.4,72,286,4.0,3
10,Mason Rudolph,Oklahoma State,Big 12,13,284,448,63.4,4091,9.1,10.0,28,4,158.9,83,61,0.7,6
11,Jake Browning,Washington,Pac-12,14,243,391,62.1,3430,8.8,9.9,43,9,167.5,65,45,0.7,4
12,Lamar Jackson,Louisville,ACC,13,230,409,56.2,3543,8.7,9.1,30,9,148.8,260,1571,6.0,21
13,Austin Allen,Arkansas,SEC,13,245,401,61.1,3430,8.6,8.1,25,15,146.0,65,-126,-1.9,2
14,Josh Allen,Wyoming,MWC,14,209,373,56.0,3203,8.6,8.3,28,15,144.9,142,523,3.7,7
15,Patrick Mahomes,Texas Tech,Big 12,12,388,591,65.7,5052,8.5,9.2,41,10,157.0,131,285,2.2,12
16,Nick Mullens,Southern Mississippi,CUSA,11,243,384,63.3,3272,8.5,8.5,24,11,149.8,51,-54,-1.1,4
17,Quinton Flowers,South Florida,American,13,207,331,62.5,2812,8.5,9.0,24,7,153.6,198,1530,7.7,18
18,Mitch Trubisky,North Carolina,ACC,13,304,447,68.0,3748,8.4,9.1,30,6,157.9,93,308,3.3,5
19,Jerod Evans,Virginia Tech,ACC,14,268,422,63.5,3552,8.4,8.9,29,8,153.1,204,846,4.1,12
20,Brad Kaaya,Miami (FL),ACC,13,261,421,62.0,3532,8.4,8.9,27,7,150.3,37,-136,-3.7,1
21,Deondre Francois,Florida State,ACC,13,235,400,58.8,3350,8.4,8.6,20,7,142.1,108,198,1.8,5
22,Sam Darnold,USC,Pac-12,13,246,366,67.2,3086,8.4,9.0,31,9,161.1,62,250,4.0,2
23,Chad Kelly,Ole Miss,SEC,9,205,328,62.5,2758,8.4,8.5,19,8,147.4,81,332,4.1,5
24,Riley Ferguson,Memphis,American,13,280,443,63.2,3698,8.3,8.8,32,10,152.6,71,-70,-1.0,4
25,P.J. Walker,Temple,American,14,230,395,58.2,3295,8.3,8.0,22,13,140.1,65,-100,-1.5,1
26,Joshua Dobbs,Tennessee,SEC,13,225,357,63.0,2946,8.3,8.3,27,12,150.6,150,831,5.5,12
27,David Washington,Old Dominion,CUSA,13,202,340,59.4,2836,8.3,9.5,31,5,156.6,67,207,3.1,1
28,Skyler Howard,West Virginia,Big 12,13,247,404,61.1,3328,8.2,8.4,26,10,146.6,142,463,3.3,10
29,DeShone Kizer,Notre Dame,Ind,12,212,361,58.7,2925,8.1,8.4,26,9,145.6,129,472,3.7,8
30,Sean White,Auburn,SEC,11,133,208,63.9,1679,8.1,8.3,9,3,143.1,55,163,3.0,2
31,Justice Hansen,Arkansas State,Sun Belt,13,197,340,57.9,2719,8.0,8.1,19,8,138.9,79,131,1.7,1
32,Jacob Park,Iowa State,Big 12,10,133,225,59.1,1791,8.0,8.0,12,5,139.1,36,59,1.6,1
33,Deshaun Watson,Clemson,ACC,15,388,579,67.0,4593,7.9,8.0,41,17,151.1,165,629,3.8,9
34,Danny Etling,LSU,SEC,11,160,269,59.5,2123,7.9,7.9,11,5,135.6,41,46,1.1,1
35,Christian Chapman,San Diego State,MWC,14,153,251,61.0,1994,7.9,8.5,20,6,149.2,71,63,0.9,0
36,Drew Lock,Missouri,SEC,12,237,434,54.6,3399,7.8,7.9,23,10,133.3,52,123,2.4,1
37,Brent Stockstill,Middle Tennessee State,CUSA,10,262,414,63.3,3233,7.8,8.5,31,7,150.2,45,240,5.3,0
38,Dallas Davis,South Alabama,Sun Belt,11,198,348,56.9,2706,7.8,6.9,11,12,125.7,91,245,2.7,3
39,Zach Smith,Baylor,Big 12,10,116,196,59.2,1526,7.8,7.5,13,7,139.3,25,-26,-1.0,1
40,Richard Lagow,Indiana,Big Ten,13,253,438,57.8,3362,7.7,6.8,19,17,128.8,41,-188,-4.6,2
41,Dane Evans,Tulsa,American,13,259,435,59.5,3348,7.7,7.9,32,12,142.9,47,-29,-0.6,4
42,Matt Linehan,Idaho,Sun Belt,13,257,415,61.9,3184,7.7,7.5,19,10,136.7,88,167,1.9,4
43,Wilton Speight,Michigan,Big Ten,12,204,331,61.6,2538,7.7,7.8,18,7,139.8,35,-60,-1.7,1
44,Stephen Johnson,Kentucky,SEC,12,145,265,54.7,2037,7.7,7.6,13,6,130.9,97,327,3.4,3
45,Greg Ward Jr.,Houston,American,12,319,469,68.0,3557,7.6,7.3,22,13,141.7,197,518,2.6,10
46,Cooper Rush,Central Michigan,MAC,13,278,465,59.8,3540,7.6,7.1,23,16,133.2,68,-21,-0.3,1
47,Ryan Finley,North Carolina State,ACC,13,243,402,60.4,3059,7.6,7.6,18,8,135.2,74,94,1.3,1
48,Shane Buechele,Texas,Big 12,12,236,391,60.4,2958,7.6,7.4,21,11,136.0,96,161,1.7,2
49,Eric Dungey,Syracuse,ACC,9,230,355,64.8,2679,7.5,7.5,15,7,138.2,125,293,2.3,6
50,Philip Nelson,East Carolina,American,10,237,349,67.9,2621,7.5,7.4,16,8,141.5,62,57,0.9,2
51,Manny Wilkins,Arizona State,Pac-12,10,197,311,63.3,2329,7.5,7.0,12,9,133.2,128,246,1.9,5
52,Tyler O'Connor,Michigan State,Big Ten,11,154,262,58.8,1970,7.5,7.2,16,9,135.2,63,70,1.1,0
53,Dru Brown,Hawaii,MWC,13,209,335,62.4,2488,7.4,7.6,19,7,139.3,88,306,3.5,4
54,Jason Driskel,Florida Atlantic,CUSA,12,200,327,61.2,2415,7.4,6.4,9,11,125.6,80,242,3.0,4
55,Sefo Liufau,Colorado,Pac-12,12,200,319,62.7,2366,7.4,7.3,11,6,132.6,165,494,3.0,8
56,Kenny Potter,San Jose State,MWC,11,183,307,59.6,2273,7.4,7.0,16,10,132.5,136,322,2.4,7
57,Tommy Armstrong Jr,Nebraska,Big Ten,11,151,294,51.4,2180,7.4,7.1,14,8,123.9,113,512,4.5,8
58,Perry Hills,Maryland,Big Ten,11,122,197,61.9,1464,7.4,7.7,12,4,140.4,91,93,1.0,4
59,Brandon Dawkins,Arizona,Pac-12,10,98,182,53.8,1348,7.4,6.8,8,6,124.0,131,944,7.2,10
60,Kenny Hill,TCU,Big 12,13,269,440,61.1,3208,7.3,6.7,17,13,129.2,125,609,4.9,10
61,Jalen Hurts,Alabama,SEC,15,240,382,62.8,2780,7.3,7.4,23,9,139.1,191,954,5.0,13
62,Andrew Ford,Massachusetts,Ind,10,222,365,60.8,2665,7.3,7.0,26,14,138.0,45,-96,-2.1,2
63,Dalton Sturm,UTSA,CUSA,13,169,299,56.5,2170,7.3,7.7,20,6,135.5,110,313,2.8,4
64,Brogan Roback,Eastern Michigan,MAC,10,219,372,58.9,2694,7.2,7.4,18,7,131.9,63,223,3.5,2
65,Conner Manning,Georgia State,Sun Belt,10,207,373,55.5,2684,7.2,6.5,16,13,123.1,27,-3,-0.1,2
66,Luke Falk,Washington State,Pac-12,13,443,633,70.0,4468,7.1,7.5,38,11,145.6,66,-68,-1.0,0
67,Troy Williams,Utah,Pac-12,13,207,390,53.1,2757,7.1,6.9,15,8,121.0,111,235,2.1,5
68,Mitch Leidner,Minnesota,Big Ten,12,173,307,56.4,2169,7.1,5.8,8,12,116.5,111,366,3.3,10
69,Bryant Shirreffs,Connecticut,American,9,166,283,58.7,2010,7.1,6.6,7,6,122.2,144,326,2.3,2
70,Chase Litton,Marshall,CUSA,10,231,371,62.3,2612,7.0,7.2,24,9,137.9,34,-133,-3.9,1
71,Taylor Lamb,Appalachian State,Sun Belt,13,197,325,60.6,2281,7.0,6.8,15,8,129.9,89,505,5.7,9
72,Davis Webb,California,Pac-12,12,382,620,61.6,4295,6.9,7.3,37,12,135.6,33,-110,-3.3,6
73,Brandon Silvers,Troy,Sun Belt,13,293,460,63.7,3180,6.9,6.7,23,12,133.0,48,128,2.7,4
74,Ben Hicks,SMU,American,12,234,422,55.5,2930,6.9,6.2,19,15,121.5,41,-83,-2.0,2
75,Ryan Metz,UTEP,CUSA,10,130,201,64.7,1375,6.8,7.3,14,4,141.1,36,41,1.1,0
76,Clayton Thorson,Northwestern,Big Ten,13,280,478,58.6,3182,6.7,6.7,22,9,125.9,97,98,1.0,5
77,J.T. Barrett,Ohio State,Big Ten,13,233,379,61.5,2555,6.7,7.2,24,7,135.3,205,845,4.1,9
78,Trevor Knight,Texas A&M,SEC,11,193,362,53.3,2432,6.7,6.9,19,7,123.2,102,614,6.0,10
79,Nick Fitzgerald,Mississippi State,SEC,13,196,361,54.3,2423,6.7,6.6,21,10,124.3,195,1375,7.1,16
80,Anthony Jennings,Louisiana,Sun Belt,13,193,323,59.8,2178,6.7,5.6,11,13,119.6,144,341,2.4,9
81,Daniel Jones,Duke,ACC,12,270,430,62.8,2836,6.6,6.4,16,9,126.3,141,486,3.4,7
82,Jacob Eason,Georgia,SEC,13,204,370,55.1,2430,6.6,6.5,16,8,120.2,33,-45,-1.4,1
83,Kent Myers,Utah State,MWC,12,212,362,58.6,2394,6.6,6.2,10,8,118.8,116,449,3.9,6
84,Alex McGough,Florida International,CUSA,9,167,286,58.4,1891,6.6,5.8,13,11,121.2,45,117,2.6,4
85,Jesse Ertz,Kansas State,Big 12,13,152,264,57.6,1755,6.6,6.6,9,4,121.6,183,1012,5.5,12
86,David Blough,Purdue,Big Ten,12,295,517,57.1,3352,6.5,5.6,25,21,119.4,80,13,0.2,4
87,Tyler Stehling,Rice,CUSA,11,194,316,61.4,2049,6.5,6.2,12,7,124.0,101,309,3.1,4
88,Tyler Rogers,New Mexico State,Sun Belt,11,224,404,55.4,2603,6.4,5.9,16,12,116.7,124,333,2.7,4
89,Riley Neal,Ball State,MAC,11,242,394,61.4,2541,6.4,5.7,13,12,120.4,127,540,4.3,8
90,Kyle Shurmur,Vanderbilt,SEC,13,204,375,54.4,2409,6.4,5.7,9,10,110.9,50,-129,-2.6,0
91,Tyler Jones,Texas State,Sun Belt,11,220,342,64.3,2184,6.4,5.2,11,14,120.4,115,-8,-0.1,5
92,James Morgan,Bowling Green State,MAC,11,183,326,56.1,2082,6.4,5.3,16,15,116.8,45,-72,-1.6,0
93,C.J. Beathard,Iowa,Big Ten,13,170,301,56.5,1929,6.4,6.0,17,10,122.3,83,-13,-0.2,2
94,Kurt Benkert,Virginia,ACC,11,228,406,56.2,2552,6.3,6.1,21,11,120.6,60,-94,-1.6,0
95,Chason Virgil,Fresno State,MWC,10,166,322,51.6,2021,6.3,5.7,13,10,111.4,77,122,1.6,2
96,Patrick Towles,Boston College,ACC,13,138,273,50.5,1730,6.3,6.1,12,7,113.2,115,294,2.6,4
97,Taysom Hill,Brigham Young,Ind,12,222,372,59.7,2323,6.2,5.6,12,11,116.9,137,603,4.4,8
98,Hasaan Klugh,Charlotte,CUSA,11,120,224,53.6,1356,6.1,6.3,10,3,116.5,89,426,4.8,8
99,Mason Fine,North Texas,CUSA,10,155,261,59.4,1572,6.0,5.6,6,5,113.7,94,118,1.3,2
100,McKenzie Milton,UCF,American,10,194,336,57.7,1983,5.9,5.6,10,7,113.0,100,158,1.6,3
101,John Wolford,Wake Forest,ACC,12,166,299,55.5,1774,5.9,5.0,9,10,108.6,130,521,4.0,6
102,Tyree Jackson,Buffalo,MAC,10,165,311,53.1,1772,5.7,5.0,9,9,104.7,99,399,4.0,5
103,Glen Cuiellette,Tulane,American,12,101,237,42.6,1309,5.5,4.8,10,8,96.2,120,216,1.8,1
