Rk,Player,School,Conf,G,Completions,Attempts,CompletionPCT,PassYds,YardsPerAttempt,AdjustedYardsPerAttempt,PassingTDs,Int,EfficiencyRtg,RushAtt,RushYds,RushAvg,RushTD
1,Grayson McCall,Coastal Carolina,Sun Belt,11,176,241,73.0,2873,11.9,13.6,27,3,207.6,93,290,3.1,4
2,C.J. Stroud,Ohio State,Big Ten,12,317,441,71.9,4435,10.1,11.4,44,6,186.6,32,-20,-0.6,0
3,Stetson Bennett,Georgia,SEC,14,185,287,64.5,2862,10.0,10.9,29,7,176.7,56,259,4.6,1
4,Hendon Hooker,Tennessee,SEC,13,206,303,68.0,2945,9.7,11.3,31,3,181.4,166,616,3.7,5
5,Dylan Hopkins,UAB,CUSA,13,155,235,66.0,2274,9.7,9.9,18,7,166.6,85,19,0.2,5
6,Adrian Martinez,Nebraska,Big Ten,11,189,306,61.8,2863,9.4,8.8,14,10,148.9,133,525,3.9,13
7,Kaleb Eleby,Western Michigan,MAC,13,230,362,63.5,3277,9.1,9.6,23,6,157.2,87,64,0.7,6
8,K.J. Jefferson,Arkansas,SEC,13,198,294,67.3,2676,9.1,9.9,21,4,164.7,146,664,4.5,6
9,Caleb Williams,Oklahoma,Big 12,11,136,211,64.5,1912,9.1,10.2,21,4,169.6,79,442,5.6,6
10,Gavin Hardison,UTEP,CUSA,13,198,357,55.5,3218,9.0,8.4,18,13,140.5,46,-44,-1.0,0
11,Tyler Van Dyke,Miami (FL),ACC,10,202,324,62.3,2931,9.0,9.8,25,6,160.1,53,57,1.1,1
12,Skylar Thompson,Kansas State,Big 12,10,162,233,69.5,2103,9.0,9.3,12,4,158.9,48,4,0.1,4
13,Max Duggan,TCU,Big 12,10,145,227,63.9,2048,9.0,9.2,16,6,157.6,105,352,3.4,3
14,Bryce Young,Alabama,SEC,15,366,547,66.9,4872,8.9,10.0,47,7,167.5,81,0,0.0,3
15,Brennan Armstrong,Virginia,ACC,11,326,500,65.2,4449,8.9,9.2,31,10,156.4,98,251,2.6,9
16,Brett Gabbert,Miami (OH),MAC,10,178,299,59.5,2648,8.9,9.7,26,6,158.6,54,147,2.7,1
17,Sam Howell,North Carolina,ACC,12,217,347,62.5,3056,8.8,9.0,24,9,154.2,183,828,4.5,11
18,Bailey Zappe,Western Kentucky,CUSA,14,475,686,69.2,5967,8.7,9.8,62,11,168.9,51,17,0.3,3
19,Kenny Pickett,Pitt,ACC,13,334,497,67.2,4319,8.7,9.7,42,7,165.3,97,241,2.5,5
20,Matt Corral,Ole Miss,SEC,13,262,386,67.9,3349,8.7,9.1,20,5,155.3,152,614,4.0,11
21,Malik Cunningham,Louisville,ACC,13,209,337,62.0,2941,8.7,9.1,19,6,150.4,173,1031,6.0,20
22,Jaren Hall,Brigham Young,Ind,10,189,296,63.9,2583,8.7,9.3,20,5,156.1,62,307,5.0,3
23,Chase Brice,Appalachian State,Sun Belt,14,242,390,62.1,3337,8.6,8.7,27,11,151.1,71,149,2.1,3
24,Desmond Ridder,Cincinnati,American,14,251,387,64.9,3334,8.6,9.2,30,8,158.7,110,355,3.2,6
25,Max Bortenschlager,Florida International,CUSA,12,178,342,52.0,2935,8.6,8.1,19,12,135.5,50,-250,-5.0,1
26,Logan Bonner,Utah State,MWC,14,263,429,61.3,3628,8.5,8.9,36,12,154.4,69,66,1.0,0
27,Seth Henigan,Memphis,American,11,235,393,59.8,3322,8.5,8.8,25,8,147.7,80,147,1.8,0
28,Dorian Thompson-Robinson,UCLA,Pac-12,11,176,283,62.2,2409,8.5,9.0,21,6,153.9,130,609,4.7,9
29,Jake Haener,Fresno State,MWC,13,329,490,67.1,4096,8.4,8.9,33,9,155.9,71,5,0.1,3
30,Aidan O'Connell,Purdue,Big Ten,12,315,440,71.6,3712,8.4,8.6,28,11,158.5,25,-120,-4.8,1
31,Clayton Tune,Houston,American,14,287,420,68.3,3544,8.4,8.8,30,10,158.0,105,154,1.5,2
32,Dustin Crum,Kent State,MAC,14,244,381,64.0,3206,8.4,8.8,20,6,148.9,161,703,4.4,12
33,Malik Willis,Liberty,Ind,13,207,339,61.1,2857,8.4,8.4,27,12,151.1,197,878,4.5,13
34,Chance Nolan,Oregon State,Pac-12,13,204,318,64.2,2677,8.4,8.2,19,10,148.3,70,286,4.1,3
35,Sam Hartman,Wake Forest,ACC,14,299,508,58.9,4228,8.3,8.6,39,14,148.6,117,364,3.1,11
36,Payton Thorne,Michigan State,Big Ten,13,235,389,60.4,3232,8.3,8.5,27,10,148.0,82,181,2.2,4
37,Daniel Richardson,Central Michigan,MAC,13,191,316,60.4,2633,8.3,9.0,24,6,151.7,23,-38,-1.7,0
38,DeQuan Finn,Toledo,MAC,13,144,250,57.6,2067,8.3,9.3,18,2,149.2,112,502,4.5,9
39,Jack Coan,Notre Dame,Ind,13,253,386,65.5,3150,8.2,8.6,25,7,151.8,57,-100,-1.8,2
40,Jake Bentley,South Alabama,Sun Belt,10,212,303,70.0,2476,8.2,8.1,17,8,151.8,47,-8,-0.2,4
41,Tanner Morgan,Minnesota,Big Ten,13,149,250,59.6,2044,8.2,7.4,10,9,134.3,59,-9,-0.2,2
42,Taulia Tagovailoa,Maryland,Big Ten,13,328,474,69.2,3860,8.1,8.2,26,11,151.1,80,81,1.0,2
43,Casey Thompson,Texas,Big 12,12,165,261,63.2,2113,8.1,8.4,24,9,154.7,55,157,2.9,4
44,Carson Strong,Nevada,MWC,12,366,522,70.1,4175,8.0,8.7,36,8,157.0,51,-208,-4.1,0
45,Tanner Mordecai,SMU,American,12,308,454,67.8,3628,8.0,8.5,39,12,158.0,74,202,2.7,2
46,Grant Wells,Marshall,CUSA,13,295,444,66.4,3535,8.0,7.4,16,13,139.4,60,56,0.9,7
47,Devin Leary,North Carolina State,ACC,12,283,431,65.7,3433,8.0,9.1,35,5,157.0,54,-73,-1.4,2
48,Davis Brin,Tulsa,American,13,244,411,59.4,3269,8.0,7.1,18,16,132.8,68,75,1.1,1
49,Frank Harris,UTSA,CUSA,14,263,398,66.1,3177,8.0,8.7,27,6,152.5,109,566,5.2,6
50,Will Levis,Kentucky,SEC,13,233,353,66.0,2826,8.0,7.7,24,13,148.3,107,376,3.5,9
51,N'Kosi Perry,Florida Atlantic,CUSA,12,210,346,60.7,2771,8.0,8.3,20,7,143.0,106,154,1.5,4
52,Gerry Bohanon,Baylor,Big 12,12,173,275,62.9,2200,8.0,8.2,18,7,146.6,76,323,4.3,9
53,Chevan Cordeiro,Hawaii,MWC,11,195,353,55.2,2793,7.9,7.5,17,11,131.4,116,342,2.9,3
54,Emory Jones,Florida,SEC,13,224,346,64.7,2734,7.9,7.3,19,13,141.7,143,759,5.3,4
55,Chris Reynolds,Charlotte,CUSA,11,216,338,63.9,2680,7.9,8.3,26,9,150.6,86,164,1.9,4
56,Cade McNamara,Michigan,Big Ten,14,210,327,64.2,2576,7.9,8.0,15,6,141.9,37,26,0.7,1
57,Jayden Daniels,Arizona State,Pac-12,13,197,301,65.4,2381,7.9,7.1,10,10,136.2,138,710,5.1,6
58,Jordan Travis,Florida State,ACC,10,122,194,62.9,1539,7.9,8.1,15,6,148.9,134,530,4.0,7
59,Brock Purdy,Iowa State,Big 12,13,292,407,71.7,3188,7.8,7.9,19,8,149.0,85,238,2.8,1
60,Todd Centeio,Colorado State,MWC,12,229,380,60.3,2958,7.8,7.4,15,10,133.4,131,439,3.4,2
61,Jayden De Laura,Washington State,Pac-12,12,227,359,63.2,2798,7.8,7.9,23,9,144.8,46,67,1.5,3
62,Cameron Rising,Utah,Pac-12,13,204,320,63.8,2493,7.8,8.3,20,5,146.7,74,499,6.7,6
63,Hank Bachmeier,Boise State,MWC,12,252,401,62.8,3079,7.7,7.8,20,8,139.8,60,-20,-0.3,0
64,Anthony Brown,Oregon,Pac-12,14,250,390,64.1,2989,7.7,7.8,19,7,141.0,151,658,4.4,9
65,Braxton Burmeister,Virginia Tech,ACC,12,142,255,55.7,1960,7.7,8.1,14,4,135.2,117,521,4.5,2
66,Holton Ahlers,East Carolina,American,12,256,414,61.8,3126,7.6,7.3,18,10,134.8,116,204,1.8,6
67,Ben Bryant,Eastern Michigan,MAC,13,279,408,68.4,3121,7.6,7.6,14,7,140.5,87,-43,-0.5,2
68,Rocky Lombardi,Northern Illinois,MAC,13,200,343,58.3,2597,7.6,7.4,15,8,131.7,94,473,5.0,9
69,Hayden Wolff,Old Dominion,CUSA,10,159,253,62.8,1933,7.6,7.2,10,7,134.5,14,-92,-6.6,0
70,Levi Lewis,Louisiana,Sun Belt,14,236,391,60.4,2917,7.5,8.0,20,4,137.9,100,343,3.4,5
71,Max Johnson,LSU,SEC,12,225,373,60.3,2815,7.5,8.3,27,6,144.4,78,-41,-0.5,1
72,Darren Grainger,Georgia State,Sun Belt,13,136,228,59.6,1715,7.5,8.4,19,4,146.8,133,660,5.0,3
73,Tanner McKee,Stanford,Pac-12,10,206,315,65.4,2327,7.4,7.3,15,7,138.7,61,4,0.1,4
74,Sean Clifford,Penn State,Big Ten,13,261,428,61.0,3107,7.3,7.4,21,8,134.4,99,163,1.6,2
75,Jarret Doege,West Virginia,Big 12,13,272,417,65.2,3048,7.3,6.9,19,12,135.9,66,-162,-2.5,1
76,Chase Garbers,California,Pac-12,11,223,347,64.3,2531,7.3,7.2,16,8,136.1,104,456,4.4,4
77,Michael Pratt,Tulane,American,11,189,328,57.6,2381,7.3,7.4,21,8,134.8,104,154,1.5,5
78,Gunnar Holmberg,Duke,ACC,11,217,324,67.0,2358,7.3,6.6,7,8,130.3,88,167,1.9,6
79,Spencer Sanders,Oklahoma State,Big 12,13,243,392,62.0,2839,7.2,6.9,20,12,133.5,146,668,4.6,6
80,Kedon Slovis,USC,Pac-12,9,193,297,65.0,2153,7.2,6.8,11,8,132.7,26,-36,-1.4,0
81,Timmy Mcclain,South Florida,American,11,145,262,55.3,1888,7.2,6.4,5,7,116.8,123,238,1.9,4
82,Layne Hatcher,Arkansas State,Sun Belt,11,201,341,58.9,2423,7.1,6.5,19,13,129.4,50,-54,-1.1,1
83,Bo Nix,Auburn,SEC,10,197,323,61.0,2294,7.1,7.4,11,3,130.0,57,168,2.9,4
84,Kyle Vantrease,Buffalo,MAC,10,161,262,61.5,1861,7.1,6.7,8,6,126.6,31,115,3.7,3
85,Cameron Friel,UNLV,MWC,9,141,226,62.4,1608,7.1,5.5,6,11,121.2,46,-74,-1.6,0
86,Kurtis Rourke,Ohio,MAC,10,169,258,65.5,1801,7.0,6.6,11,7,132.8,74,327,4.4,3
87,Will Rogers,Mississippi State,SEC,13,505,683,73.9,4739,6.9,7.4,36,9,147.0,62,-97,-1.6,0
88,Graham Mertz,Wisconsin,Big Ten,13,169,284,59.5,1958,6.9,5.9,10,11,121.3,37,-25,-0.7,4
89,Jason Bean,Kansas,Big 12,10,102,181,56.4,1252,6.9,6.1,6,6,118.8,92,400,4.3,2
90,Connor Bazelak,Missouri,SEC,11,246,377,65.3,2548,6.8,6.3,16,11,130.2,33,-23,-0.7,0
91,Dylan Morris,Washington,Pac-12,11,220,363,60.6,2458,6.8,6.1,14,12,123.6,46,-25,-0.5,3
92,Zach Calzada,Texas A&M,SEC,12,184,327,56.3,2185,6.7,6.5,17,9,124.0,35,-9,-0.3,1
93,Austin Aune,North Texas,CUSA,13,151,295,51.2,1991,6.7,6.0,9,9,111.8,80,325,4.1,3
94,Matt McDonald,Bowling Green State,MAC,12,236,393,60.1,2555,6.5,6.3,12,7,121.2,80,13,0.2,4
95,Spencer Petras,Iowa,Big Ten,12,165,288,57.3,1880,6.5,5.8,10,9,117.3,48,-109,-2.3,5
96,Mikey Keene,UCF,American,11,173,272,63.6,1730,6.4,6.6,17,6,133.2,35,-36,-1.0,1
97,Lucas Johnson,San Diego State,MWC,12,138,223,61.9,1424,6.4,6.7,12,4,129.7,52,181,3.5,1
98,Jonah Johnson,New Mexico State,Ind,11,257,439,58.5,2705,6.2,5.8,10,8,114.2,130,166,1.3,4
99,Drew Plitt,Ball State,MAC,13,248,411,60.3,2541,6.2,6.4,18,6,123.8,81,131,1.6,2
100,Garrett Shrader,Syracuse,ACC,12,123,234,52.6,1445,6.2,6.2,9,4,113.7,173,781,4.5,14
101,Noah Vedral,Rutgers,Big Ten,13,181,304,59.5,1854,6.1,5.5,7,7,113.8,102,297,2.9,2
102,D.J. Uiagalelei,Clemson,ACC,13,208,374,55.6,2246,6.0,5.3,9,10,108.7,105,308,2.9,4
103,Will Plummer,Arizona,Pac-12,10,155,267,58.1,1610,6.0,5.0,6,9,109.4,60,138,2.3,2
104,Brendon Lewis,Colorado,Pac-12,12,149,257,58.0,1540,6.0,6.2,10,3,118.8,98,188,1.9,2
105,Steven Krajewski,Connecticut,Ind,9,122,231,52.8,1217,5.3,3.9,7,10,98.4,61,173,2.8,3
